id,wave,track,part,section,subsubject,domain,topic,item_archetype,cognitive_demand,difficulty,access,language,stimulus_id,stem,choice_A,choice_B,choice_C,choice_D,correct_choice,rationale,solution_steps,high_yield_takeaway,estimated_time_seconds,calculator_policy,diagram_required,originality_check,accuracy_review,status
DOST-W4-001,4,Undergraduate,Part I — Logical Reasoning,Verbal Reasoning,Verbal Reasoning,VR1 — Analogies and Semantic Relationships,instrument and measured quantity,VR-ANA,Recognition/Recall,Easy,Free,English,,Instrument Analogy 1: THERMOMETER : TEMPERATURE :: BAROMETER : ____,pressure,humidity,altitude,speed,A,A thermometer measures temperature; a barometer measures pressure.,,State the relationship in words before checking the choices.,45,No calculator,False,Passed,Passed,Approved for Distribution
DOST-W4-002,4,Undergraduate,Part I — Logical Reasoning,Verbal Reasoning,Verbal Reasoning,VR1 — Analogies and Semantic Relationships,plan and resulting work,VR-ANA,Recognition/Recall,Easy,Free,English,,BLUEPRINT : BUILDING :: SCORE : ____,audience,symphony,stage,ticket,B,A blueprint guides construction of a building; a score guides performance of a symphony.,,State the relationship in words before checking the choices.,45,No calculator,False,Passed,Passed,Approved for Distribution
DOST-W4-003,4,Undergraduate,Part I — Logical Reasoning,Verbal Reasoning,Verbal Reasoning,VR1 — Analogies and Semantic Relationships,early developmental form,VR-ANA,Recognition/Recall,Easy,Free,English,,Development Analogy: SEED : PLANT :: EGG : ____,nest,feather,bird,wing,C,A seed can develop into a plant; an egg can develop into a bird.,,State the relationship in words before checking the choices.,45,No calculator,False,Passed,Passed,Approved for Distribution
DOST-W4-004,4,Undergraduate,Part I — Logical Reasoning,Verbal Reasoning,Verbal Reasoning,VR1 — Analogies and Semantic Relationships,barrier and excluded item,VR-ANA,Recognition/Recall,Easy,Free,English,,FILTER : IMPURITIES :: CHECKPOINT : ____,traffic lane,uniform,ticket booth,unauthorized access,D,A filter blocks impurities; a checkpoint blocks unauthorized access.,,State the relationship in words before checking the choices.,45,No calculator,False,Passed,Passed,Approved for Distribution
DOST-W4-005,4,Undergraduate,Part I — Logical Reasoning,Verbal Reasoning,Verbal Reasoning,VR1 — Analogies and Semantic Relationships,collection and contents,VR-ANA,Recognition/Recall,Easy,Free,English,,ARCHIVE : RECORDS :: HERBARIUM : ____,preserved plants,live animals,minerals,weather maps,A,An archive stores records; a herbarium stores preserved plant specimens.,,State the relationship in words before checking the choices.,45,No calculator,False,Passed,Passed,Approved for Distribution
DOST-W4-006,4,Undergraduate,Part I — Logical Reasoning,Verbal Reasoning,Verbal Reasoning,VR1 — Analogies and Semantic Relationships,reference tool and information,VR-ANA,Recognition/Recall,Easy,Free,English,,Reference Tool Analogy: COMPASS : DIRECTION :: CALENDAR : ____,distance,date,temperature,weight,B,A compass indicates direction; a calendar indicates date.,,State the relationship in words before checking the choices.,45,No calculator,False,Passed,Passed,Approved for Distribution
DOST-W4-007,4,Undergraduate,Part I — Logical Reasoning,Verbal Reasoning,Verbal Reasoning,VR1 — Analogies and Semantic Relationships,cause and developed capacity,VR-ANA,Recognition/Recall,Easy,Premium,English,,Capacity Analogy: VACCINE : IMMUNITY :: PRACTICE : ____,fatigue,schedule,skill,equipment,C,A vaccine develops immunity; practice develops skill.,,State the relationship in words before checking the choices.,45,No calculator,False,Passed,Passed,Approved for Distribution
DOST-W4-008,4,Undergraduate,Part I — Logical Reasoning,Verbal Reasoning,Verbal Reasoning,VR1 — Analogies and Semantic Relationships,process and affected material,VR-ANA,Recognition/Recall,Easy,Premium,English,,Material Process Analogy: ERODE : ROCK :: CORRODE : ____,water,glass,air,metal,D,Erosion wears away rock; corrosion degrades metal.,,State the relationship in words before checking the choices.,45,No calculator,False,Passed,Passed,Approved for Distribution
DOST-W4-009,4,Undergraduate,Part I — Logical Reasoning,Verbal Reasoning,Verbal Reasoning,VR2 — Coded Words and Transformations,letter transformation rules,VR-COD,Multi-step Application,Easy,Free,English,,A code moves every letter two places backward in the alphabet. How is NOTE written?,LMRC,LMTC,PQVG,LNSC,A,"N→L, O→M, T→R, and E→C, so NOTE becomes LMRC.",,Apply the rule in the stated order and track every letter.,65,No calculator,False,Passed,Passed,Approved for Distribution
DOST-W4-010,4,Undergraduate,Part I — Logical Reasoning,Verbal Reasoning,Verbal Reasoning,VR2 — Coded Words and Transformations,letter transformation rules,VR-COD,Multi-step Application,Easy,Premium,English,,A code reverses a word and then moves the first resulting letter one place forward. How is PLANT coded?,TNALP,UNALP,TNBMQ,UNBMQ,B,PLANT reversed is TNALP; changing the first T to U gives UNALP.,,Apply the rule in the stated order and track every letter.,65,No calculator,False,Passed,Passed,Approved for Distribution
DOST-W4-011,4,Undergraduate,Part I — Logical Reasoning,Verbal Reasoning,Verbal Reasoning,VR2 — Coded Words and Transformations,letter transformation rules,VR-COD,Multi-step Application,Easy,Premium,English,,"Letters in odd positions remain unchanged, while letters in even positions move one place forward. How is CABLE coded?",CBCLF,DBBMF,CBBME,CABMF,C,"C stays C, A→B, B stays B, L→M, and E stays E, producing CBBME.",,Apply the rule in the stated order and track every letter.,65,No calculator,False,Passed,Passed,Approved for Distribution
DOST-W4-012,4,Undergraduate,Part I — Logical Reasoning,Verbal Reasoning,Verbal Reasoning,VR2 — Coded Words and Transformations,letter transformation rules,VR-COD,Multi-step Application,Easy,Premium,English,,"Using A=1, B=2, …, Z=26, what word is 19-15-12-1-18?",SONAR,POLAR,SOLID,SOLAR,D,"19=S, 15=O, 12=L, 1=A, and 18=R.",,Apply the rule in the stated order and track every letter.,65,No calculator,False,Passed,Passed,Approved for Distribution
DOST-W4-013,4,Undergraduate,Part I — Logical Reasoning,Verbal Reasoning,Verbal Reasoning,VR2 — Coded Words and Transformations,letter transformation rules,VR-COD,Multi-step Application,Easy,Premium,English,,A code places the last letter first and leaves the remaining letters in order. How is CLOUD written?,DCLOU,DCOUL,UCLOD,CLOUD,A,Moving the final D to the front gives DCLOU.,,Apply the rule in the stated order and track every letter.,65,No calculator,False,Passed,Passed,Approved for Distribution
DOST-W4-014,4,Undergraduate,Part I — Logical Reasoning,Verbal Reasoning,Verbal Reasoning,VR2 — Coded Words and Transformations,letter transformation rules,VR-COD,Multi-step Application,Easy,Premium,English,,"A code replaces each vowel with the next vowel in the cycle A→E→I→O→U→A, leaving consonants unchanged. How is TAPE coded?",TEPA,TEPI,TIPE,TUPO,B,"A→E and E→I, while T and P remain unchanged: TEPI.",,Apply the rule in the stated order and track every letter.,65,No calculator,False,Passed,Passed,Approved for Distribution
DOST-W4-015,4,Undergraduate,Part I — Logical Reasoning,Verbal Reasoning,Verbal Reasoning,VR2 — Coded Words and Transformations,letter transformation rules,VR-COD,Multi-step Application,Moderate,Premium,English,,A word's code value is the sum of the alphabet positions of its first two letters. What is the code value of DATA?,4,21,5,25,C,"D=4 and A=1, so the value is 5.",,Apply the rule in the stated order and track every letter.,65,No calculator,False,Passed,Passed,Approved for Distribution
DOST-W4-016,4,Undergraduate,Part I — Logical Reasoning,Verbal Reasoning,Verbal Reasoning,VR2 — Coded Words and Transformations,letter transformation rules,VR-COD,Multi-step Application,Moderate,Premium,English,,A code swaps each adjacent pair of letters. How is MARKET written?,AMRKTE,MRAKET,AMKRET,AMKRTE,D,"MA→AM, RK→KR, and ET→TE, producing AMKRTE.",,Apply the rule in the stated order and track every letter.,65,No calculator,False,Passed,Passed,Approved for Distribution
DOST-W4-017,4,Undergraduate,Part I — Logical Reasoning,Verbal Reasoning,Verbal Reasoning,VR3 — Syllogisms and Deductive Logic,conditional and categorical deduction,VR-LOG,Analysis/Evaluation,Moderate,Free,English,,All solar-powered lamps require stored energy for nighttime use. Lamp K is solar-powered and works at night. Which statement must be true?,Lamp K has stored energy available.,Lamp K never receives sunlight.,All lamps are solar-powered.,Stored energy is unnecessary.,A,The stated class condition applies to Lamp K.,,Use only conclusions forced by the premises.,75,No calculator,False,Passed,Passed,Approved for Distribution
DOST-W4-018,4,Undergraduate,Part I — Logical Reasoning,Verbal Reasoning,Verbal Reasoning,VR3 — Syllogisms and Deductive Logic,conditional and categorical deduction,VR-LOG,Analysis/Evaluation,Moderate,Premium,English,,No sample in Batch A exceeded the contamination limit. Sample R belongs to Batch A. What follows?,R contains no microorganisms.,R did not exceed the contamination limit.,All other batches are contaminated.,R was never tested.,B,Every member of Batch A satisfies the stated limit condition.,,Use only conclusions forced by the premises.,75,No calculator,False,Passed,Passed,Approved for Distribution
DOST-W4-019,4,Undergraduate,Part I — Logical Reasoning,Verbal Reasoning,Verbal Reasoning,VR3 — Syllogisms and Deductive Logic,conditional and categorical deduction,VR-LOG,Analysis/Evaluation,Moderate,Premium,English,,"If the network link fails, the backup route activates. The backup route did not activate. What conclusion follows under the stated rule?",The network link was fast.,The router had no power.,The network link did not fail.,The backup route is unnecessary.,C,The contrapositive of the stated conditional is valid.,,Use only conclusions forced by the premises.,75,No calculator,False,Passed,Passed,Approved for Distribution
DOST-W4-020,4,Undergraduate,Part I — Logical Reasoning,Verbal Reasoning,Verbal Reasoning,VR3 — Syllogisms and Deductive Logic,conditional and categorical deduction,VR-LOG,Analysis/Evaluation,Moderate,Premium,English,,All accredited laboratories keep calibration records. Laboratory X keeps calibration records. What can be concluded?,X is accredited.,X failed accreditation.,Only X keeps records.,X may or may not be accredited.,D,"Keeping records is necessary for accreditation, but the premise does not say it is sufficient.",,Use only conclusions forced by the premises.,75,No calculator,False,Passed,Passed,Approved for Distribution
DOST-W4-021,4,Undergraduate,Part I — Logical Reasoning,Verbal Reasoning,Verbal Reasoning,VR3 — Syllogisms and Deductive Logic,conditional and categorical deduction,VR-LOG,Analysis/Evaluation,Moderate,Premium,English,,Some coastal communities use elevated storage tanks. All communities using elevated storage tanks in the survey had gravity-fed emergency water. What follows?,Some coastal communities had gravity-fed emergency water.,Every coastal community used elevated tanks.,Only coastal communities had emergency water.,No community used pumps.,A,The coastal communities with elevated tanks are within the group having gravity-fed emergency water.,,Use only conclusions forced by the premises.,75,No calculator,False,Passed,Passed,Approved for Distribution
DOST-W4-022,4,Undergraduate,Part I — Logical Reasoning,Verbal Reasoning,Verbal Reasoning,VR3 — Syllogisms and Deductive Logic,conditional and categorical deduction,VR-LOG,Analysis/Evaluation,Moderate,Premium,English,,No biodegradable packaging in the trial contained conventional plastic film. Package M contained conventional plastic film. Which conclusion is valid?,M was made of glass.,M was not biodegradable packaging in the trial.,All plastic films are nonbiodegradable everywhere.,M was not part of any trial.,B,"Within the trial, the two categories do not overlap.",,Use only conclusions forced by the premises.,75,No calculator,False,Passed,Passed,Approved for Distribution
DOST-W4-023,4,Undergraduate,Part I — Logical Reasoning,Verbal Reasoning,Verbal Reasoning,VR3 — Syllogisms and Deductive Logic,conditional and categorical deduction,VR-LOG,Analysis/Evaluation,Moderate,Premium,English,,Every team that reached the final submitted a technical report. Team Orion did not submit a technical report. What follows?,Team Orion won the final.,The final was cancelled.,Team Orion did not reach the final.,Every nonfinalist lacked a report.,C,"By contraposition, failure to meet the required condition rules out reaching the final.",,Use only conclusions forced by the premises.,75,No calculator,False,Passed,Passed,Approved for Distribution
DOST-W4-024,4,Undergraduate,Part I — Logical Reasoning,Verbal Reasoning,Verbal Reasoning,VR3 — Syllogisms and Deductive Logic,conditional and categorical deduction,VR-LOG,Analysis/Evaluation,Moderate,Premium,English,,Some low-cost sensors were highly precise. No highly precise sensor in the study had unstable readings. Which conclusion follows?,Every low-cost sensor was precise.,Only expensive sensors were stable.,No sensor produced readings.,Some low-cost sensors did not have unstable readings.,D,The low-cost sensors that were highly precise belong to the stable group.,,Use only conclusions forced by the premises.,75,No calculator,False,Passed,Passed,Approved for Distribution
DOST-W4-025,4,Undergraduate,Part I — Logical Reasoning,Verbal Reasoning,Verbal Reasoning,VR3 — Syllogisms and Deductive Logic,conditional and categorical deduction,VR-LOG,Analysis/Evaluation,Moderate,Premium,English,,All emergency exits are unobstructed. Door Q is obstructed. Which conclusion must be true?,Door Q is not an emergency exit under the stated conditions.,Door Q is locked.,All doors are obstructed.,Emergency exits are optional.,A,An obstructed door contradicts the defining condition of every emergency exit.,,Use only conclusions forced by the premises.,75,No calculator,False,Passed,Passed,Approved for Distribution
DOST-W4-026,4,Undergraduate,Part I — Logical Reasoning,Verbal Reasoning,Verbal Reasoning,VR3 — Syllogisms and Deductive Logic,conditional and categorical deduction,VR-LOG,Analysis/Evaluation,Moderate,Premium,English,,Some scholarship applicants are science-club officers. All science-club officers received leadership certificates. What follows?,Every applicant is a science-club officer.,Some scholarship applicants received leadership certificates.,Only officers received certificates.,No applicant lacked a certificate.,B,The applicants who are officers received certificates.,,Use only conclusions forced by the premises.,75,No calculator,False,Passed,Passed,Approved for Distribution
DOST-W4-027,4,Undergraduate,Part I — Logical Reasoning,Verbal Reasoning,Verbal Reasoning,VR4 — Ordering and Comparative Logic,ranking and spatial ordering,VR-LOG,Multi-step Application,Moderate,Free,English,,Eli finished before Faye. Gio finished after Faye but before Hana. Who finished last?,Eli,Faye,Hana,Gio,C,"The order is Eli, Faye, Gio, Hana.",,Convert every comparison into one chain or coordinate map.,70,No calculator,False,Passed,Passed,Approved for Distribution
DOST-W4-028,4,Undergraduate,Part I — Logical Reasoning,Verbal Reasoning,Verbal Reasoning,VR4 — Ordering and Comparative Logic,ranking and spatial ordering,VR-LOG,Multi-step Application,Moderate,Premium,English,,Box P is lighter than Q. R is heavier than P but lighter than S. Q is lighter than R. Which is heaviest?,P,Q,R,S,D,The order is S > R > Q > P.,,Convert every comparison into one chain or coordinate map.,70,No calculator,False,Passed,Passed,Approved for Distribution
DOST-W4-029,4,Undergraduate,Part I — Logical Reasoning,Verbal Reasoning,Verbal Reasoning,VR4 — Ordering and Comparative Logic,ranking and spatial ordering,VR-LOG,Multi-step Application,Moderate,Premium,English,,"Point B is east of Point A. Point C is north of B. Relative to A, C is:",northeast,northwest,southeast,southwest,A,Moving east and then north places C northeast of A.,,Convert every comparison into one chain or coordinate map.,70,No calculator,False,Passed,Passed,Approved for Distribution
DOST-W4-030,4,Undergraduate,Part I — Logical Reasoning,Verbal Reasoning,Verbal Reasoning,VR4 — Ordering and Comparative Logic,ranking and spatial ordering,VR-LOG,Multi-step Application,Moderate,Premium,English,,Jessa arrives after Kara but before Lino. Mico arrives after Lino. Who arrives first?,Jessa,Kara,Lino,Mico,B,"The order is Kara, Jessa, Lino, Mico.",,Convert every comparison into one chain or coordinate map.,70,No calculator,False,Passed,Passed,Approved for Distribution
DOST-W4-031,4,Undergraduate,Part I — Logical Reasoning,Verbal Reasoning,Verbal Reasoning,VR4 — Ordering and Comparative Logic,ranking and spatial ordering,VR-LOG,Multi-step Application,Moderate,Premium,English,,Liquid W boils at a lower temperature than X. Y boils higher than X but lower than Z. Which boils second highest?,W,X,Y,Z,C,The order is Z > Y > X > W.,,Convert every comparison into one chain or coordinate map.,70,No calculator,False,Passed,Passed,Approved for Distribution
DOST-W4-032,4,Undergraduate,Part I — Logical Reasoning,Verbal Reasoning,Verbal Reasoning,VR4 — Ordering and Comparative Logic,ranking and spatial ordering,VR-LOG,Multi-step Application,Moderate,Premium,English,,Team A scored less than B but more than C. Team D scored more than B. Who placed third?,B,C,D,A,D,"The order is D, B, A, C.",,Convert every comparison into one chain or coordinate map.,70,No calculator,False,Passed,Passed,Approved for Distribution
DOST-W4-033,4,Undergraduate,Part I — Logical Reasoning,Verbal Reasoning,Verbal Reasoning,VR4 — Ordering and Comparative Logic,ranking and spatial ordering,VR-LOG,Multi-step Application,Moderate,Premium,English,,Machine H completes a cycle faster than J. K is slower than H but faster than J. Which order is correct from fastest to slowest?,"H, K, J","K, H, J","H, J, K","J, K, H",A,K lies between H and J.,,Convert every comparison into one chain or coordinate map.,70,No calculator,False,Passed,Passed,Approved for Distribution
DOST-W4-034,4,Undergraduate,Part I — Logical Reasoning,Verbal Reasoning,Verbal Reasoning,VR4 — Ordering and Comparative Logic,ranking and spatial ordering,VR-LOG,Multi-step Application,Moderate,Premium,English,,"Point M is south of N. O is east of M. P is north of O by the same distance that M is south of N. Relative to N, P is:",west,east,north,south,B,"The vertical displacements cancel, leaving P east of N.",,Convert every comparison into one chain or coordinate map.,70,No calculator,False,Passed,Passed,Approved for Distribution
DOST-W4-035,4,Undergraduate,Part I — Logical Reasoning,Verbal Reasoning,Verbal Reasoning,VR4 — Ordering and Comparative Logic,ranking and spatial ordering,VR-LOG,Multi-step Application,Moderate,Premium,English,,File A is larger than B. C is smaller than A but larger than D. B is larger than C. Which is smallest?,A,B,D,C,C,The order is A > B > C > D.,,Convert every comparison into one chain or coordinate map.,70,No calculator,False,Passed,Passed,Approved for Distribution
DOST-W4-036,4,Undergraduate,Part I — Logical Reasoning,Verbal Reasoning,Verbal Reasoning,VR4 — Ordering and Comparative Logic,ranking and spatial ordering,VR-LOG,Multi-step Application,Moderate,Premium,English,,Device L consumes more power than M. N consumes less than O but more than L. Which consumes the most?,L,M,N,O,D,O > N > L > M.,,Convert every comparison into one chain or coordinate map.,70,No calculator,False,Passed,Passed,Approved for Distribution
DOST-W4-037,4,Undergraduate,Part I — Logical Reasoning,Verbal Reasoning,Verbal Reasoning,VR5 — Inference and Argument Analysis,"evidence, confounding, and assumptions",VR-LOG,Analysis/Evaluation,Difficult,Free,English,,A clinic claims text reminders reduced missed appointments. Which evidence best supports the claim?,Matched patients receiving reminders missed fewer appointments than a comparable no-reminder group.,The messages used blue text.,The clinic bought new chairs.,Appointments occurred on weekdays.,A,A comparable control group directly tests the reminder effect.,,Prefer controlled comparisons and conclusions no broader than the evidence.,95,No calculator,False,Passed,Passed,Approved for Distribution
DOST-W4-038,4,Undergraduate,Part I — Logical Reasoning,Verbal Reasoning,Verbal Reasoning,VR5 — Inference and Argument Analysis,"evidence, confounding, and assumptions",VR-LOG,Analysis/Evaluation,Difficult,Premium,English,,A school claims a new reading program improved comprehension. Which design is strongest?,Ask only program volunteers whether they enjoyed it.,Randomly assign similar students to the program or usual instruction and compare gains.,Compare this year's class with a class from ten years ago without controls.,Measure reading speed before the program only.,B,Random assignment and before-after comparison best isolate the program.,,Prefer controlled comparisons and conclusions no broader than the evidence.,95,No calculator,False,Passed,Passed,Approved for Distribution
DOST-W4-039,4,Undergraduate,Part I — Logical Reasoning,Verbal Reasoning,Verbal Reasoning,VR5 — Inference and Argument Analysis,"evidence, confounding, and assumptions",VR-LOG,Analysis/Evaluation,Difficult,Premium,English,,A report finds that households with solar panels have lower electricity bills. Which fact most weakens a causal claim?,Solar panels produce electricity.,Bills are measured in pesos.,Solar households may also use more efficient appliances and consume less electricity.,Homes have roofs.,C,Other household differences could confound the association.,,Prefer controlled comparisons and conclusions no broader than the evidence.,95,No calculator,False,Passed,Passed,Approved for Distribution
DOST-W4-040,4,Undergraduate,Part I — Logical Reasoning,Verbal Reasoning,Verbal Reasoning,VR5 — Inference and Argument Analysis,"evidence, confounding, and assumptions",VR-LOG,Analysis/Evaluation,Difficult,Premium,English,,"Which assumption is required for the proposal, “Installing bicycle racks will increase bicycle commuting”?",Every employee owns a bicycle.,Weather never affects travel.,Racks eliminate traffic.,Lack of secure parking discourages at least some potential cyclists.,D,The intervention can change behavior only if parking availability is a relevant barrier.,,Prefer controlled comparisons and conclusions no broader than the evidence.,95,No calculator,False,Passed,Passed,Approved for Distribution
DOST-W4-041,4,Undergraduate,Part I — Logical Reasoning,Verbal Reasoning,Verbal Reasoning,VR5 — Inference and Argument Analysis,"evidence, confounding, and assumptions",VR-LOG,Analysis/Evaluation,Difficult,Premium,English,,A pilot filter removed 92% of sediment in two small tanks. Which conclusion is most responsible?,"The filter performed well in the pilot conditions, but larger and longer trials are needed.",The filter will remove every pollutant in all rivers.,The filter is permanently failure-proof.,No alternative design should be tested.,A,The limited evidence supports a qualified conclusion.,,Prefer controlled comparisons and conclusions no broader than the evidence.,95,No calculator,False,Passed,Passed,Approved for Distribution
DOST-W4-042,4,Undergraduate,Part I — Logical Reasoning,Verbal Reasoning,Verbal Reasoning,VR5 — Inference and Argument Analysis,"evidence, confounding, and assumptions",VR-LOG,Analysis/Evaluation,Difficult,Premium,English,,Which evidence most strongly supports adding a pedestrian signal near a school?,The intersection has four corners.,Repeated observations show long crossing delays and frequent unsafe gaps during arrival hours.,The school building is painted white.,Some vehicles are blue.,B,The evidence directly documents the problem the signal addresses.,,Prefer controlled comparisons and conclusions no broader than the evidence.,95,No calculator,False,Passed,Passed,Approved for Distribution
DOST-W4-043,4,Undergraduate,Part I — Logical Reasoning,Verbal Reasoning,Verbal Reasoning,VR5 — Inference and Argument Analysis,"evidence, confounding, and assumptions",VR-LOG,Analysis/Evaluation,Difficult,Premium,English,,A class with standing desks reported less fatigue than another class. What would most strengthen the conclusion that the desks caused the difference?,A larger poster about standing,A survey of only the standing-desk class,Comparable classes randomly assigned to desk type with the same schedule and workload,A different teacher and subject in each class,C,Random assignment and controlled conditions reduce confounding.,,Prefer controlled comparisons and conclusions no broader than the evidence.,95,No calculator,False,Passed,Passed,Approved for Distribution
DOST-W4-044,4,Undergraduate,Part I — Logical Reasoning,Verbal Reasoning,Verbal Reasoning,VR5 — Inference and Argument Analysis,"evidence, confounding, and assumptions",VR-LOG,Analysis/Evaluation,Difficult,Premium,English,,A city moves permit applications online. Which condition is most important to avoid excluding residents?,Require a high-end computer.,Remove all phone support.,Use only technical language.,Provide assisted or offline options for people without reliable digital access.,D,Equitable access requires alternatives to the online channel.,,Prefer controlled comparisons and conclusions no broader than the evidence.,95,No calculator,False,Passed,Passed,Approved for Distribution
DOST-W4-045,4,Undergraduate,Part I — Logical Reasoning,Verbal Reasoning,Verbal Reasoning,VR5 — Inference and Argument Analysis,"evidence, confounding, and assumptions",VR-LOG,Analysis/Evaluation,Difficult,Premium,English,,Which finding best supports the claim that shade trees reduce cooling demand?,Similar buildings with mature shade trees used less afternoon air-conditioning energy during matched weather.,Trees have green leaves.,Cooling systems use electricity.,Some buildings have windows.,A,The matched energy comparison directly supports the claim.,,Prefer controlled comparisons and conclusions no broader than the evidence.,95,No calculator,False,Passed,Passed,Approved for Distribution
DOST-W4-046,4,Undergraduate,Part I — Logical Reasoning,Verbal Reasoning,Verbal Reasoning,VR5 — Inference and Argument Analysis,"evidence, confounding, and assumptions",VR-LOG,Analysis/Evaluation,Difficult,Premium,English,,A training study analyzes only participants who attended every session. Which problem may result?,The sample becomes randomly assigned.,Completion bias may exaggerate effectiveness.,All measurement error disappears.,The treatment becomes blinded.,B,Completers may differ systematically from those who dropped out.,,Prefer controlled comparisons and conclusions no broader than the evidence.,95,No calculator,False,Passed,Passed,Approved for Distribution
DOST-W4-047,4,Undergraduate,Part I — Logical Reasoning,Verbal Reasoning,Verbal Reasoning,VR7 — Short-Passage Reasoning,critical interpretation,VR-PASS,Analysis/Evaluation,Moderate,Free,English,W4-VRPASS-001,Which sentence best summarizes the rain-barrel passage?,The sensor project failed completely.,Debris always predicts flooding.,The system was improved after a practical source of error was identified.,Maintenance became unnecessary.,C,The project retained its benefit while addressing a discovered limitation.,,Choose the conclusion that respects the passage's evidence and limits.,85,No calculator,False,Passed,Passed,Approved for Distribution
DOST-W4-048,4,Undergraduate,Part I — Logical Reasoning,Verbal Reasoning,Verbal Reasoning,VR7 — Short-Passage Reasoning,critical interpretation,VR-PASS,Analysis/Evaluation,Moderate,Premium,English,W4-VRPASS-002,Which property described the original measurements?,high accuracy but low precision,neither precision nor accuracy,perfect validity,high precision but low accuracy,D,The values agreed with one another but not with the accepted value.,,Choose the conclusion that respects the passage's evidence and limits.,85,No calculator,False,Passed,Passed,Approved for Distribution
DOST-W4-049,4,Undergraduate,Part I — Logical Reasoning,Verbal Reasoning,Verbal Reasoning,VR7 — Short-Passage Reasoning,critical interpretation,VR-PASS,Analysis/Evaluation,Moderate,Premium,English,W4-VRPASS-003,Why is the library's limited trial a reasonable decision?,It uses evidence to target the period of greatest likely benefit.,It assumes attendance is constant.,It rejects all student requests.,It proves late hours are unnecessary.,A,The pilot matches the observed pattern of demand.,,Choose the conclusion that respects the passage's evidence and limits.,85,No calculator,False,Passed,Passed,Approved for Distribution
DOST-W4-050,4,Undergraduate,Part I — Logical Reasoning,Verbal Reasoning,Verbal Reasoning,VR7 — Short-Passage Reasoning,critical interpretation,VR-PASS,Analysis/Evaluation,Moderate,Premium,English,W4-VRPASS-004,Why should the town avoid attributing all improvement to the interventions?,Seawalls never work.,Storm characteristics also differed and could have affected damage.,Dunes increase every hazard.,Damage measurements are always invalid.,B,A changing external factor prevents a simple one-cause conclusion.,,Choose the conclusion that respects the passage's evidence and limits.,85,No calculator,False,Passed,Passed,Approved for Distribution
DOST-W4-051,4,Undergraduate,Part I — Logical Reasoning,Verbal Reasoning,Verbal Reasoning,VR7 — Short-Passage Reasoning,critical interpretation,VR-PASS,Analysis/Evaluation,Moderate,Premium,English,W4-VRPASS-005,Which design principle is illustrated by the revised laboratory schedule?,The shortest process is always optimal.,Checklists cause all delays.,Efficiency must be balanced with quality and safety constraints.,Cleanup is unrelated to laboratory work.,C,The final design optimizes more than speed.,,Choose the conclusion that respects the passage's evidence and limits.,85,No calculator,False,Passed,Passed,Approved for Distribution
DOST-W4-052,4,Undergraduate,Part I — Logical Reasoning,Verbal Reasoning,Verbal Reasoning,VR7 — Short-Passage Reasoning,critical interpretation,VR-PASS,Analysis/Evaluation,Difficult,Premium,English,W4-VRPASS-006,Why was standardization necessary?,Temperature has no units.,All sensors must be indoors.,Height never affects exposure.,Mounting conditions could otherwise confound location comparisons.,D,Different mounting conditions could create artificial differences.,,Choose the conclusion that respects the passage's evidence and limits.,85,No calculator,False,Passed,Passed,Approved for Distribution
DOST-W4-053,4,Undergraduate,Part I — Logical Reasoning,Verbal Reasoning,Verbal Reasoning,VR7 — Short-Passage Reasoning,critical interpretation,VR-PASS,Analysis/Evaluation,Difficult,Premium,English,W4-VRPASS-007,What reasoning step was most important?,Identifying and measuring hidden material differences,Assuming all compost was identical,Removing all comparison plots,Using the same rate regardless of composition,A,Supplier composition could explain the observed variation.,,Choose the conclusion that respects the passage's evidence and limits.,85,No calculator,False,Passed,Passed,Approved for Distribution
DOST-W4-054,4,Undergraduate,Part I — Logical Reasoning,Verbal Reasoning,Verbal Reasoning,VR7 — Short-Passage Reasoning,critical interpretation,VR-PASS,Analysis/Evaluation,Difficult,Premium,English,W4-VRPASS-008,Why is that question important?,Bulb type never affects energy use.,Different power demands could explain the runtime difference.,Battery life is independent of current.,One test always proves superiority.,B,A fair comparison requires equal loads.,,Choose the conclusion that respects the passage's evidence and limits.,85,No calculator,False,Passed,Passed,Approved for Distribution
DOST-W4-055,4,Undergraduate,Part I — Logical Reasoning,Verbal Reasoning,Verbal Reasoning,VR7 — Short-Passage Reasoning,critical interpretation,VR-PASS,Analysis/Evaluation,Difficult,Premium,English,W4-VRPASS-009,Why examine both factors?,Only one cause can ever matter.,Elevation does not affect water movement.,Several interacting causes may produce the same flood pattern.,Maps cannot guide investigation.,C,Flooding can reflect both topography and infrastructure.,,Choose the conclusion that respects the passage's evidence and limits.,85,No calculator,False,Passed,Passed,Approved for Distribution
DOST-W4-056,4,Undergraduate,Part I — Logical Reasoning,Non-Verbal Reasoning,Non-Verbal Reasoning,"NVR1 — Identical Figure, Rotation, and Reflection",rotation preserving internal order,NVR-ROT,Analysis/Evaluation,Moderate,Free,English,W4-NVRROT-010,Wave 4 Rotation Set 1: Which option is the reference figure after rotation only?,[visual choice],[visual choice],[visual choice],[visual choice],D,"The correct option preserves the same handed arrangement of the tail, circle, diamond, and internal line.",,Rotation preserves clockwise order; reflection reverses it.,80,No calculator,True,Passed,Passed,Approved for Distribution
DOST-W4-057,4,Undergraduate,Part I — Logical Reasoning,Non-Verbal Reasoning,Non-Verbal Reasoning,"NVR1 — Identical Figure, Rotation, and Reflection",rotation preserving internal order,NVR-ROT,Analysis/Evaluation,Moderate,Free,English,W4-NVRROT-011,Wave 4 Rotation Set 2: Which option is the reference figure after rotation only?,[visual choice],[visual choice],[visual choice],[visual choice],A,"The correct option preserves the same handed arrangement of the tail, circle, diamond, and internal line.",,Rotation preserves clockwise order; reflection reverses it.,80,No calculator,True,Passed,Passed,Approved for Distribution
DOST-W4-058,4,Undergraduate,Part I — Logical Reasoning,Non-Verbal Reasoning,Non-Verbal Reasoning,"NVR1 — Identical Figure, Rotation, and Reflection",rotation preserving internal order,NVR-ROT,Analysis/Evaluation,Moderate,Free,English,W4-NVRROT-012,Wave 4 Rotation Set 3: Which option is the reference figure after rotation only?,[visual choice],[visual choice],[visual choice],[visual choice],B,"The correct option preserves the same handed arrangement of the tail, circle, diamond, and internal line.",,Rotation preserves clockwise order; reflection reverses it.,80,No calculator,True,Passed,Passed,Approved for Distribution
DOST-W4-059,4,Undergraduate,Part I — Logical Reasoning,Non-Verbal Reasoning,Non-Verbal Reasoning,"NVR1 — Identical Figure, Rotation, and Reflection",rotation preserving internal order,NVR-ROT,Analysis/Evaluation,Moderate,Free,English,W4-NVRROT-013,Wave 4 Rotation Set 4: Which option is the reference figure after rotation only?,[visual choice],[visual choice],[visual choice],[visual choice],C,"The correct option preserves the same handed arrangement of the tail, circle, diamond, and internal line.",,Rotation preserves clockwise order; reflection reverses it.,80,No calculator,True,Passed,Passed,Approved for Distribution
DOST-W4-060,4,Undergraduate,Part I — Logical Reasoning,Non-Verbal Reasoning,Non-Verbal Reasoning,"NVR1 — Identical Figure, Rotation, and Reflection",rotation preserving internal order,NVR-ROT,Analysis/Evaluation,Moderate,Free,English,W4-NVRROT-014,Wave 4 Rotation Set 5: Which option is the reference figure after rotation only?,[visual choice],[visual choice],[visual choice],[visual choice],D,"The correct option preserves the same handed arrangement of the tail, circle, diamond, and internal line.",,Rotation preserves clockwise order; reflection reverses it.,80,No calculator,True,Passed,Passed,Approved for Distribution
DOST-W4-061,4,Undergraduate,Part I — Logical Reasoning,Non-Verbal Reasoning,Non-Verbal Reasoning,"NVR1 — Identical Figure, Rotation, and Reflection",rotation preserving internal order,NVR-ROT,Analysis/Evaluation,Moderate,Premium,English,W4-NVRROT-015,Wave 4 Rotation Set 6: Which option is the reference figure after rotation only?,[visual choice],[visual choice],[visual choice],[visual choice],A,"The correct option preserves the same handed arrangement of the tail, circle, diamond, and internal line.",,Rotation preserves clockwise order; reflection reverses it.,80,No calculator,True,Passed,Passed,Approved for Distribution
DOST-W4-062,4,Undergraduate,Part I — Logical Reasoning,Non-Verbal Reasoning,Non-Verbal Reasoning,"NVR1 — Identical Figure, Rotation, and Reflection",rotation preserving internal order,NVR-ROT,Analysis/Evaluation,Moderate,Premium,English,W4-NVRROT-016,Wave 4 Rotation Set 7: Which option is the reference figure after rotation only?,[visual choice],[visual choice],[visual choice],[visual choice],B,"The correct option preserves the same handed arrangement of the tail, circle, diamond, and internal line.",,Rotation preserves clockwise order; reflection reverses it.,80,No calculator,True,Passed,Passed,Approved for Distribution
DOST-W4-063,4,Undergraduate,Part I — Logical Reasoning,Non-Verbal Reasoning,Non-Verbal Reasoning,"NVR1 — Identical Figure, Rotation, and Reflection",rotation preserving internal order,NVR-ROT,Analysis/Evaluation,Moderate,Premium,English,W4-NVRROT-017,Wave 4 Rotation Set 8: Which option is the reference figure after rotation only?,[visual choice],[visual choice],[visual choice],[visual choice],C,"The correct option preserves the same handed arrangement of the tail, circle, diamond, and internal line.",,Rotation preserves clockwise order; reflection reverses it.,80,No calculator,True,Passed,Passed,Approved for Distribution
DOST-W4-064,4,Undergraduate,Part I — Logical Reasoning,Non-Verbal Reasoning,Non-Verbal Reasoning,"NVR1 — Identical Figure, Rotation, and Reflection",rotation preserving internal order,NVR-ROT,Analysis/Evaluation,Moderate,Premium,English,W4-NVRROT-018,Wave 4 Rotation Set 9: Which option is the reference figure after rotation only?,[visual choice],[visual choice],[visual choice],[visual choice],D,"The correct option preserves the same handed arrangement of the tail, circle, diamond, and internal line.",,Rotation preserves clockwise order; reflection reverses it.,80,No calculator,True,Passed,Passed,Approved for Distribution
DOST-W4-065,4,Undergraduate,Part I — Logical Reasoning,Non-Verbal Reasoning,Non-Verbal Reasoning,"NVR1 — Identical Figure, Rotation, and Reflection",rotation preserving internal order,NVR-ROT,Analysis/Evaluation,Moderate,Premium,English,W4-NVRROT-019,Wave 4 Rotation Set 10: Which option is the reference figure after rotation only?,[visual choice],[visual choice],[visual choice],[visual choice],A,"The correct option preserves the same handed arrangement of the tail, circle, diamond, and internal line.",,Rotation preserves clockwise order; reflection reverses it.,80,No calculator,True,Passed,Passed,Approved for Distribution
DOST-W4-066,4,Undergraduate,Part I — Logical Reasoning,Non-Verbal Reasoning,Non-Verbal Reasoning,NVR2 — Figure Series and Matrices,"side-count, rotation, shading, and marker progression",NVR-SER,Multi-step Application,Easy,Free,English,W4-NVRSER-020,Wave 4 Figure Series 1: Which option completes the sequence?,[visual choice],[visual choice],[visual choice],[visual choice],B,"Each step adds one side, rotates the figure, alternates shading, and advances the marker.",,Track each feature in a separate mini-sequence.,95,No calculator,True,Passed,Passed,Approved for Distribution
DOST-W4-067,4,Undergraduate,Part I — Logical Reasoning,Non-Verbal Reasoning,Non-Verbal Reasoning,NVR2 — Figure Series and Matrices,"side-count, rotation, shading, and marker progression",NVR-SER,Multi-step Application,Easy,Premium,English,W4-NVRSER-021,Wave 4 Figure Series 2: Which option completes the sequence?,[visual choice],[visual choice],[visual choice],[visual choice],C,"Each step adds one side, rotates the figure, alternates shading, and advances the marker.",,Track each feature in a separate mini-sequence.,95,No calculator,True,Passed,Passed,Approved for Distribution
DOST-W4-068,4,Undergraduate,Part I — Logical Reasoning,Non-Verbal Reasoning,Non-Verbal Reasoning,NVR2 — Figure Series and Matrices,"side-count, rotation, shading, and marker progression",NVR-SER,Multi-step Application,Easy,Premium,English,W4-NVRSER-022,Wave 4 Figure Series 3: Which option completes the sequence?,[visual choice],[visual choice],[visual choice],[visual choice],D,"Each step adds one side, rotates the figure, alternates shading, and advances the marker.",,Track each feature in a separate mini-sequence.,95,No calculator,True,Passed,Passed,Approved for Distribution
DOST-W4-069,4,Undergraduate,Part I — Logical Reasoning,Non-Verbal Reasoning,Non-Verbal Reasoning,NVR2 — Figure Series and Matrices,"side-count, rotation, shading, and marker progression",NVR-SER,Multi-step Application,Easy,Premium,English,W4-NVRSER-023,Wave 4 Figure Series 4: Which option completes the sequence?,[visual choice],[visual choice],[visual choice],[visual choice],A,"Each step adds one side, rotates the figure, alternates shading, and advances the marker.",,Track each feature in a separate mini-sequence.,95,No calculator,True,Passed,Passed,Approved for Distribution
DOST-W4-070,4,Undergraduate,Part I — Logical Reasoning,Non-Verbal Reasoning,Non-Verbal Reasoning,NVR2 — Figure Series and Matrices,"side-count, rotation, shading, and marker progression",NVR-SER,Multi-step Application,Moderate,Premium,English,W4-NVRSER-024,Wave 4 Figure Series 5: Which option completes the sequence?,[visual choice],[visual choice],[visual choice],[visual choice],B,"Each step adds one side, rotates the figure, alternates shading, and advances the marker.",,Track each feature in a separate mini-sequence.,95,No calculator,True,Passed,Passed,Approved for Distribution
DOST-W4-071,4,Undergraduate,Part I — Logical Reasoning,Non-Verbal Reasoning,Non-Verbal Reasoning,NVR2 — Figure Series and Matrices,two-direction matrix progression,NVR-SER,Analysis/Evaluation,Difficult,Premium,English,W4-NVRMAT-025,Wave 4 Visual Matrix 1: Which option completes the lower-right cell?,[visual choice],[visual choice],[visual choice],[visual choice],C,"The same side-count, line-count, rotation, and fill progression occurs across rows and down columns.",,Confirm the rule in both directions.,110,No calculator,True,Passed,Passed,Approved for Distribution
DOST-W4-072,4,Undergraduate,Part I — Logical Reasoning,Non-Verbal Reasoning,Non-Verbal Reasoning,NVR2 — Figure Series and Matrices,two-direction matrix progression,NVR-SER,Analysis/Evaluation,Difficult,Premium,English,W4-NVRMAT-026,Wave 4 Visual Matrix 2: Which option completes the lower-right cell?,[visual choice],[visual choice],[visual choice],[visual choice],D,"The same side-count, line-count, rotation, and fill progression occurs across rows and down columns.",,Confirm the rule in both directions.,110,No calculator,True,Passed,Passed,Approved for Distribution
DOST-W4-073,4,Undergraduate,Part I — Logical Reasoning,Non-Verbal Reasoning,Non-Verbal Reasoning,NVR2 — Figure Series and Matrices,two-direction matrix progression,NVR-SER,Analysis/Evaluation,Difficult,Premium,English,W4-NVRMAT-027,Wave 4 Visual Matrix 3: Which option completes the lower-right cell?,[visual choice],[visual choice],[visual choice],[visual choice],A,"The same side-count, line-count, rotation, and fill progression occurs across rows and down columns.",,Confirm the rule in both directions.,110,No calculator,True,Passed,Passed,Approved for Distribution
DOST-W4-074,4,Undergraduate,Part I — Logical Reasoning,Non-Verbal Reasoning,Non-Verbal Reasoning,NVR2 — Figure Series and Matrices,two-direction matrix progression,NVR-SER,Analysis/Evaluation,Difficult,Premium,English,W4-NVRMAT-028,Wave 4 Visual Matrix 4: Which option completes the lower-right cell?,[visual choice],[visual choice],[visual choice],[visual choice],B,"The same side-count, line-count, rotation, and fill progression occurs across rows and down columns.",,Confirm the rule in both directions.,110,No calculator,True,Passed,Passed,Approved for Distribution
DOST-W4-075,4,Undergraduate,Part I — Logical Reasoning,Non-Verbal Reasoning,Non-Verbal Reasoning,NVR2 — Figure Series and Matrices,two-direction matrix progression,NVR-SER,Analysis/Evaluation,Difficult,Premium,English,W4-NVRMAT-029,Wave 4 Visual Matrix 5: Which option completes the lower-right cell?,[visual choice],[visual choice],[visual choice],[visual choice],C,"The same side-count, line-count, rotation, and fill progression occurs across rows and down columns.",,Confirm the rule in both directions.,110,No calculator,True,Passed,Passed,Approved for Distribution
DOST-W4-076,4,Undergraduate,Part I — Logical Reasoning,Non-Verbal Reasoning,Non-Verbal Reasoning,NVR3 — Odd One Out and Classification,rotation-invariant landmark relation,NVR-ROT,Analysis/Evaluation,Moderate,Free,English,,Wave 4 Classification Set 1: Which figure breaks the common rule?,[visual choice],[visual choice],[visual choice],[visual choice],D,Three options preserve the same marker-to-body relationship under rotation; one changes it.,,"Compare relative position, not absolute orientation.",80,No calculator,True,Passed,Passed,Approved for Distribution
DOST-W4-077,4,Undergraduate,Part I — Logical Reasoning,Non-Verbal Reasoning,Non-Verbal Reasoning,NVR3 — Odd One Out and Classification,rotation-invariant landmark relation,NVR-ROT,Analysis/Evaluation,Moderate,Premium,English,,Wave 4 Classification Set 2: Which figure breaks the common rule?,[visual choice],[visual choice],[visual choice],[visual choice],A,Three options preserve the same marker-to-body relationship under rotation; one changes it.,,"Compare relative position, not absolute orientation.",80,No calculator,True,Passed,Passed,Approved for Distribution
DOST-W4-078,4,Undergraduate,Part I — Logical Reasoning,Non-Verbal Reasoning,Non-Verbal Reasoning,NVR3 — Odd One Out and Classification,rotation-invariant landmark relation,NVR-ROT,Analysis/Evaluation,Moderate,Premium,English,,Wave 4 Classification Set 3: Which figure breaks the common rule?,[visual choice],[visual choice],[visual choice],[visual choice],B,Three options preserve the same marker-to-body relationship under rotation; one changes it.,,"Compare relative position, not absolute orientation.",80,No calculator,True,Passed,Passed,Approved for Distribution
DOST-W4-079,4,Undergraduate,Part I — Logical Reasoning,Non-Verbal Reasoning,Non-Verbal Reasoning,NVR3 — Odd One Out and Classification,rotation-invariant landmark relation,NVR-ROT,Analysis/Evaluation,Moderate,Premium,English,,Wave 4 Classification Set 4: Which figure breaks the common rule?,[visual choice],[visual choice],[visual choice],[visual choice],C,Three options preserve the same marker-to-body relationship under rotation; one changes it.,,"Compare relative position, not absolute orientation.",80,No calculator,True,Passed,Passed,Approved for Distribution
DOST-W4-080,4,Undergraduate,Part I — Logical Reasoning,Non-Verbal Reasoning,Non-Verbal Reasoning,NVR3 — Odd One Out and Classification,rotation-invariant landmark relation,NVR-ROT,Analysis/Evaluation,Moderate,Premium,English,,Wave 4 Classification Set 5: Which figure breaks the common rule?,[visual choice],[visual choice],[visual choice],[visual choice],D,Three options preserve the same marker-to-body relationship under rotation; one changes it.,,"Compare relative position, not absolute orientation.",80,No calculator,True,Passed,Passed,Approved for Distribution
DOST-W4-081,4,Undergraduate,Part I — Logical Reasoning,Non-Verbal Reasoning,Non-Verbal Reasoning,NVR3 — Odd One Out and Classification,rotation-invariant landmark relation,NVR-ROT,Analysis/Evaluation,Moderate,Premium,English,,Wave 4 Classification Set 6: Which figure breaks the common rule?,[visual choice],[visual choice],[visual choice],[visual choice],A,Three options preserve the same marker-to-body relationship under rotation; one changes it.,,"Compare relative position, not absolute orientation.",80,No calculator,True,Passed,Passed,Approved for Distribution
DOST-W4-082,4,Undergraduate,Part I — Logical Reasoning,Non-Verbal Reasoning,Non-Verbal Reasoning,NVR3 — Odd One Out and Classification,rotation-invariant landmark relation,NVR-ROT,Analysis/Evaluation,Moderate,Premium,English,,Wave 4 Classification Set 7: Which figure breaks the common rule?,[visual choice],[visual choice],[visual choice],[visual choice],B,Three options preserve the same marker-to-body relationship under rotation; one changes it.,,"Compare relative position, not absolute orientation.",80,No calculator,True,Passed,Passed,Approved for Distribution
DOST-W4-083,4,Undergraduate,Part I — Logical Reasoning,Non-Verbal Reasoning,Non-Verbal Reasoning,NVR3 — Odd One Out and Classification,rotation-invariant landmark relation,NVR-ROT,Analysis/Evaluation,Moderate,Premium,English,,Wave 4 Classification Set 8: Which figure breaks the common rule?,[visual choice],[visual choice],[visual choice],[visual choice],C,Three options preserve the same marker-to-body relationship under rotation; one changes it.,,"Compare relative position, not absolute orientation.",80,No calculator,True,Passed,Passed,Approved for Distribution
DOST-W4-084,4,Undergraduate,Part I — Logical Reasoning,Non-Verbal Reasoning,Non-Verbal Reasoning,NVR4 — Paper Folding and Hole Punching,reflection across fold lines,NVR-FOLD,Multi-step Application,Moderate,Free,English,W4-NVRFOLD-030,Wave 4 Folding Set 1: Which pattern appears after complete unfolding?,[visual choice],[visual choice],[visual choice],[visual choice],D,Each unfolded crease reflects every existing hole across that fold line.,,Undo folds in reverse order.,105,No calculator,True,Passed,Passed,Approved for Distribution
DOST-W4-085,4,Undergraduate,Part I — Logical Reasoning,Non-Verbal Reasoning,Non-Verbal Reasoning,NVR4 — Paper Folding and Hole Punching,reflection across fold lines,NVR-FOLD,Multi-step Application,Moderate,Premium,English,W4-NVRFOLD-031,Wave 4 Folding Set 2: Which pattern appears after complete unfolding?,[visual choice],[visual choice],[visual choice],[visual choice],A,Each unfolded crease reflects every existing hole across that fold line.,,Undo folds in reverse order.,105,No calculator,True,Passed,Passed,Approved for Distribution
DOST-W4-086,4,Undergraduate,Part I — Logical Reasoning,Non-Verbal Reasoning,Non-Verbal Reasoning,NVR4 — Paper Folding and Hole Punching,reflection across fold lines,NVR-FOLD,Multi-step Application,Moderate,Premium,English,W4-NVRFOLD-032,Wave 4 Folding Set 3: Which pattern appears after complete unfolding?,[visual choice],[visual choice],[visual choice],[visual choice],B,Each unfolded crease reflects every existing hole across that fold line.,,Undo folds in reverse order.,105,No calculator,True,Passed,Passed,Approved for Distribution
DOST-W4-087,4,Undergraduate,Part I — Logical Reasoning,Non-Verbal Reasoning,Non-Verbal Reasoning,NVR4 — Paper Folding and Hole Punching,reflection across fold lines,NVR-FOLD,Multi-step Application,Moderate,Premium,English,W4-NVRFOLD-033,Wave 4 Folding Set 4: Which pattern appears after complete unfolding?,[visual choice],[visual choice],[visual choice],[visual choice],C,Each unfolded crease reflects every existing hole across that fold line.,,Undo folds in reverse order.,105,No calculator,True,Passed,Passed,Approved for Distribution
DOST-W4-088,4,Undergraduate,Part I — Logical Reasoning,Non-Verbal Reasoning,Non-Verbal Reasoning,NVR4 — Paper Folding and Hole Punching,reflection across fold lines,NVR-FOLD,Multi-step Application,Moderate,Premium,English,W4-NVRFOLD-034,Wave 4 Folding Set 5: Which pattern appears after complete unfolding?,[visual choice],[visual choice],[visual choice],[visual choice],D,Each unfolded crease reflects every existing hole across that fold line.,,Undo folds in reverse order.,105,No calculator,True,Passed,Passed,Approved for Distribution
DOST-W4-089,4,Undergraduate,Part I — Logical Reasoning,Non-Verbal Reasoning,Non-Verbal Reasoning,NVR4 — Paper Folding and Hole Punching,reflection across fold lines,NVR-FOLD,Multi-step Application,Moderate,Premium,English,W4-NVRFOLD-035,Wave 4 Folding Set 6: Which pattern appears after complete unfolding?,[visual choice],[visual choice],[visual choice],[visual choice],A,Each unfolded crease reflects every existing hole across that fold line.,,Undo folds in reverse order.,105,No calculator,True,Passed,Passed,Approved for Distribution
DOST-W4-090,4,Undergraduate,Part I — Logical Reasoning,Non-Verbal Reasoning,Non-Verbal Reasoning,NVR4 — Paper Folding and Hole Punching,reflection across fold lines,NVR-FOLD,Multi-step Application,Moderate,Premium,English,W4-NVRFOLD-036,Wave 4 Folding Set 7: Which pattern appears after complete unfolding?,[visual choice],[visual choice],[visual choice],[visual choice],B,Each unfolded crease reflects every existing hole across that fold line.,,Undo folds in reverse order.,105,No calculator,True,Passed,Passed,Approved for Distribution
DOST-W4-091,4,Undergraduate,Part I — Logical Reasoning,Non-Verbal Reasoning,Non-Verbal Reasoning,NVR4 — Paper Folding and Hole Punching,reflection across fold lines,NVR-FOLD,Multi-step Application,Moderate,Premium,English,W4-NVRFOLD-037,Wave 4 Folding Set 8: Which pattern appears after complete unfolding?,[visual choice],[visual choice],[visual choice],[visual choice],C,Each unfolded crease reflects every existing hole across that fold line.,,Undo folds in reverse order.,105,No calculator,True,Passed,Passed,Approved for Distribution
DOST-W4-092,4,Undergraduate,Part I — Logical Reasoning,Non-Verbal Reasoning,Non-Verbal Reasoning,NVR5 — Cube Nets and Solid Rotation,opposite faces after folding,NVR-VIEW,Multi-step Application,Moderate,Free,English,W4-NVRCUBE-038,Wave 4 Cube-Net Set 1: Which face becomes opposite face I?,H,J,K,G,D,Folding the valid net places face G opposite face I.,,Track face normals through successive 90° folds.,100,No calculator,True,Passed,Passed,Approved for Distribution
DOST-W4-093,4,Undergraduate,Part I — Logical Reasoning,Non-Verbal Reasoning,Non-Verbal Reasoning,NVR5 — Cube Nets and Solid Rotation,opposite faces after folding,NVR-VIEW,Multi-step Application,Moderate,Premium,English,W4-NVRCUBE-039,Wave 4 Cube-Net Set 2: Which face becomes opposite face J?,G,I,K,H,A,Folding the valid net places face G opposite face J.,,Track face normals through successive 90° folds.,100,No calculator,True,Passed,Passed,Approved for Distribution
DOST-W4-094,4,Undergraduate,Part I — Logical Reasoning,Non-Verbal Reasoning,Non-Verbal Reasoning,NVR5 — Cube Nets and Solid Rotation,opposite faces after folding,NVR-VIEW,Multi-step Application,Moderate,Premium,English,W4-NVRCUBE-040,Wave 4 Cube-Net Set 3: Which face becomes opposite face K?,J,H,G,I,B,Folding the valid net places face H opposite face K.,,Track face normals through successive 90° folds.,100,No calculator,True,Passed,Passed,Approved for Distribution
DOST-W4-095,4,Undergraduate,Part I — Logical Reasoning,Non-Verbal Reasoning,Non-Verbal Reasoning,NVR5 — Cube Nets and Solid Rotation,opposite faces after folding,NVR-VIEW,Multi-step Application,Moderate,Premium,English,W4-NVRCUBE-041,Wave 4 Cube-Net Set 4: Which face becomes opposite face L?,G,H,I,J,C,Folding the valid net places face I opposite face L.,,Track face normals through successive 90° folds.,100,No calculator,True,Passed,Passed,Approved for Distribution
DOST-W4-096,4,Undergraduate,Part I — Logical Reasoning,Non-Verbal Reasoning,Non-Verbal Reasoning,NVR5 — Cube Nets and Solid Rotation,cyclic face movement around a visible vertex,NVR-VIEW,Analysis/Evaluation,Difficult,Premium,English,W4-NVRSOLID-042,Wave 4 Solid-Rotation Set 1: The three visible faces cycle around their common corner. Which view is possible?,[visual choice],[visual choice],[visual choice],[visual choice],D,A proper cube rotation cyclically permutes the visible faces without reversing their order.,,Proper rotations preserve cyclic order around a vertex.,100,No calculator,True,Passed,Passed,Approved for Distribution
DOST-W4-097,4,Undergraduate,Part I — Logical Reasoning,Non-Verbal Reasoning,Non-Verbal Reasoning,NVR5 — Cube Nets and Solid Rotation,cyclic face movement around a visible vertex,NVR-VIEW,Analysis/Evaluation,Difficult,Premium,English,W4-NVRSOLID-043,Wave 4 Solid-Rotation Set 2: The three visible faces cycle around their common corner. Which view is possible?,[visual choice],[visual choice],[visual choice],[visual choice],A,A proper cube rotation cyclically permutes the visible faces without reversing their order.,,Proper rotations preserve cyclic order around a vertex.,100,No calculator,True,Passed,Passed,Approved for Distribution
DOST-W4-098,4,Undergraduate,Part I — Logical Reasoning,Non-Verbal Reasoning,Non-Verbal Reasoning,NVR5 — Cube Nets and Solid Rotation,cyclic face movement around a visible vertex,NVR-VIEW,Analysis/Evaluation,Difficult,Premium,English,W4-NVRSOLID-044,Wave 4 Solid-Rotation Set 3: The three visible faces cycle around their common corner. Which view is possible?,[visual choice],[visual choice],[visual choice],[visual choice],B,A proper cube rotation cyclically permutes the visible faces without reversing their order.,,Proper rotations preserve cyclic order around a vertex.,100,No calculator,True,Passed,Passed,Approved for Distribution
DOST-W4-099,4,Undergraduate,Part I — Logical Reasoning,Non-Verbal Reasoning,Non-Verbal Reasoning,NVR5 — Cube Nets and Solid Rotation,cyclic face movement around a visible vertex,NVR-VIEW,Analysis/Evaluation,Difficult,Premium,English,W4-NVRSOLID-045,Wave 4 Solid-Rotation Set 4: The three visible faces cycle around their common corner. Which view is possible?,[visual choice],[visual choice],[visual choice],[visual choice],C,A proper cube rotation cyclically permutes the visible faces without reversing their order.,,Proper rotations preserve cyclic order around a vertex.,100,No calculator,True,Passed,Passed,Approved for Distribution
DOST-W4-100,4,Undergraduate,Part I — Logical Reasoning,Non-Verbal Reasoning,Non-Verbal Reasoning,NVR6 — Block Counting and Orthographic Views,total cubes from column heights,NVR-VIEW,Multi-step Application,Easy,Free,English,W4-NVRBLOCK-046,Wave 4 Block Stack 1: What is the total number of unit cubes?,14,9,16,11,D,The column heights add to 11.,Sum all entries to obtain 11.,Each cell gives one vertical stack height.,75,No calculator,True,Passed,Passed,Approved for Distribution
DOST-W4-101,4,Undergraduate,Part I — Logical Reasoning,Non-Verbal Reasoning,Non-Verbal Reasoning,NVR6 — Block Counting and Orthographic Views,total cubes from column heights,NVR-VIEW,Multi-step Application,Easy,Free,English,W4-NVRBLOCK-047,Wave 4 Block Stack 2: What is the total number of unit cubes?,12,10,17,15,A,The column heights add to 12.,Sum all entries to obtain 12.,Each cell gives one vertical stack height.,75,No calculator,True,Passed,Passed,Approved for Distribution
DOST-W4-102,4,Undergraduate,Part I — Logical Reasoning,Non-Verbal Reasoning,Non-Verbal Reasoning,NVR6 — Block Counting and Orthographic Views,total cubes from column heights,NVR-VIEW,Multi-step Application,Easy,Premium,English,W4-NVRBLOCK-048,Wave 4 Block Stack 3: What is the total number of unit cubes?,21,16,19,14,B,The column heights add to 16.,Sum all entries to obtain 16.,Each cell gives one vertical stack height.,75,No calculator,True,Passed,Passed,Approved for Distribution
DOST-W4-103,4,Undergraduate,Part I — Logical Reasoning,Non-Verbal Reasoning,Non-Verbal Reasoning,NVR6 — Block Counting and Orthographic Views,total cubes from column heights,NVR-VIEW,Multi-step Application,Easy,Premium,English,W4-NVRBLOCK-049,Wave 4 Block Stack 4: What is the total number of unit cubes?,16,11,13,18,C,The column heights add to 13.,Sum all entries to obtain 13.,Each cell gives one vertical stack height.,75,No calculator,True,Passed,Passed,Approved for Distribution
DOST-W4-104,4,Undergraduate,Part I — Logical Reasoning,Non-Verbal Reasoning,Non-Verbal Reasoning,NVR6 — Block Counting and Orthographic Views,total cubes from column heights,NVR-VIEW,Multi-step Application,Easy,Premium,English,W4-NVRBLOCK-050,Wave 4 Block Stack 5: What is the total number of unit cubes?,15,10,17,12,D,The column heights add to 12.,Sum all entries to obtain 12.,Each cell gives one vertical stack height.,75,No calculator,True,Passed,Passed,Approved for Distribution
DOST-W4-105,4,Undergraduate,Part I — Logical Reasoning,Non-Verbal Reasoning,Non-Verbal Reasoning,NVR6 — Block Counting and Orthographic Views,total cubes from column heights,NVR-VIEW,Multi-step Application,Easy,Premium,English,W4-NVRBLOCK-051,Wave 4 Block Stack 6: What is the total number of unit cubes?,12,10,17,15,A,The column heights add to 12.,Sum all entries to obtain 12.,Each cell gives one vertical stack height.,75,No calculator,True,Passed,Passed,Approved for Distribution
DOST-W4-106,4,Undergraduate,Part I — Logical Reasoning,Non-Verbal Reasoning,Non-Verbal Reasoning,NVR6 — Block Counting and Orthographic Views,total cubes from column heights,NVR-VIEW,Multi-step Application,Easy,Premium,English,W4-NVRBLOCK-052,Wave 4 Block Stack 7: What is the total number of unit cubes?,17,12,15,10,B,The column heights add to 12.,Sum all entries to obtain 12.,Each cell gives one vertical stack height.,75,No calculator,True,Passed,Passed,Approved for Distribution
DOST-W4-107,4,Undergraduate,Part I — Logical Reasoning,Non-Verbal Reasoning,Non-Verbal Reasoning,NVR6 — Block Counting and Orthographic Views,total cubes from column heights,NVR-VIEW,Multi-step Application,Easy,Premium,English,W4-NVRBLOCK-053,Wave 4 Block Stack 8: What is the total number of unit cubes?,21,16,18,23,C,The column heights add to 18.,Sum all entries to obtain 18.,Each cell gives one vertical stack height.,75,No calculator,True,Passed,Passed,Approved for Distribution
DOST-W4-108,4,Undergraduate,Part I — Logical Reasoning,Non-Verbal Reasoning,Non-Verbal Reasoning,NVR7 — Piece Assembly and Tangram Logic,compatible edge assembly,NVR-VIEW,Analysis/Evaluation,Moderate,Free,English,W4-NVRPIECE-054,Wave 4 Piece Assembly 1: Which complete form can be made using all pieces without overlap?,a regular pentagon,a curved shape,a circle,a larger parallelogram,D,The boundaries and total areas allow the pieces to form a larger parallelogram.,,Match equal edges and preserve total area.,95,No calculator,True,Passed,Passed,Approved for Distribution
DOST-W4-109,4,Undergraduate,Part I — Logical Reasoning,Non-Verbal Reasoning,Non-Verbal Reasoning,NVR7 — Piece Assembly and Tangram Logic,compatible edge assembly,NVR-VIEW,Analysis/Evaluation,Moderate,Premium,English,W4-NVRPIECE-055,Wave 4 Piece Assembly 2: Which complete form can be made using all pieces without overlap?,a square,a curved shape,a circle,a regular pentagon,A,The boundaries and total areas allow the pieces to form a square.,,Match equal edges and preserve total area.,95,No calculator,True,Passed,Passed,Approved for Distribution
DOST-W4-110,4,Undergraduate,Part I — Logical Reasoning,Non-Verbal Reasoning,Non-Verbal Reasoning,NVR7 — Piece Assembly and Tangram Logic,compatible edge assembly,NVR-VIEW,Analysis/Evaluation,Moderate,Premium,English,W4-NVRPIECE-056,Wave 4 Piece Assembly 3: Which complete form can be made using all pieces without overlap?,a circle,a semicircle,a regular pentagon,a curved shape,B,The boundaries and total areas allow the pieces to form a semicircle.,,Match equal edges and preserve total area.,95,No calculator,True,Passed,Passed,Approved for Distribution
DOST-W4-111,4,Undergraduate,Part I — Logical Reasoning,Non-Verbal Reasoning,Non-Verbal Reasoning,NVR7 — Piece Assembly and Tangram Logic,compatible edge assembly,NVR-VIEW,Analysis/Evaluation,Moderate,Premium,English,W4-NVRPIECE-057,Wave 4 Piece Assembly 4: Which complete form can be made using all pieces without overlap?,a circle,a regular pentagon,a larger trapezoid,a curved shape,C,The boundaries and total areas allow the pieces to form a larger trapezoid.,,Match equal edges and preserve total area.,95,No calculator,True,Passed,Passed,Approved for Distribution
DOST-W4-112,4,Undergraduate,Part I — Logical Reasoning,Non-Verbal Reasoning,Non-Verbal Reasoning,NVR7 — Piece Assembly and Tangram Logic,compatible edge assembly,NVR-VIEW,Analysis/Evaluation,Difficult,Premium,English,W4-NVRPIECE-058,Wave 4 Piece Assembly 5: Which complete form can be made using all pieces without overlap?,a regular pentagon,a curved shape,a circle,a larger rectangle,D,The boundaries and total areas allow the pieces to form a larger rectangle.,,Match equal edges and preserve total area.,95,No calculator,True,Passed,Passed,Approved for Distribution
DOST-W4-113,4,Undergraduate,Part I — Logical Reasoning,Non-Verbal Reasoning,Non-Verbal Reasoning,NVR7 — Piece Assembly and Tangram Logic,compatible edge assembly,NVR-VIEW,Analysis/Evaluation,Difficult,Premium,English,W4-NVRPIECE-059,Wave 4 Piece Assembly 6: Which complete form can be made using all pieces without overlap?,a cube net,a curved shape,a circle,a regular pentagon,A,The boundaries and total areas allow the pieces to form a cube net.,,Match equal edges and preserve total area.,95,No calculator,True,Passed,Passed,Approved for Distribution
DOST-W4-114,4,Undergraduate,Part I — Logical Reasoning,Non-Verbal Reasoning,Non-Verbal Reasoning,NVR8 — Navigation and Rule-Following,coordinate route tracking,NVR-PATH,Multi-step Application,Easy,Free,English,W4-NVRPATH-060,"Wave 4 Grid Route 1: What endpoint is reached, written as (horizontal, vertical)?","(0, 5)","(4, 3)","(3, 4)","(5, 2)",B,"The route terminates at (4, 3).",,Update one coordinate at a time.,75,No calculator,True,Passed,Passed,Approved for Distribution
DOST-W4-115,4,Undergraduate,Part I — Logical Reasoning,Non-Verbal Reasoning,Non-Verbal Reasoning,NVR8 — Navigation and Rule-Following,coordinate route tracking,NVR-PATH,Multi-step Application,Easy,Premium,English,W4-NVRPATH-061,"Wave 4 Grid Route 2: What endpoint is reached, written as (horizontal, vertical)?","(2, 1)","(0, 3)","(1, 2)","(4, 4)",C,"The route terminates at (1, 2).",,Update one coordinate at a time.,75,No calculator,True,Passed,Passed,Approved for Distribution
DOST-W4-116,4,Undergraduate,Part I — Logical Reasoning,Non-Verbal Reasoning,Non-Verbal Reasoning,NVR8 — Navigation and Rule-Following,coordinate route tracking,NVR-PATH,Multi-step Application,Easy,Premium,English,W4-NVRPATH-062,"Wave 4 Grid Route 3: What endpoint is reached, written as (horizontal, vertical)?","(2, 5)","(4, 3)","(6, 1)","(5, 2)",D,"The route terminates at (5, 2).",,Update one coordinate at a time.,75,No calculator,True,Passed,Passed,Approved for Distribution
DOST-W4-117,4,Undergraduate,Part I — Logical Reasoning,Non-Verbal Reasoning,Non-Verbal Reasoning,NVR8 — Navigation and Rule-Following,coordinate route tracking,NVR-PATH,Multi-step Application,Easy,Premium,English,W4-NVRPATH-063,"Wave 4 Grid Route 4: What endpoint is reached, written as (horizontal, vertical)?","(3, 3)","(4, 2)","(6, 5)","(2, 4)",A,"The route terminates at (3, 3).",,Update one coordinate at a time.,75,No calculator,True,Passed,Passed,Approved for Distribution
DOST-W4-118,4,Undergraduate,Part I — Logical Reasoning,Non-Verbal Reasoning,Non-Verbal Reasoning,NVR8 — Navigation and Rule-Following,coordinate route tracking,NVR-PATH,Multi-step Application,Easy,Premium,English,W4-NVRPATH-064,"Wave 4 Grid Route 5: What endpoint is reached, written as (horizontal, vertical)?","(6, 5)","(3, 3)","(2, 4)","(4, 2)",B,"The route terminates at (3, 3).",,Update one coordinate at a time.,75,No calculator,True,Passed,Passed,Approved for Distribution
DOST-W4-119,4,Undergraduate,Part I — Logical Reasoning,Non-Verbal Reasoning,Non-Verbal Reasoning,NVR8 — Navigation and Rule-Following,coordinate route tracking,NVR-PATH,Multi-step Application,Easy,Premium,English,W4-NVRPATH-065,"Wave 4 Grid Route 6: What endpoint is reached, written as (horizontal, vertical)?","(2, 4)","(4, 2)","(3, 3)","(6, 5)",C,"The route terminates at (3, 3).",,Update one coordinate at a time.,75,No calculator,True,Passed,Passed,Approved for Distribution
DOST-W4-120,4,Undergraduate,Part I — Logical Reasoning,Non-Verbal Reasoning,Non-Verbal Reasoning,NVR9 — Hidden Figures and Spatial Inspection,embedded exact line configuration,NVR-VIEW,Analysis/Evaluation,Difficult,Free,English,W4-NVRHIDDEN-066,Wave 4 Hidden Figure 1: Which option contains the reference figure exactly?,[visual choice],[visual choice],[visual choice],[visual choice],D,"The correct option preserves all line segments, junctions, directions, and endpoints despite extra surrounding lines.",,Trace the exact reference rather than the overall impression.,100,No calculator,True,Passed,Passed,Approved for Distribution
DOST-W4-121,4,Undergraduate,Part I — Logical Reasoning,Non-Verbal Reasoning,Non-Verbal Reasoning,NVR9 — Hidden Figures and Spatial Inspection,embedded exact line configuration,NVR-VIEW,Analysis/Evaluation,Difficult,Premium,English,W4-NVRHIDDEN-067,Wave 4 Hidden Figure 2: Which option contains the reference figure exactly?,[visual choice],[visual choice],[visual choice],[visual choice],A,"The correct option preserves all line segments, junctions, directions, and endpoints despite extra surrounding lines.",,Trace the exact reference rather than the overall impression.,100,No calculator,True,Passed,Passed,Approved for Distribution
DOST-W4-122,4,Undergraduate,Part I — Logical Reasoning,Non-Verbal Reasoning,Non-Verbal Reasoning,NVR9 — Hidden Figures and Spatial Inspection,embedded exact line configuration,NVR-VIEW,Analysis/Evaluation,Difficult,Premium,English,W4-NVRHIDDEN-068,Wave 4 Hidden Figure 3: Which option contains the reference figure exactly?,[visual choice],[visual choice],[visual choice],[visual choice],B,"The correct option preserves all line segments, junctions, directions, and endpoints despite extra surrounding lines.",,Trace the exact reference rather than the overall impression.,100,No calculator,True,Passed,Passed,Approved for Distribution
DOST-W4-123,4,Undergraduate,Part I — Logical Reasoning,Non-Verbal Reasoning,Non-Verbal Reasoning,NVR9 — Hidden Figures and Spatial Inspection,embedded exact line configuration,NVR-VIEW,Analysis/Evaluation,Difficult,Premium,English,W4-NVRHIDDEN-069,Wave 4 Hidden Figure 4: Which option contains the reference figure exactly?,[visual choice],[visual choice],[visual choice],[visual choice],C,"The correct option preserves all line segments, junctions, directions, and endpoints despite extra surrounding lines.",,Trace the exact reference rather than the overall impression.,100,No calculator,True,Passed,Passed,Approved for Distribution
DOST-W4-124,4,Undergraduate,Part I — Logical Reasoning,Non-Verbal Reasoning,Non-Verbal Reasoning,NVR9 — Hidden Figures and Spatial Inspection,embedded exact line configuration,NVR-VIEW,Analysis/Evaluation,Difficult,Premium,English,W4-NVRHIDDEN-070,Wave 4 Hidden Figure 5: Which option contains the reference figure exactly?,[visual choice],[visual choice],[visual choice],[visual choice],D,"The correct option preserves all line segments, junctions, directions, and endpoints despite extra surrounding lines.",,Trace the exact reference rather than the overall impression.,100,No calculator,True,Passed,Passed,Approved for Distribution
DOST-W4-125,4,Undergraduate,Part I — Logical Reasoning,Non-Verbal Reasoning,Non-Verbal Reasoning,NVR9 — Hidden Figures and Spatial Inspection,embedded exact line configuration,NVR-VIEW,Analysis/Evaluation,Difficult,Premium,English,W4-NVRHIDDEN-071,Wave 4 Hidden Figure 6: Which option contains the reference figure exactly?,[visual choice],[visual choice],[visual choice],[visual choice],A,"The correct option preserves all line segments, junctions, directions, and endpoints despite extra surrounding lines.",,Trace the exact reference rather than the overall impression.,100,No calculator,True,Passed,Passed,Approved for Distribution
DOST-W4-126,4,Undergraduate,Part II — Power Test,English,English,ENG1 — Error Identification,"agreement, tense, modifiers, and parallelism",ENG-ERR,Single-step Application,Easy,Free,English,,Which underlined segment contains an error? The set of emergency tools **were inspected** before the field exercise.,The set,were inspected,of emergency tools,before the field exercise,B,"The subject is the singular noun 'set,' so the verb should be 'was inspected.'",,"Identify the grammatical head and check agreement, form, and modifier logic.",65,No calculator,False,Passed,Passed,Approved for Distribution
DOST-W4-127,4,Undergraduate,Part II — Power Test,English,English,ENG1 — Error Identification,"agreement, tense, modifiers, and parallelism",ENG-ERR,Single-step Application,Easy,Free,English,,Which underlined segment contains an error? Either the coordinator or the volunteers **is responsible** for checking the supplies.,Either the coordinator,or the volunteers,is responsible,for checking the supplies,C,"With either...or, the verb agrees with the nearer plural subject 'volunteers,' so 'are responsible' is needed.",,"Identify the grammatical head and check agreement, form, and modifier logic.",65,No calculator,False,Passed,Passed,Approved for Distribution
DOST-W4-128,4,Undergraduate,Part II — Power Test,English,English,ENG1 — Error Identification,"agreement, tense, modifiers, and parallelism",ENG-ERR,Single-step Application,Easy,Free,English,,"Which underlined segment contains an error? The device is capable of measuring pressure, recording temperature, **and to send alerts**.",is capable of,measuring pressure,recording temperature,and to send alerts,D,"The series should be parallel: measuring, recording, and sending.",,"Identify the grammatical head and check agreement, form, and modifier logic.",65,No calculator,False,Passed,Passed,Approved for Distribution
DOST-W4-129,4,Undergraduate,Part II — Power Test,English,English,ENG1 — Error Identification,"agreement, tense, modifiers, and parallelism",ENG-ERR,Single-step Application,Easy,Free,English,,"Which underlined segment contains an error? By the end of the week, the researchers **will have finish** the trial.",will have finish,By the end of the week,the researchers,the trial,A,The perfect future uses 'will have finished.',,"Identify the grammatical head and check agreement, form, and modifier logic.",65,No calculator,False,Passed,Passed,Approved for Distribution
DOST-W4-130,4,Undergraduate,Part II — Power Test,English,English,ENG1 — Error Identification,"agreement, tense, modifiers, and parallelism",ENG-ERR,Single-step Application,Moderate,Free,English,,Which underlined segment contains an error? The supervisor explained **the reason why because** the schedule changed.,The supervisor explained,the reason why because,the schedule changed,explained,B,The phrase is redundant; use 'the reason the schedule changed' or 'why the schedule changed.',,"Identify the grammatical head and check agreement, form, and modifier logic.",65,No calculator,False,Passed,Passed,Approved for Distribution
DOST-W4-131,4,Undergraduate,Part II — Power Test,English,English,ENG1 — Error Identification,"agreement, tense, modifiers, and parallelism",ENG-ERR,Single-step Application,Moderate,Premium,English,,"Which underlined segment contains an error? After reviewing the results, **the conclusion was revised** by the team.",After reviewing the results,by the team,the conclusion was revised,the results,C,"The introductory phrase should modify the team, not the conclusion.",,"Identify the grammatical head and check agreement, form, and modifier logic.",65,No calculator,False,Passed,Passed,Approved for Distribution
DOST-W4-132,4,Undergraduate,Part II — Power Test,English,English,ENG1 — Error Identification,"agreement, tense, modifiers, and parallelism",ENG-ERR,Single-step Application,Moderate,Premium,English,,Which underlined segment contains an error? Each of the containers **were labeled** with a unique code.,Each of the containers,with a unique code,a unique code,were labeled,D,"The subject 'Each' is singular, so 'was labeled' is correct.",,"Identify the grammatical head and check agreement, form, and modifier logic.",65,No calculator,False,Passed,Passed,Approved for Distribution
DOST-W4-133,4,Undergraduate,Part II — Power Test,English,English,ENG1 — Error Identification,"agreement, tense, modifiers, and parallelism",ENG-ERR,Single-step Application,Moderate,Premium,English,,"Which underlined segment contains an error? If the backup battery **would charge**, the system will restart.",would charge,If the backup battery,the system,will restart,A,Use the simple present in the if-clause: 'If the backup battery charges.',,"Identify the grammatical head and check agreement, form, and modifier logic.",65,No calculator,False,Passed,Passed,Approved for Distribution
DOST-W4-134,4,Undergraduate,Part II — Power Test,English,English,ENG1 — Error Identification,"agreement, tense, modifiers, and parallelism",ENG-ERR,Single-step Application,Moderate,Premium,English,,Which underlined segment contains an error? This method is more efficient **than any process** used in the same laboratory.,This method,than any process,is more efficient,used in the same laboratory,B,"The method is itself a process, so the phrase should be 'than any other process.'",,"Identify the grammatical head and check agreement, form, and modifier logic.",65,No calculator,False,Passed,Passed,Approved for Distribution
DOST-W4-135,4,Undergraduate,Part II — Power Test,English,English,ENG1 — Error Identification,"agreement, tense, modifiers, and parallelism",ENG-ERR,Single-step Application,Moderate,Premium,English,,Which underlined segment contains an error? The committee recommended that the proposal **is revised** before approval.,The committee recommended,that the proposal,is revised,before approval,C,"After 'recommended that,' formal English uses the base form: 'be revised.'",,"Identify the grammatical head and check agreement, form, and modifier logic.",65,No calculator,False,Passed,Passed,Approved for Distribution
DOST-W4-136,4,Undergraduate,Part II — Power Test,English,English,ENG3 — Vocabulary and Word Relationships,academic and technical vocabulary,ENG-EQV,Recognition/Recall,Easy,Free,English,,"The findings were **ambiguous**, meaning they were:",fully proven,irrelevant,numerically exact,open to more than one interpretation,D,Ambiguous means unclear or capable of multiple interpretations.,,Use the sentence context together with the word's core meaning.,45,No calculator,False,Passed,Passed,Approved for Distribution
DOST-W4-137,4,Undergraduate,Part II — Power Test,English,English,ENG3 — Vocabulary and Word Relationships,academic and technical vocabulary,ENG-EQV,Recognition/Recall,Easy,Free,English,,The treatment produced a **negligible** change. Negligible means:,too small to be important,very large,unexpectedly harmful,permanent,A,Negligible describes something so small that it can be ignored.,,Use the sentence context together with the word's core meaning.,45,No calculator,False,Passed,Passed,Approved for Distribution
DOST-W4-138,4,Undergraduate,Part II — Power Test,English,English,ENG3 — Vocabulary and Word Relationships,academic and technical vocabulary,ENG-EQV,Recognition/Recall,Easy,Free,English,,The researchers used a **robust** method. Robust most nearly means:,fragile,strong and reliable under varied conditions,secret,temporary,B,A robust method performs reliably despite reasonable variation.,,Use the sentence context together with the word's core meaning.,45,No calculator,False,Passed,Passed,Approved for Distribution
DOST-W4-139,4,Undergraduate,Part II — Power Test,English,English,ENG3 — Vocabulary and Word Relationships,academic and technical vocabulary,ENG-EQV,Recognition/Recall,Easy,Premium,English,,Which word is opposite in meaning to **explicit**?,clear,detailed,implicit,direct,C,Explicit means directly stated; implicit means suggested rather than stated.,,Use the sentence context together with the word's core meaning.,45,No calculator,False,Passed,Passed,Approved for Distribution
DOST-W4-140,4,Undergraduate,Part II — Power Test,English,English,ENG3 — Vocabulary and Word Relationships,academic and technical vocabulary,ENG-EQV,Recognition/Recall,Easy,Premium,English,,"In the sentence, “The result was anomalous,” what does **anomalous** mean?",perfectly typical,unmeasured,inevitable,unusual compared with the pattern,D,An anomalous result differs from what is expected.,,Use the sentence context together with the word's core meaning.,45,No calculator,False,Passed,Passed,Approved for Distribution
DOST-W4-141,4,Undergraduate,Part II — Power Test,English,English,ENG3 — Vocabulary and Word Relationships,academic and technical vocabulary,ENG-EQV,Recognition/Recall,Easy,Premium,English,,"The argument was **coherent**, meaning it was:",logically organized and understandable,unrelated,extremely brief,unsupported by grammar,A,Coherent ideas fit together logically.,,Use the sentence context together with the word's core meaning.,45,No calculator,False,Passed,Passed,Approved for Distribution
DOST-W4-142,4,Undergraduate,Part II — Power Test,English,English,ENG3 — Vocabulary and Word Relationships,academic and technical vocabulary,ENG-EQV,Recognition/Recall,Easy,Premium,English,,The new process was **feasible** after the cost was reduced. Feasible means:,illegal,practical and possible,invisible,already completed,B,Feasible means capable of being done successfully.,,Use the sentence context together with the word's core meaning.,45,No calculator,False,Passed,Passed,Approved for Distribution
DOST-W4-143,4,Undergraduate,Part II — Power Test,English,English,ENG3 — Vocabulary and Word Relationships,academic and technical vocabulary,ENG-EQV,Recognition/Recall,Easy,Premium,English,,"The team adopted a **conservative** estimate. In this context, conservative most nearly means:",political,careless,cautious and not overstated,exactly average,C,A conservative estimate avoids exaggerating the result.,,Use the sentence context together with the word's core meaning.,45,No calculator,False,Passed,Passed,Approved for Distribution
DOST-W4-144,4,Undergraduate,Part II — Power Test,English,English,ENG3 — Vocabulary and Word Relationships,academic and technical vocabulary,ENG-EQV,Recognition/Recall,Easy,Premium,English,,The device showed **intermittent** failure. Intermittent means:,continuous,impossible,permanent,occurring at irregular intervals,D,Intermittent events stop and start rather than continuing.,,Use the sentence context together with the word's core meaning.,45,No calculator,False,Passed,Passed,Approved for Distribution
DOST-W4-145,4,Undergraduate,Part II — Power Test,English,English,ENG3 — Vocabulary and Word Relationships,academic and technical vocabulary,ENG-EQV,Recognition/Recall,Easy,Premium,English,,The conclusion was **substantiated** by independent data. Substantiated means:,supported with evidence,rejected,shortened,translated,A,Independent data substantiated the conclusion by supporting it.,,Use the sentence context together with the word's core meaning.,45,No calculator,False,Passed,Passed,Approved for Distribution
DOST-W4-146,4,Undergraduate,Part II — Power Test,English,English,ENG4 — Sentence Equivalence and Paraphrase,"logical equivalence, concise revision, and clarity",ENG-EQV,Analysis/Evaluation,Moderate,Free,English,,Choose the option that preserves the meaning: “The pump operates only if the intake valve is open.”,The pump always operates when the valve is open.,An open intake valve is necessary for operation.,The pump opens the valve after operating.,The valve is unnecessary.,B,"The original states a necessary condition, not a sufficient one.",,"Preserve meaning, logical force, and degree of certainty.",70,No calculator,False,Passed,Passed,Approved for Distribution
DOST-W4-147,4,Undergraduate,Part II — Power Test,English,English,ENG4 — Sentence Equivalence and Paraphrase,"logical equivalence, concise revision, and clarity",ENG-EQV,Analysis/Evaluation,Moderate,Premium,English,,Choose the clearest revision: “The reason the meeting was delayed was because the data had not yet arrived.”,The reason for delay was because data arrival had not yet occurred.,"Because of the reason, the meeting delayed.",The meeting was delayed because the data had not arrived.,The data delayed for the meeting.,C,The revision removes redundancy while preserving the cause.,,"Preserve meaning, logical force, and degree of certainty.",70,No calculator,False,Passed,Passed,Approved for Distribution
DOST-W4-148,4,Undergraduate,Part II — Power Test,English,English,ENG4 — Sentence Equivalence and Paraphrase,"logical equivalence, concise revision, and clarity",ENG-EQV,Analysis/Evaluation,Moderate,Premium,English,,Which option keeps the original uncertainty? “The leak may have resulted from thermal expansion.”,Thermal expansion definitely caused the leak.,Thermal expansion did not cause the leak.,Every leak is caused by expansion.,The leak could have been caused by thermal expansion.,D,'May have resulted' and 'could have been caused' express the same uncertainty.,,"Preserve meaning, logical force, and degree of certainty.",70,No calculator,False,Passed,Passed,Approved for Distribution
DOST-W4-149,4,Undergraduate,Part II — Power Test,English,English,ENG4 — Sentence Equivalence and Paraphrase,"logical equivalence, concise revision, and clarity",ENG-EQV,Analysis/Evaluation,Moderate,Premium,English,,Which sentence best combines the ideas? “The coating is inexpensive. It wears away quickly.”,The coating is inexpensive but wears away quickly.,The coating is inexpensive because it wears away quickly.,"The coating wears away, therefore it is always inexpensive.","Although quickly, the coating is inexpensive.",A,The relationship is contrast.,,"Preserve meaning, logical force, and degree of certainty.",70,No calculator,False,Passed,Passed,Approved for Distribution
DOST-W4-150,4,Undergraduate,Part II — Power Test,English,English,ENG4 — Sentence Equivalence and Paraphrase,"logical equivalence, concise revision, and clarity",ENG-EQV,Analysis/Evaluation,Moderate,Premium,English,,Choose the most concise revision: “The students collaborated together to complete the shared task.”,The students collaborated together for the completion of the shared task.,The students collaborated to complete the task.,Together the students collaborated in order to complete.,The task was shared collaboratively together.,B,"'Collaborated' already implies working together, and 'shared' is unnecessary.",,"Preserve meaning, logical force, and degree of certainty.",70,No calculator,False,Passed,Passed,Approved for Distribution
DOST-W4-151,4,Undergraduate,Part II — Power Test,English,English,ENG4 — Sentence Equivalence and Paraphrase,"logical equivalence, concise revision, and clarity",ENG-EQV,Analysis/Evaluation,Moderate,Premium,English,,"Which statement is logically equivalent to “Unless the sensor is calibrated, its readings cannot be trusted”?","If the sensor is calibrated, every reading is correct.",The sensor is untrustworthy only when calibrated.,"If the readings can be trusted, the sensor is calibrated.",Calibration and trust are unrelated.,C,"The contrapositive of 'if not calibrated, then not trustworthy' is valid.",,"Preserve meaning, logical force, and degree of certainty.",70,No calculator,False,Passed,Passed,Approved for Distribution
DOST-W4-152,4,Undergraduate,Part II — Power Test,English,English,ENG4 — Sentence Equivalence and Paraphrase,"logical equivalence, concise revision, and clarity",ENG-EQV,Analysis/Evaluation,Moderate,Premium,English,,Which option uses fully parallel verb forms?,"The program aims to reduce waste, improving safety, and to lower costs.","The program aims at reducing waste, to improve safety, and lower costs.","The program reduces waste, safety improvement, and lowering costs.","The program aims to reduce waste, improve safety, and lower costs.",D,All three items use the same base verb form.,,"Preserve meaning, logical force, and degree of certainty.",70,No calculator,False,Passed,Passed,Approved for Distribution
DOST-W4-153,4,Undergraduate,Part II — Power Test,English,English,ENG4 — Sentence Equivalence and Paraphrase,"logical equivalence, concise revision, and clarity",ENG-EQV,Analysis/Evaluation,Moderate,Premium,English,,"Which revision removes the ambiguous pronoun? “When Marco emailed Luis, he was already at the laboratory.”","When Marco emailed Luis, Luis was already at the laboratory.","When Marco emailed Luis, he was there.","Emailing Luis, he was at the laboratory.",Marco and Luis emailed because he arrived.,A,Naming Luis identifies the person at the laboratory.,,"Preserve meaning, logical force, and degree of certainty.",70,No calculator,False,Passed,Passed,Approved for Distribution
DOST-W4-154,4,Undergraduate,Part II — Power Test,English,English,ENG4 — Sentence Equivalence and Paraphrase,"logical equivalence, concise revision, and clarity",ENG-EQV,Analysis/Evaluation,Moderate,Premium,English,,"Choose the best transition: “The prototype met the strength requirement. _____, it was too heavy for portable use.”",Therefore,However,Similarly,For instance,B,The second sentence contrasts success in strength with a weight limitation.,,"Preserve meaning, logical force, and degree of certainty.",70,No calculator,False,Passed,Passed,Approved for Distribution
DOST-W4-155,4,Undergraduate,Part II — Power Test,English,English,ENG4 — Sentence Equivalence and Paraphrase,"logical equivalence, concise revision, and clarity",ENG-EQV,Analysis/Evaluation,Moderate,Premium,English,,Which statement restates “Few participants completed every optional module” most accurately?,No participant completed any module.,Most completed every optional module.,A small number completed all optional modules.,The modules were required.,C,"'Few' means a small number, not zero.",,"Preserve meaning, logical force, and degree of certainty.",70,No calculator,False,Passed,Passed,Approved for Distribution
DOST-W4-156,4,Undergraduate,Part II — Power Test,English,English,ENG5 — Paragraph Development and Organization,"organization, relevance, and evidence",ENG-PASS,Analysis/Evaluation,Moderate,Free,English,,"A paragraph defines renewable energy, divides it into solar, wind, hydro, and geothermal sources, and gives an example of each. What pattern is used?",chronological narration,spatial order,dialogue,classification with examples,D,The topic is divided into categories and illustrated.,,Identify the paragraph's central purpose and how details support it.,65,No calculator,False,Passed,Passed,Approved for Distribution
DOST-W4-157,4,Undergraduate,Part II — Power Test,English,English,ENG5 — Paragraph Development and Organization,"organization, relevance, and evidence",ENG-PASS,Analysis/Evaluation,Moderate,Premium,English,,"A paragraph explains how fertilizer runoff promotes algal growth, which then lowers dissolved oxygen. What pattern dominates?",cause and effect,comparison only,definition only,personal narrative,A,The paragraph traces a chain of causes and effects.,,Identify the paragraph's central purpose and how details support it.,65,No calculator,False,Passed,Passed,Approved for Distribution
DOST-W4-158,4,Undergraduate,Part II — Power Test,English,English,ENG5 — Paragraph Development and Organization,"organization, relevance, and evidence",ENG-PASS,Analysis/Evaluation,Moderate,Premium,English,,Which sentence best concludes a paragraph recommending regular backup testing?,Computers can store files.,"Therefore, scheduled backup tests should be part of the organization's continuity plan.",Some offices have windows.,A backup is a copy.,B,The sentence restates the recommendation and its purpose.,,Identify the paragraph's central purpose and how details support it.,65,No calculator,False,Passed,Passed,Approved for Distribution
DOST-W4-159,4,Undergraduate,Part II — Power Test,English,English,ENG5 — Paragraph Development and Organization,"organization, relevance, and evidence",ENG-PASS,Analysis/Evaluation,Moderate,Premium,English,,"A paragraph explains how to collect a water sample, preserve it, label it, and transport it. Which pattern is used?",classification,comparison,process sequence,argument from authority,C,It presents ordered procedural steps.,,Identify the paragraph's central purpose and how details support it.,65,No calculator,False,Passed,Passed,Approved for Distribution
DOST-W4-160,4,Undergraduate,Part II — Power Test,English,English,ENG5 — Paragraph Development and Organization,"organization, relevance, and evidence",ENG-PASS,Analysis/Evaluation,Moderate,Premium,English,,Which evidence best supports the claim that a redesigned intersection reduced congestion?,The traffic lights are new.,The road has lane markings.,The intersection is near a school.,Average peak travel time fell during matched weekdays after the redesign.,D,Matched travel-time data directly test congestion.,,Identify the paragraph's central purpose and how details support it.,65,No calculator,False,Passed,Passed,Approved for Distribution
DOST-W4-161,4,Undergraduate,Part II — Power Test,English,English,ENG5 — Paragraph Development and Organization,"organization, relevance, and evidence",ENG-PASS,Analysis/Evaluation,Moderate,Premium,English,,Which sentence is least relevant in a paragraph about preventing electrical overload?,The school garden grows tomatoes.,Use properly rated fuses.,Avoid connecting too many high-power devices to one circuit.,Inspect damaged cords.,A,The gardening detail is unrelated.,,Identify the paragraph's central purpose and how details support it.,65,No calculator,False,Passed,Passed,Approved for Distribution
DOST-W4-162,4,Undergraduate,Part II — Power Test,English,English,ENG5 — Paragraph Development and Organization,"organization, relevance, and evidence",ENG-PASS,Analysis/Evaluation,Moderate,Premium,English,,"A paragraph identifies high food waste, explains poor inventory rotation as a major cause, and proposes first-in-first-out storage. What pattern is used?",chronological biography,problem-cause-solution,definition only,spatial description,B,"It presents a problem, explains a cause, and offers a solution.",,Identify the paragraph's central purpose and how details support it.,65,No calculator,False,Passed,Passed,Approved for Distribution
DOST-W4-163,4,Undergraduate,Part II — Power Test,English,English,ENG5 — Paragraph Development and Organization,"organization, relevance, and evidence",ENG-PASS,Analysis/Evaluation,Moderate,Premium,English,,"A paragraph compares LED and fluorescent lamps by energy use, lifetime, cost, and disposal requirements. What organization is used?",process,cause only,comparison-contrast,narrative,C,The same criteria are applied to two alternatives.,,Identify the paragraph's central purpose and how details support it.,65,No calculator,False,Passed,Passed,Approved for Distribution
DOST-W4-164,4,Undergraduate,Part II — Power Test,English,English,ENG5 — Paragraph Development and Organization,"organization, relevance, and evidence",ENG-PASS,Analysis/Evaluation,Moderate,Premium,English,,Which is the strongest topic sentence for a paragraph on reducing indoor heat?,Heat is measured in joules.,Some roofs are red.,Buildings have doors.,"Buildings can reduce indoor heat through shading, ventilation, reflective surfaces, and insulation.",D,It states a clear controlling idea with several supportable strategies.,,Identify the paragraph's central purpose and how details support it.,65,No calculator,False,Passed,Passed,Approved for Distribution
DOST-W4-165,4,Undergraduate,Part II — Power Test,English,English,ENG5 — Paragraph Development and Organization,"organization, relevance, and evidence",ENG-PASS,Analysis/Evaluation,Moderate,Premium,English,,"A paragraph states a general rule about soil erosion, then describes a protected slope that does not follow the rule because of dense vegetation. Which structure is used?",generalization followed by an exception,pure chronology,unrelated listing,spatial description,A,The paragraph moves from a broad pattern to a meaningful exception.,,Identify the paragraph's central purpose and how details support it.,65,No calculator,False,Passed,Passed,Approved for Distribution
DOST-W4-166,4,Undergraduate,Part II — Power Test,English,English,ENG6 — Reading Comprehension,"main idea, detail, inference, and qualification",ENG-PASS,Analysis/Evaluation,Moderate,Free,English,W4-ENG-P1,What is the central lesson of the river-sensor passage?,Rivers have identical temperatures everywhere.,Measurement design must separate true site differences from placement effects.,Sunlight never affects sensors.,Downstream water is always hot.,B,Standardized placement reduced the extreme difference.,,Answer only what the passage directly supports.,95,No calculator,False,Passed,Passed,Approved for Distribution
DOST-W4-167,4,Undergraduate,Part II — Power Test,English,English,ENG6 — Reading Comprehension,"main idea, detail, inference, and qualification",ENG-PASS,Analysis/Evaluation,Difficult,Premium,English,W4-ENG-P1,Why were the first downstream readings misleading?,The river had no current.,The other sensors were broken.,The sensor was shallow and directly exposed to sunlight.,Buildings cooled the water.,C,Placement increased heating at the sensor location.,,Answer only what the passage directly supports.,95,No calculator,False,Passed,Passed,Approved for Distribution
DOST-W4-168,4,Undergraduate,Part II — Power Test,English,English,ENG6 — Reading Comprehension,"main idea, detail, inference, and qualification",ENG-PASS,Analysis/Evaluation,Difficult,Premium,English,W4-ENG-P1,What remained after standardization?,All sites became identical.,The downstream site became coldest.,No measurements were possible.,The downstream site was still slightly warmer.,D,The passage says a smaller site difference remained.,,Answer only what the passage directly supports.,95,No calculator,False,Passed,Passed,Approved for Distribution
DOST-W4-169,4,Undergraduate,Part II — Power Test,English,English,ENG6 — Reading Comprehension,"main idea, detail, inference, and qualification",ENG-PASS,Analysis/Evaluation,Difficult,Premium,English,W4-ENG-P2,What change improved the lending program?,"Adding guidance, safety orientation, and maintenance checks",Removing all instructions,Allowing only experts to borrow,Buying no replacement tools,A,Training and upkeep reduced damage and injuries.,,Answer only what the passage directly supports.,95,No calculator,False,Passed,Passed,Approved for Distribution
DOST-W4-170,4,Undergraduate,Part II — Power Test,English,English,ENG6 — Reading Comprehension,"main idea, detail, inference, and qualification",ENG-PASS,Analysis/Evaluation,Difficult,Premium,English,W4-ENG-P2,What trade-off occurred after the changes?,Borrowing stopped completely.,"Borrowing slowed slightly, but equipment lasted longer and injuries declined.",Damage increased while use increased.,Maintenance became unnecessary.,B,The program accepted a small slowdown for better outcomes.,,Answer only what the passage directly supports.,95,No calculator,False,Passed,Passed,Approved for Distribution
DOST-W4-171,4,Undergraduate,Part II — Power Test,English,English,ENG6 — Reading Comprehension,"main idea, detail, inference, and qualification",ENG-PASS,Analysis/Evaluation,Difficult,Premium,English,W4-ENG-P2,What broader point does the passage make?,Access alone guarantees safe use.,Instructions always reduce program value.,Access works best when paired with user guidance and maintenance.,Tool damage cannot be prevented.,C,"The final sentence explicitly links success to access, guidance, and upkeep.",,Answer only what the passage directly supports.,95,No calculator,False,Passed,Passed,Approved for Distribution
DOST-W4-172,4,Undergraduate,Part II — Power Test,English,English,ENG6 — Reading Comprehension,"main idea, detail, inference, and qualification",ENG-PASS,Analysis/Evaluation,Difficult,Premium,English,W4-ENG-P3,Which conclusion is best supported?,The coating cooled the surface equally at all times.,Dark asphalt was cooler during sunny afternoons.,Maintenance needs were already known.,The coating reduced daytime solar heating but did not keep the surface cooler all night.,D,"The temperature difference appeared in sunny afternoons, not at night.",,Answer only what the passage directly supports.,95,No calculator,False,Passed,Passed,Approved for Distribution
DOST-W4-173,4,Undergraduate,Part II — Power Test,English,English,ENG6 — Reading Comprehension,"main idea, detail, inference, and qualification",ENG-PASS,Analysis/Evaluation,Difficult,Premium,English,W4-ENG-P3,Why did investigators recommend further study?,Other practical effects such as glare and durability were not yet evaluated.,The surfaces were different sizes.,No temperatures were measured.,The coating had already failed.,A,Wider adoption requires information beyond temperature.,,Answer only what the passage directly supports.,95,No calculator,False,Passed,Passed,Approved for Distribution
DOST-W4-174,4,Undergraduate,Part II — Power Test,English,English,ENG6 — Reading Comprehension,"main idea, detail, inference, and qualification",ENG-PASS,Analysis/Evaluation,Difficult,Premium,English,W4-ENG-P3,The phrase “did not claim” mainly shows that the investigators:,rejected all results,limited their conclusion to the evidence,were unable to measure temperature,proved nighttime cooling,B,They avoided overgeneralizing.,,Answer only what the passage directly supports.,95,No calculator,False,Passed,Passed,Approved for Distribution
DOST-W4-175,4,Undergraduate,Part II — Power Test,English,English,ENG6 — Reading Comprehension,"main idea, detail, inference, and qualification",ENG-PASS,Analysis/Evaluation,Difficult,Premium,English,W4-ENG-P4,What determines whether reusable packaging is advantageous?,Color alone,Whether the container is heavier,"Actual reuse count, washing method, and transport distance",Purchase date only,C,The passage lists these conditions.,,Answer only what the passage directly supports.,95,No calculator,False,Passed,Passed,Approved for Distribution
DOST-W4-176,4,Undergraduate,Part II — Power Test,English,English,ENG6 — Reading Comprehension,"main idea, detail, inference, and qualification",ENG-PASS,Analysis/Evaluation,Difficult,Premium,English,W4-ENG-P4,What is the author's central position?,Disposable packaging is always superior.,Reuse has no environmental cost.,Washing never matters.,"Reusable packaging can be better, but its benefit depends on how the system is operated.",D,The conclusion is conditional rather than absolute.,,Answer only what the passage directly supports.,95,No calculator,False,Passed,Passed,Approved for Distribution
DOST-W4-177,4,Undergraduate,Part II — Power Test,English,English,ENG6 — Reading Comprehension,"main idea, detail, inference, and qualification",ENG-PASS,Analysis/Evaluation,Difficult,Premium,English,W4-ENG-P4,Why might a reusable container perform poorly environmentally?,It may be used too few times or washed and transported inefficiently.,It always contains less material.,It creates no washing demand.,It cannot be transported.,A,The passage identifies low reuse and resource-intensive handling as limiting factors.,,Answer only what the passage directly supports.,95,No calculator,False,Passed,Passed,Approved for Distribution
DOST-W4-178,4,Undergraduate,Part II — Power Test,English,English,ENG6 — Reading Comprehension,"main idea, detail, inference, and qualification",ENG-PASS,Analysis/Evaluation,Difficult,Premium,English,W4-ENG-P5,Why was the direct route not chosen?,It was too long.,It required difficult construction and greater erosion control.,It followed stable ground.,It was accessible to more visitors.,B,The direct climb created practical and environmental problems.,,Answer only what the passage directly supports.,95,No calculator,False,Passed,Passed,Approved for Distribution
DOST-W4-179,4,Undergraduate,Part II — Power Test,English,English,ENG6 — Reading Comprehension,"main idea, detail, inference, and qualification",ENG-PASS,Analysis/Evaluation,Difficult,Premium,English,W4-ENG-P5,What principle does the path decision illustrate?,The shortest route is always best.,Long routes require no maintenance.,"Practical optimization may balance distance, slope, access, and environmental risk.",Slope does not affect construction.,C,Several criteria mattered more than distance alone.,,Answer only what the passage directly supports.,95,No calculator,False,Passed,Passed,Approved for Distribution
DOST-W4-180,4,Undergraduate,Part II — Power Test,English,English,ENG6 — Reading Comprehension,"main idea, detail, inference, and qualification",ENG-PASS,Analysis/Evaluation,Difficult,Premium,English,W4-ENG-P5,Which feature favored the selected route?,It climbed directly upward.,It required more steps.,It increased runoff risk.,It followed more stable ground with a gentler slope.,D,The selected route reduced construction and erosion challenges.,,Answer only what the passage directly supports.,95,No calculator,False,Passed,Passed,Approved for Distribution
DOST-W4-181,4,Undergraduate,Part II — Power Test,Science,Biology,BIO1 — Cells and Microscopy,facilitated diffusion,SCI-APP,Recognition/Recall,Easy,Free,English,,Glucose enters a cell through a membrane carrier from high concentration to low concentration without ATP. This is:,facilitated diffusion,active transport,endocytosis,osmosis only,A,A transport protein assists passive movement down the concentration gradient.,,Facilitated diffusion is passive but protein-mediated.,110,No calculator,False,Passed,Passed,Approved for Distribution
DOST-W4-182,4,Undergraduate,Part II — Power Test,Science,Biology,BIO1 — Cells and Microscopy,organelle function,SCI-APP,Recognition/Recall,Easy,Premium,English,,Which organelle modifies and packages many proteins for secretion?,nucleolus,Golgi apparatus,centriole,cell wall,B,The Golgi apparatus processes and sorts proteins into vesicles.,,Follow the endomembrane pathway from rough ER to Golgi to vesicles.,82,No calculator,False,Passed,Passed,Approved for Distribution
DOST-W4-183,4,Undergraduate,Part II — Power Test,Science,Biology,BIO1 — Cells and Microscopy,surface area-volume ratio,SCI-APP,Analysis/Evaluation,Difficult,Premium,English,,Why do very large cells have difficulty exchanging materials efficiently?,Their DNA disappears.,Their membranes become impermeable to all molecules.,Their surface area does not increase as fast as their volume.,Their cytoplasm has no water.,C,Volume and metabolic demand grow faster than membrane surface area.,,Small cells have a larger surface-area-to-volume ratio.,145,No calculator,False,Passed,Passed,Approved for Distribution
DOST-W4-184,4,Undergraduate,Part II — Power Test,Science,Biology,BIO1 — Cells and Microscopy,mitotic spindle,SCI-APP,Recognition/Recall,Easy,Premium,English,,What is the main role of spindle fibers during mitosis?,They synthesize glucose.,They form the cell wall in animals.,They digest proteins.,They move duplicated chromosomes to opposite sides of the cell.,D,Spindle microtubules attach to chromosomes and separate chromatids.,,Mitosis distributes duplicated genetic material.,110,No calculator,False,Passed,Passed,Approved for Distribution
DOST-W4-185,4,Undergraduate,Part II — Power Test,Science,Biology,BIO1 — Cells and Microscopy,tonicity,SCI-APP,Single-step Application,Moderate,Premium,English,,An animal cell shrinks after being placed in a solution. The surrounding solution is most likely:,hypertonic,hypotonic,isotonic only,pure water,A,A hypertonic solution draws water out of the cell by osmosis.,,Water moves toward the side with higher effective solute concentration.,82,No calculator,False,Passed,Passed,Approved for Distribution
DOST-W4-186,4,Undergraduate,Part II — Power Test,Science,Biology,BIO2 — Biomolecules and Metabolism,enzyme optimum,SCI-DATA,Recognition/Recall,Easy,Free,English,W4-BIOENZ-077,"According to the table, at which tested temperature was enzyme activity highest?",10°C,40°C,25°C,60°C,B,"The greatest product amount, 18 mg, occurred at 40°C.",,Use product formed per fixed time as a measure of activity.,82,No calculator,True,Passed,Passed,Approved for Distribution
DOST-W4-187,4,Undergraduate,Part II — Power Test,Science,Biology,BIO2 — Biomolecules and Metabolism,enzyme denaturation,SCI-DATA,Analysis/Evaluation,Moderate,Premium,English,W4-BIOENZ-077,Why was activity much lower at 60°C than at 40°C?,The substrate became DNA.,All collisions stopped at high temperature.,The enzyme may have lost its functional shape.,Temperature removed every atom.,C,High temperature can disrupt the bonds maintaining enzyme structure.,,Very high temperature can denature proteins.,110,No calculator,True,Passed,Passed,Approved for Distribution
DOST-W4-188,4,Undergraduate,Part II — Power Test,Science,Biology,BIO2 — Biomolecules and Metabolism,glycolysis,SCI-APP,Recognition/Recall,Easy,Premium,English,,Glycolysis occurs in the:,nucleus,Golgi apparatus,lysosome,cytoplasm,D,The enzymes of glycolysis operate in the cytosol.,,Glycolysis precedes mitochondrial stages of aerobic respiration.,82,No calculator,False,Passed,Passed,Approved for Distribution
DOST-W4-189,4,Undergraduate,Part II — Power Test,Science,Biology,BIO2 — Biomolecules and Metabolism,energy coupling,SCI-APP,Analysis/Evaluation,Difficult,Premium,English,,ATP hydrolysis can drive an unfavorable reaction because it:,releases usable free energy when coupled to that reaction,creates matter,removes all enzymes,always lowers temperature,A,Cells couple ATP breakdown to energy-requiring processes.,,Coupled reactions allow overall favorable energy transfer.,145,No calculator,False,Passed,Passed,Approved for Distribution
DOST-W4-190,4,Undergraduate,Part II — Power Test,Science,Biology,BIO2 — Biomolecules and Metabolism,macromolecule,SCI-APP,Recognition/Recall,Easy,Premium,English,,Which biomolecule class includes enzymes and antibodies?,lipids,proteins,nucleic acids only,simple sugars only,B,Most enzymes and antibodies are proteins.,,Protein shape supports diverse cellular functions.,82,No calculator,False,Passed,Passed,Approved for Distribution
DOST-W4-191,4,Undergraduate,Part II — Power Test,Science,Biology,BIO3 — Genetics and Molecular Biology,transcription,SCI-APP,Recognition/Recall,Easy,Free,English,,"During transcription, RNA is synthesized using:",a protein as a template,a lipid bilayer,one DNA strand as a template,a ribosome as DNA,C,RNA polymerase reads a DNA template strand.,,Transcription transfers genetic information from DNA to RNA.,82,No calculator,False,Passed,Passed,Approved for Distribution
DOST-W4-192,4,Undergraduate,Part II — Power Test,Science,Biology,BIO3 — Genetics and Molecular Biology,codon mutation,SCI-APP,Recognition/Recall,Moderate,Premium,English,,A base substitution changes one codon but does not change the encoded amino acid. This is a:,frameshift mutation,nonsense mutation necessarily,chromosome deletion,silent mutation,D,"Because of genetic-code redundancy, some substitutions do not alter amino acid sequence.",,Not every DNA sequence change changes a protein.,110,No calculator,False,Passed,Passed,Approved for Distribution
DOST-W4-193,4,Undergraduate,Part II — Power Test,Science,Biology,BIO3 — Genetics and Molecular Biology,monohybrid probability,SCI-APP,Single-step Application,Moderate,Premium,English,,"Two heterozygous parents, Aa × Aa, have what probability of an aa offspring?",1/4,1/2,3/4,1,A,"The genotypes are AA, Aa, Aa, and aa.","Punnett outcomes: 1 AA, 2 Aa, 1 aa",A heterozygous monohybrid cross gives a 1:2:1 genotype ratio.,82,No calculator,False,Passed,Passed,Approved for Distribution
DOST-W4-194,4,Undergraduate,Part II — Power Test,Science,Biology,BIO3 — Genetics and Molecular Biology,linkage,SCI-APP,Analysis/Evaluation,Difficult,Premium,English,,Genes located very close together on the same chromosome tend to:,assort independently in every meiosis,be inherited together more often than genes far apart,mutate into identical genes,produce no proteins,B,Crossing over is less likely to occur between nearby loci.,,Recombination frequency increases with distance between linked genes.,145,No calculator,False,Passed,Passed,Approved for Distribution
DOST-W4-195,4,Undergraduate,Part II — Power Test,Science,Biology,BIO3 — Genetics and Molecular Biology,epigenetics,SCI-APP,Analysis/Evaluation,Difficult,Premium,English,,DNA methylation can affect phenotype by changing:,the number of protons in DNA,the universal genetic code,gene expression without altering the DNA base sequence,every chromosome into RNA,C,Epigenetic marks can influence whether genes are active.,,Gene regulation can change without changing nucleotide sequence.,145,No calculator,False,Passed,Passed,Approved for Distribution
DOST-W4-196,4,Undergraduate,Part II — Power Test,Science,Biology,BIO4 — Evolution and Classification,genetic drift,SCI-APP,Recognition/Recall,Moderate,Free,English,,A storm randomly kills most members of a small population. The surviving allele frequencies differ greatly from before. This is:,artificial selection,gene therapy,adaptive radiation only,a bottleneck effect,D,A sudden population reduction can cause random genetic drift.,,Bottlenecks reduce diversity and alter allele frequencies by chance.,110,No calculator,False,Passed,Passed,Approved for Distribution
DOST-W4-197,4,Undergraduate,Part II — Power Test,Science,Biology,BIO4 — Evolution and Classification,selection type,SCI-APP,Analysis/Evaluation,Moderate,Premium,English,,"In a bird population, very small and very large beaks survive better than medium beaks. This pattern is:",disruptive selection,stabilizing selection,directional selection,no selection,A,Both extremes are favored over the intermediate phenotype.,,Disruptive selection can increase variation.,110,No calculator,False,Passed,Passed,Approved for Distribution
DOST-W4-198,4,Undergraduate,Part II — Power Test,Science,Biology,BIO4 — Evolution and Classification,homology,SCI-APP,Analysis/Evaluation,Moderate,Premium,English,,"The forelimbs of humans, whales, and bats share a similar bone pattern. This is evidence of:",identical function,common ancestry,independent creation of every bone,no evolutionary relationship,B,Homologous structures retain an inherited underlying pattern.,,"Homology concerns shared origin, not necessarily shared function.",110,No calculator,False,Passed,Passed,Approved for Distribution
DOST-W4-199,4,Undergraduate,Part II — Power Test,Science,Biology,BIO4 — Evolution and Classification,Hardy-Weinberg,SCI-APP,Recognition/Recall,Moderate,Premium,English,,A population in Hardy-Weinberg equilibrium is assumed to have:,strong selection and migration,a very small size,random mating and no evolutionary forces changing allele frequencies,frequent mutation,C,"The model assumes large size, random mating, and no selection, migration, or mutation.",,Hardy-Weinberg is a null model for allele-frequency stability.,145,No calculator,False,Passed,Passed,Approved for Distribution
DOST-W4-200,4,Undergraduate,Part II — Power Test,Science,Biology,BIO4 — Evolution and Classification,adaptive radiation,SCI-APP,Recognition/Recall,Moderate,Premium,English,,Many species evolve from one ancestral species as they occupy different ecological niches. This is:,genetic cloning,mass extinction only,artificial insemination,adaptive radiation,D,Diversification into distinct niches is adaptive radiation.,,Ecological opportunity can promote rapid lineage diversification.,110,No calculator,False,Passed,Passed,Approved for Distribution
DOST-W4-201,4,Undergraduate,Part II — Power Test,Science,Biology,BIO5 — Ecology and Populations,logistic growth,SCI-DATA,Analysis/Evaluation,Moderate,Free,English,W4-BIOPOP-078,What pattern is shown by the lizard population table?,Rapid growth followed by leveling near a carrying capacity,Continuous exponential growth without limit,Steady decline,No population change,A,Growth slows and the population stabilizes near 275–278.,,Logistic growth levels as limiting factors increase.,110,No calculator,True,Passed,Passed,Approved for Distribution
DOST-W4-202,4,Undergraduate,Part II — Power Test,Science,Biology,BIO5 — Ecology and Populations,carrying capacity estimate,SCI-DATA,Single-step Application,Moderate,Premium,English,W4-BIOPOP-078,"Based on the table, the carrying capacity is closest to:",120,280,190,250,B,The population levels near 275–278 individuals.,,Estimate carrying capacity from the long-term plateau.,82,No calculator,True,Passed,Passed,Approved for Distribution
DOST-W4-203,4,Undergraduate,Part II — Power Test,Science,Biology,BIO5 — Ecology and Populations,primary productivity,SCI-APP,Recognition/Recall,Moderate,Premium,English,,Net primary productivity equals:,all consumer energy,sunlight reaching Earth,energy fixed by producers minus their respiratory use,decomposer biomass only,C,NPP is the producer energy available for growth and consumers after respiration.,,NPP = gross primary productivity − producer respiration.,145,No calculator,False,Passed,Passed,Approved for Distribution
DOST-W4-204,4,Undergraduate,Part II — Power Test,Science,Biology,BIO5 — Ecology and Populations,niche competition,SCI-APP,Analysis/Evaluation,Moderate,Premium,English,,Two species using exactly the same limiting resource in the same way are likely to experience:,mutualism necessarily,no interaction,photosynthesis,strong competition,D,Substantial niche overlap creates competition when the resource is limiting.,,Resource limitation determines the strength of competition.,110,No calculator,False,Passed,Passed,Approved for Distribution
DOST-W4-205,4,Undergraduate,Part II — Power Test,Science,Biology,BIO5 — Ecology and Populations,ecological restoration,SCI-APP,Analysis/Evaluation,Moderate,Premium,English,,Why can reintroducing native vegetation improve a degraded watershed?,Roots stabilize soil and vegetation slows runoff.,Plants eliminate all storms.,Roots make soil completely impermeable.,Vegetation prevents evaporation entirely.,A,Native vegetation can reduce erosion and increase infiltration.,,Restoration can rebuild ecosystem functions as well as species presence.,110,No calculator,False,Passed,Passed,Approved for Distribution
DOST-W4-206,4,Undergraduate,Part II — Power Test,Science,Biology,BIO6 — Human Systems and Reproduction,cardiac circulation,SCI-APP,Recognition/Recall,Easy,Free,English,,Blood leaving the right ventricle travels next through the:,aorta,pulmonary artery,pulmonary vein,vena cava,B,The right ventricle pumps deoxygenated blood toward the lungs.,,"Trace circulation by chamber, valve, and vessel.",82,No calculator,False,Passed,Passed,Approved for Distribution
DOST-W4-207,4,Undergraduate,Part II — Power Test,Science,Biology,BIO6 — Human Systems and Reproduction,kidney regulation,SCI-APP,Analysis/Evaluation,Difficult,Premium,English,,Antidiuretic hormone increases water conservation by making kidney collecting ducts:,impermeable to salts only,produce glucose,more permeable to water,stop filtering blood,C,More water is reabsorbed from the filtrate when ADH is high.,,ADH helps regulate body-water balance.,145,No calculator,False,Passed,Passed,Approved for Distribution
DOST-W4-208,4,Undergraduate,Part II — Power Test,Science,Biology,BIO6 — Human Systems and Reproduction,immune specificity,SCI-APP,Analysis/Evaluation,Moderate,Premium,English,,Why does a second exposure to the same pathogen often produce a faster immune response?,Red blood cells remember antigens.,The pathogen loses all genes.,Skin becomes thicker immediately.,Memory cells formed after the first exposure.,D,Memory lymphocytes respond rapidly to a familiar antigen.,,Adaptive immunity produces immunological memory.,110,No calculator,False,Passed,Passed,Approved for Distribution
DOST-W4-209,4,Undergraduate,Part II — Power Test,Science,Biology,BIO6 — Human Systems and Reproduction,digestion enzyme,SCI-APP,Recognition/Recall,Easy,Premium,English,,Which enzyme begins protein digestion in the stomach?,pepsin,amylase,lipase only,DNA polymerase,A,Pepsin functions in the acidic stomach environment.,,Different digestive enzymes target different macromolecules.,82,No calculator,False,Passed,Passed,Approved for Distribution
DOST-W4-210,4,Undergraduate,Part II — Power Test,Science,Biology,BIO6 — Human Systems and Reproduction,blood glucose,SCI-APP,Recognition/Recall,Moderate,Premium,English,,Glucagon raises blood glucose mainly by stimulating the liver to:,store more glucose as glycogen,break down glycogen and release glucose,remove all insulin,absorb calcium,B,Glucagon promotes glycogen breakdown and glucose release.,,Insulin and glucagon have opposing effects on blood glucose.,110,No calculator,False,Passed,Passed,Approved for Distribution
DOST-W4-211,4,Undergraduate,Part II — Power Test,Science,Biology,BIO8 — Plant Biology,water transport,SCI-APP,Analysis/Evaluation,Difficult,Free,English,,The upward movement of water through xylem is strongly supported by:,active pumping by every xylem cell,phloem pressure only,transpiration pull and cohesion between water molecules,seed germination,C,Evaporation from leaves creates tension transmitted through cohesive water columns.,,The cohesion-tension mechanism explains much xylem transport.,145,No calculator,False,Passed,Passed,Approved for Distribution
DOST-W4-212,4,Undergraduate,Part II — Power Test,Science,Biology,BIO8 — Plant Biology,guard cells,SCI-APP,Recognition/Recall,Moderate,Premium,English,,"When guard cells lose water and become less turgid, the stomatal pore generally:",opens wider,becomes xylem,produces pollen,closes,D,Reduced guard-cell turgor closes the pore and reduces water loss.,,Guard-cell turgor controls stomatal opening.,110,No calculator,False,Passed,Passed,Approved for Distribution
DOST-W4-213,4,Undergraduate,Part II — Power Test,Science,Biology,BIO8 — Plant Biology,photoperiodism,SCI-APP,Recognition/Recall,Easy,Premium,English,,Photoperiodism is a plant response to:,relative lengths of day and night,soil pH only,wind speed only,gravity direction only,A,Many flowering and dormancy responses depend on photoperiod.,,Plants measure seasonal light cycles.,82,No calculator,False,Passed,Passed,Approved for Distribution
DOST-W4-214,4,Undergraduate,Part II — Power Test,Science,Biology,BIO8 — Plant Biology,double fertilization,SCI-APP,Recognition/Recall,Moderate,Premium,English,,"In flowering plants, double fertilization produces a zygote and:",a second embryo only,endosperm,xylem,pollen grains,B,One sperm fertilizes the egg; another contributes to endosperm formation.,,Double fertilization is characteristic of angiosperms.,145,No calculator,False,Passed,Passed,Approved for Distribution
DOST-W4-215,4,Undergraduate,Part II — Power Test,Science,Biology,BIO8 — Plant Biology,mineral deficiency,SCI-APP,Analysis/Evaluation,Moderate,Premium,English,,A plant with insufficient nitrogen may show poor growth because nitrogen is needed for:,cellulose only,water molecules,amino acids and nucleic acids,carbon dioxide uptake only,C,Nitrogen is a component of proteins and nucleic acids.,,Mineral nutrients support specific biochemical structures.,110,No calculator,False,Passed,Passed,Approved for Distribution
DOST-W4-216,4,Undergraduate,Part II — Power Test,Science,Biology,BIO7 — Scientific Investigation,random assignment,SCI-APP,Analysis/Evaluation,Moderate,Free,English,,Why is random assignment useful in a treatment experiment?,It guarantees a large effect.,It removes the need for controls.,It changes the independent variable.,It helps distribute pre-existing differences between groups.,D,Random assignment reduces systematic group differences.,,Random sampling and random assignment solve different problems.,110,No calculator,False,Passed,Passed,Approved for Distribution
DOST-W4-217,4,Undergraduate,Part II — Power Test,Science,Biology,BIO7 — Scientific Investigation,confounding variable,SCI-APP,Analysis/Evaluation,Difficult,Premium,English,,A fertilizer study gives the treatment plants more sunlight than the controls. Sunlight is a:,confounding variable,dependent variable only,constant,placebo,A,Sunlight differs with treatment and can affect growth independently.,,A confounder offers an alternative explanation for the result.,110,No calculator,False,Passed,Passed,Approved for Distribution
DOST-W4-218,4,Undergraduate,Part II — Power Test,Science,Biology,BIO7 — Scientific Investigation,error bars,SCI-APP,Analysis/Evaluation,Difficult,Premium,English,,Overlapping error bars on two means generally suggest that:,the means are definitely identical,the apparent difference may be uncertain and needs formal analysis,the experiment has no data,one group caused the other,B,Error bars display uncertainty but do not alone provide a universal significance rule.,,Interpret uncertainty cautiously and use the stated error measure.,145,No calculator,False,Passed,Passed,Approved for Distribution
DOST-W4-219,4,Undergraduate,Part II — Power Test,Science,Biology,BIO7 — Scientific Investigation,replication level,SCI-APP,Analysis/Evaluation,Difficult,Premium,English,,Why are several organisms in one tank not always true independent replicates?,They have different cells.,They are all alive.,They share the same tank environment and treatment unit.,They can be measured.,C,"The tank, not each organism, may be the independent experimental unit.",,Avoid pseudoreplication by identifying the true treatment unit.,145,No calculator,False,Passed,Passed,Approved for Distribution
DOST-W4-220,4,Undergraduate,Part II — Power Test,Science,Biology,BIO7 — Scientific Investigation,operational control,SCI-APP,Analysis/Evaluation,Difficult,Premium,English,,A study of 'stress' measures salivary cortisol at the same time each day. Why is timing controlled?,Time changes DNA sequence.,Saliva contains no hormones.,Stress cannot be measured.,Cortisol naturally varies over the day.,D,Daily hormonal rhythms could otherwise confound group comparisons.,,Control known biological cycles during measurement.,110,No calculator,False,Passed,Passed,Approved for Distribution
DOST-W4-221,4,Undergraduate,Part II — Power Test,Science,Chemistry,"CHEM1 — Matter, Measurement, and Atomic Structure",subatomic particles,SCI-APP,Single-step Application,Moderate,Free,English,,An atom has atomic number 17 and mass number 37. How many neutrons does it contain?,20,17,37,54,A,Neutrons=mass number−atomic number=37−17=20.,37−17=20,Mass number counts protons plus neutrons.,82,No calculator,False,Passed,Passed,Approved for Distribution
DOST-W4-222,4,Undergraduate,Part II — Power Test,Science,Chemistry,"CHEM1 — Matter, Measurement, and Atomic Structure",cation formation,SCI-APP,Recognition/Recall,Easy,Premium,English,,"When a neutral aluminum atom forms Al³⁺, it:",gains three electrons,loses three electrons,loses three protons,gains three neutrons,B,A 3+ charge results from losing three electrons.,,"Ion charge changes by electron transfer, not proton loss.",82,No calculator,False,Passed,Passed,Approved for Distribution
DOST-W4-223,4,Undergraduate,Part II — Power Test,Science,Chemistry,"CHEM1 — Matter, Measurement, and Atomic Structure",orbital capacity,SCI-APP,Recognition/Recall,Easy,Premium,English,,What is the maximum number of electrons in one orbital?,1,6,2,8,C,An orbital can contain two electrons with opposite spins.,,Distinguish an orbital from a subshell.,82,No calculator,False,Passed,Passed,Approved for Distribution
DOST-W4-224,4,Undergraduate,Part II — Power Test,Science,Chemistry,"CHEM1 — Matter, Measurement, and Atomic Structure",atomic radius trend,SCI-APP,Analysis/Evaluation,Difficult,Premium,English,,Atomic radius generally decreases across a period because:,new shells are added at every step,nuclear charge decreases,shielding becomes infinite,effective nuclear charge increases while electrons enter the same main shell,D,Greater effective nuclear attraction pulls valence electrons closer.,,"Periodic trends follow shell number, shielding, and effective nuclear charge.",145,No calculator,False,Passed,Passed,Approved for Distribution
DOST-W4-225,4,Undergraduate,Part II — Power Test,Science,Chemistry,"CHEM1 — Matter, Measurement, and Atomic Structure",dimensional conversion,SCI-APP,Single-step Application,Moderate,Premium,English,,A liquid volume of 2.5 L equals:,"2,500 mL",25 mL,250 mL,"25,000 mL",A,"One liter equals 1,000 mL, so 2.5 L=2,500 mL.",2.5×1000=2500,Use unit factors that cancel unwanted units.,82,No calculator,False,Passed,Passed,Approved for Distribution
DOST-W4-226,4,Undergraduate,Part II — Power Test,Science,Chemistry,CHEM2 — Periodic Trends and Bonding,Lewis octet,SCI-APP,Analysis/Evaluation,Moderate,Free,English,,A chlorine atom tends to form Cl⁻ because it needs:,one fewer proton,one additional electron to complete its valence shell,seven fewer neutrons,a new nucleus,B,Chlorine has seven valence electrons and gains one to complete an octet.,,Main-group ion formation often follows valence-shell completion.,110,No calculator,False,Passed,Passed,Approved for Distribution
DOST-W4-227,4,Undergraduate,Part II — Power Test,Science,Chemistry,CHEM2 — Periodic Trends and Bonding,VSEPR shape,SCI-APP,Recognition/Recall,Easy,Premium,English,,A central atom with four bonding regions and no lone pairs has what molecular geometry?,trigonal planar,linear,tetrahedral,bent,C,Four electron regions maximize separation in a tetrahedral arrangement.,,VSEPR geometry depends on electron-region count.,82,No calculator,False,Passed,Passed,Approved for Distribution
DOST-W4-228,4,Undergraduate,Part II — Power Test,Science,Chemistry,CHEM2 — Periodic Trends and Bonding,dipole cancellation,SCI-APP,Analysis/Evaluation,Difficult,Premium,English,,A molecule with polar bonds can be nonpolar overall when:,it contains no electrons,all atoms have the same mass,it is always linear regardless of atoms,its geometry causes bond dipoles to cancel,D,Molecular polarity depends on vector addition of bond dipoles.,,Consider both bond polarity and shape.,145,No calculator,False,Passed,Passed,Approved for Distribution
DOST-W4-229,4,Undergraduate,Part II — Power Test,Science,Chemistry,CHEM2 — Periodic Trends and Bonding,dispersion force,SCI-APP,Recognition/Recall,Easy,Premium,English,,London dispersion forces are present in:,all atoms and molecules,ionic solids only,polar molecules only,metals only,A,Temporary electron fluctuations occur in all particles.,,"Dispersion forces exist universally, though strength varies.",110,No calculator,False,Passed,Passed,Approved for Distribution
DOST-W4-230,4,Undergraduate,Part II — Power Test,Science,Chemistry,CHEM2 — Periodic Trends and Bonding,boiling point comparison,SCI-APP,Analysis/Evaluation,Moderate,Premium,English,,Which substance is expected to have the highest boiling point among similarly sized molecules if it forms strong hydrogen bonds?,the nonpolar substance,the hydrogen-bonding substance,the substance with no electrons,all must be identical,B,Stronger intermolecular attractions require more energy to separate molecules.,,Boiling point reflects intermolecular-force strength.,110,No calculator,False,Passed,Passed,Approved for Distribution
DOST-W4-231,4,Undergraduate,Part II — Power Test,Science,Chemistry,CHEM3 — Compounds and Nomenclature,formula from ions,SCI-APP,Multi-step Application,Moderate,Free,English,,What is the formula formed by Al³⁺ and O²⁻?,AlO,Al3O2,Al2O3,AlO3,C,Two Al³⁺ ions and three O²⁻ ions give total charges +6 and −6.,2(+3)=+6 | 3(−2)=−6,Balance total positive and negative charge.,110,No calculator,False,Passed,Passed,Approved for Distribution
DOST-W4-232,4,Undergraduate,Part II — Power Test,Science,Chemistry,CHEM3 — Compounds and Nomenclature,transition metal name,SCI-APP,Multi-step Application,Moderate,Premium,English,,What is the correct name of Fe2O3?,iron(I) oxide,iron(II) oxide,diiron trioxide only,iron(III) oxide,D,"Three oxide ions total −6, so two iron ions total +6 and each is Fe³⁺.",,Find the metal oxidation state from overall neutrality.,110,No calculator,False,Passed,Passed,Approved for Distribution
DOST-W4-233,4,Undergraduate,Part II — Power Test,Science,Chemistry,CHEM3 — Compounds and Nomenclature,acid naming,SCI-APP,Recognition/Recall,Easy,Premium,English,,HCl(aq) is commonly named:,hydrochloric acid,chloric acid,hydrogen chloride solid,hypochlorous acid,A,Aqueous HCl is hydrochloric acid.,,Acid names depend on the anion and oxygen content.,82,No calculator,False,Passed,Passed,Approved for Distribution
DOST-W4-234,4,Undergraduate,Part II — Power Test,Science,Chemistry,CHEM3 — Compounds and Nomenclature,molecular prefix,SCI-APP,Recognition/Recall,Easy,Premium,English,,What is the name of PCl5?,phosphorus chloride,phosphorus pentachloride,pentaphosphorus chloride,phosphorus(V) chlorate,B,The prefix penta- indicates five chlorine atoms.,,Binary molecular compounds use Greek prefixes.,82,No calculator,False,Passed,Passed,Approved for Distribution
DOST-W4-235,4,Undergraduate,Part II — Power Test,Science,Chemistry,CHEM3 — Compounds and Nomenclature,hydrate interpretation,SCI-APP,Recognition/Recall,Moderate,Premium,English,,"In CuSO4·5H2O, the coefficient 5 indicates:",five copper atoms,five sulfate ions,five water molecules per formula unit,a charge of +5,C,The hydrate contains five waters of crystallization per CuSO4 unit.,,The dot notation records fixed water content in a hydrate.,110,No calculator,False,Passed,Passed,Approved for Distribution
DOST-W4-236,4,Undergraduate,Part II — Power Test,Science,Chemistry,CHEM4 — Reactions and Stoichiometry,balance equation,SCI-APP,Single-step Application,Moderate,Free,English,,What coefficient belongs before O2 in CH4+O2→CO2+2H2O?,1,3,4,2,D,"The products contain four oxygen atoms, requiring 2 O2.",4 oxygen atoms÷2=2,Balance atoms using the smallest whole-number coefficients.,82,No calculator,False,Passed,Passed,Approved for Distribution
DOST-W4-237,4,Undergraduate,Part II — Power Test,Science,Chemistry,CHEM4 — Reactions and Stoichiometry,mole ratio,SCI-APP,Single-step Application,Moderate,Premium,English,,"For N2+3H2→2NH3, how many moles of NH3 form from 6 mol H2 with excess N2?",4 mol,2 mol,3 mol,6 mol,A,6 mol H2×(2 mol NH3/3 mol H2)=4 mol NH3.,6×2/3=4,Use balanced coefficients as mole ratios.,110,No calculator,False,Passed,Passed,Approved for Distribution
DOST-W4-238,4,Undergraduate,Part II — Power Test,Science,Chemistry,CHEM4 — Reactions and Stoichiometry,mass moles,SCI-APP,Single-step Application,Moderate,Premium,English,,How many moles are in 44 g of CO2 if its molar mass is 44 g/mol?,0.5 mol,1 mol,2 mol,44 mol,B,Moles=mass/molar mass=44/44=1.,44÷44=1,Convert mass to moles before reaction calculations.,82,No calculator,False,Passed,Passed,Approved for Distribution
DOST-W4-239,4,Undergraduate,Part II — Power Test,Science,Chemistry,CHEM4 — Reactions and Stoichiometry,limiting reactant,SCI-APP,Multi-step Application,Moderate,Premium,English,,"For H2+Cl2→2HCl, a mixture has 3 mol H2 and 2 mol Cl2. Which reactant limits product formation?",H2,HCl,Cl2,neither,C,"The reactants combine 1:1, so the smaller amount, Cl2, is limiting.",,Compare available moles using the balanced ratio.,110,No calculator,False,Passed,Passed,Approved for Distribution
DOST-W4-240,4,Undergraduate,Part II — Power Test,Science,Chemistry,CHEM4 — Reactions and Stoichiometry,percent composition,SCI-APP,Single-step Application,Moderate,Premium,English,,"What percent by mass of H2O is oxygen, using H=1 and O=16?",11.1%,16.0%,94.1%,88.9%,D,Oxygen contributes 16 of 18 g/mol: 16/18×100≈88.9%.,16/18×100≈88.9%,Percent composition is component mass divided by molar mass.,110,No calculator,False,Passed,Passed,Approved for Distribution
DOST-W4-241,4,Undergraduate,Part II — Power Test,Science,Chemistry,"CHEM5 — Solutions, Acids, Bases, and Separation",molarity,SCI-APP,Single-step Application,Moderate,Free,English,,A solution contains 0.75 mol solute in 1.5 L. Its molarity is:,0.50 M,0.25 M,1.125 M,2.0 M,A,M=0.75/1.5=0.50 M.,0.75÷1.5=0.50,Molarity is moles per liter of solution.,82,No calculator,False,Passed,Passed,Approved for Distribution
DOST-W4-242,4,Undergraduate,Part II — Power Test,Science,Chemistry,"CHEM5 — Solutions, Acids, Bases, and Separation",dilution,SCI-APP,Single-step Application,Moderate,Premium,English,,What final volume results when 50 mL of 3.0 M solution is diluted to 0.75 M?,100 mL,200 mL,150 mL,600 mL,B,"M1V1=M2V2, so V2=3.0×50/0.75=200 mL.",150/0.75=200,Dilution conserves moles of solute.,110,No calculator,False,Passed,Passed,Approved for Distribution
DOST-W4-243,4,Undergraduate,Part II — Power Test,Science,Chemistry,"CHEM5 — Solutions, Acids, Bases, and Separation",pH,SCI-APP,Single-step Application,Moderate,Premium,English,,A solution with pH 2 is how many times more acidic in hydrogen-ion concentration than a solution with pH 5?,3 times,10 times,"1,000 times",100 times,C,"A three-unit pH difference corresponds to 10³=1,000 times.",,Each pH unit represents a tenfold concentration change.,110,No calculator,False,Passed,Passed,Approved for Distribution
DOST-W4-244,4,Undergraduate,Part II — Power Test,Science,Chemistry,"CHEM5 — Solutions, Acids, Bases, and Separation",strong acid,SCI-APP,Analysis/Evaluation,Difficult,Premium,English,,A strong acid is one that:,has a high concentration in every solution,contains many atoms,always has pH 0,ionizes nearly completely in water,D,"Acid strength concerns extent of ionization, not amount present.",,Distinguish acid strength from concentration.,145,No calculator,False,Passed,Passed,Approved for Distribution
DOST-W4-245,4,Undergraduate,Part II — Power Test,Science,Chemistry,"CHEM5 — Solutions, Acids, Bases, and Separation",endpoint precision,SCI-DATA,Multi-step Application,Moderate,Premium,English,W4-CHEMTIT-079,What is the mean base volume for the three titration trials?,25.0 mL,24.8 mL,24.9 mL,25.1 mL,A,Mean=(24.8+25.1+25.0)/3=24.97 mL≈25.0 mL.,74.9/3≈24.97,Average concordant trials to estimate the endpoint volume.,110,No calculator,True,Passed,Passed,Approved for Distribution
DOST-W4-246,4,Undergraduate,Part II — Power Test,Science,Chemistry,CHEM6 — Gas Laws and Thermochemistry,Avogadro law,SCI-APP,Analysis/Evaluation,Moderate,Free,English,,"At constant temperature and pressure, doubling the moles of an ideal gas will:",halve its volume,double its volume,leave volume unchanged,make pressure zero,B,Volume is proportional to amount of gas under these conditions.,,Use the ideal-gas proportionalities under fixed conditions.,110,No calculator,False,Passed,Passed,Approved for Distribution
DOST-W4-247,4,Undergraduate,Part II — Power Test,Science,Chemistry,CHEM6 — Gas Laws and Thermochemistry,combined gas law,SCI-APP,Single-step Application,Moderate,Premium,English,,"A gas occupies 2.0 L at 300 K. At the same pressure, what volume does it occupy at 450 K?",1.0 L,2.0 L,3.0 L,4.5 L,C,V2=V1T2/T1=2.0×450/300=3.0 L.,V2=3.0 L,Use absolute temperature in gas laws.,110,No calculator,False,Passed,Passed,Approved for Distribution
DOST-W4-248,4,Undergraduate,Part II — Power Test,Science,Chemistry,CHEM6 — Gas Laws and Thermochemistry,exothermic sign,SCI-APP,Recognition/Recall,Easy,Premium,English,,A process releases 120 kJ to the surroundings. Its ΔH is:,+120 kJ,0 kJ,+240 kJ,−120 kJ,D,"Heat release means the system loses enthalpy, so ΔH is negative.",,Exothermic processes have negative enthalpy change.,82,No calculator,False,Passed,Passed,Approved for Distribution
DOST-W4-249,4,Undergraduate,Part II — Power Test,Science,Chemistry,CHEM6 — Gas Laws and Thermochemistry,bond energy,SCI-APP,Analysis/Evaluation,Difficult,Premium,English,,"Breaking chemical bonds generally requires energy, while forming bonds generally:",releases energy,requires no energy and releases none,destroys atoms,increases mass,A,Bond formation lowers potential energy and releases energy.,,Reaction enthalpy reflects energy absorbed in breaking and released in forming bonds.,110,No calculator,False,Passed,Passed,Approved for Distribution
DOST-W4-250,4,Undergraduate,Part II — Power Test,Science,Chemistry,CHEM6 — Gas Laws and Thermochemistry,calorimetry,SCI-APP,Single-step Application,Moderate,Premium,English,,"A 200 g sample with specific heat 2.0 J/g°C absorbs 1,600 J. Its temperature rise is:",2°C,4°C,8°C,16°C,B,ΔT=Q/(mc)=1600/(200×2)=4°C.,1600/400=4,Rearrange Q=mcΔT.,110,No calculator,False,Passed,Passed,Approved for Distribution
DOST-W4-251,4,Undergraduate,Part II — Power Test,Science,Chemistry,CHEM8 — Chemical Equilibrium and Rates,dynamic equilibrium,SCI-APP,Recognition/Recall,Moderate,Free,English,,At dynamic equilibrium in a closed system:,all reactions stop,reactant and product concentrations must be equal,forward and reverse reaction rates are equal,the catalyst is consumed,C,"Microscopic reactions continue at equal rates, keeping concentrations constant.",,Equal rates do not require equal concentrations.,110,No calculator,False,Passed,Passed,Approved for Distribution
DOST-W4-252,4,Undergraduate,Part II — Power Test,Science,Chemistry,CHEM8 — Chemical Equilibrium and Rates,Le Châtelier data,SCI-DATA,Recognition/Recall,Easy,Premium,English,W4-CHEMEQ-080,What happened to product amount after reactant was added in the table?,It decreased to 32.,It remained 50.,It became zero.,It increased to 68.,D,The table shows a rise from 50 to 68.,,Read the direction of equilibrium response from the data.,82,No calculator,True,Passed,Passed,Approved for Distribution
DOST-W4-253,4,Undergraduate,Part II — Power Test,Science,Chemistry,CHEM8 — Chemical Equilibrium and Rates,product removal,SCI-DATA,Analysis/Evaluation,Difficult,Premium,English,W4-CHEMEQ-080,Why did removing product increase the eventual product amount?,The equilibrium shifted toward products to replace some removed material.,The reaction stopped.,Reactant disappeared instantly.,The equilibrium constant doubled automatically.,A,Removing product creates a stress relieved by more forward reaction.,,Le Châtelier's principle predicts the direction of shift.,110,No calculator,True,Passed,Passed,Approved for Distribution
DOST-W4-254,4,Undergraduate,Part II — Power Test,Science,Chemistry,CHEM8 — Chemical Equilibrium and Rates,rate law concept,SCI-APP,Analysis/Evaluation,Difficult,Premium,English,,"If doubling reactant concentration doubles the reaction rate, the reaction is first order with respect to that reactant because rate is:",proportional to concentration squared,directly proportional to its concentration,independent of concentration,always zero,B,A first-order dependence gives rate∝[A].,,Use observed rate changes to infer reaction order.,145,No calculator,False,Passed,Passed,Approved for Distribution
DOST-W4-255,4,Undergraduate,Part II — Power Test,Science,Chemistry,CHEM8 — Chemical Equilibrium and Rates,activation energy diagram,SCI-APP,Analysis/Evaluation,Difficult,Premium,English,,A catalyst changes a reaction-energy diagram by:,raising product energy,changing ΔH permanently,lowering the activation-energy peak without changing reactant and product energies,removing reactants,C,The alternative pathway has a lower barrier but the same endpoints.,,"Catalysts affect pathway and rate, not overall enthalpy.",145,No calculator,False,Passed,Passed,Approved for Distribution
DOST-W4-256,4,Undergraduate,Part II — Power Test,Science,Chemistry,CHEM7 — Laboratory and Data Reasoning,chromatography,SCI-APP,Analysis/Evaluation,Difficult,Free,English,,Paper chromatography separates mixture components because they differ in:,atomic number only,boiling point only,mass number only,attraction to the stationary phase and solubility in the mobile phase,D,Different partitioning causes different travel distances.,,Chromatography depends on relative affinities.,110,No calculator,False,Passed,Passed,Approved for Distribution
DOST-W4-257,4,Undergraduate,Part II — Power Test,Science,Chemistry,CHEM7 — Laboratory and Data Reasoning,meniscus,SCI-APP,Recognition/Recall,Easy,Premium,English,,"For a clear aqueous solution in a graduated cylinder, volume is usually read at:",the bottom of the meniscus at eye level,the top of the meniscus from above,any point on the glass,the cylinder base,A,Eye-level reading of the lower meniscus reduces parallax error.,,Use the correct meniscus convention and viewing angle.,82,No calculator,False,Passed,Passed,Approved for Distribution
DOST-W4-258,4,Undergraduate,Part II — Power Test,Science,Chemistry,CHEM7 — Laboratory and Data Reasoning,concordant titration,SCI-DATA,Analysis/Evaluation,Difficult,Premium,English,W4-CHEMTIT-079,The titration trials are considered reasonably concordant because their endpoint volumes:,are all exactly zero,are close to one another,use different acid volumes,increase by 10 mL each,B,The values differ by only 0.3 mL across trials.,,Concordant results indicate good repeatability.,110,No calculator,True,Passed,Passed,Approved for Distribution
DOST-W4-259,4,Undergraduate,Part II — Power Test,Science,Chemistry,CHEM7 — Laboratory and Data Reasoning,systematic bias,SCI-APP,Analysis/Evaluation,Difficult,Premium,English,,A thermometer always reads 1.5°C high. Repeating measurements and averaging will:,guarantee the accepted value,make the error random,not remove the fixed calibration bias,change the true temperature,C,A fixed offset remains after averaging.,,"Averaging reduces random error, not systematic error.",145,No calculator,False,Passed,Passed,Approved for Distribution
DOST-W4-260,4,Undergraduate,Part II — Power Test,Science,Chemistry,CHEM7 — Laboratory and Data Reasoning,safe heating,SCI-APP,Recognition/Recall,Easy,Premium,English,,"When heating a test tube, its open end should be pointed:",toward the observer,downward into a flame,at another test tube,away from people,D,Unexpected boiling or splashing could project material from the opening.,,Laboratory orientation is part of hazard control.,82,No calculator,False,Passed,Passed,Approved for Distribution
DOST-W4-261,4,Undergraduate,Part II — Power Test,Science,Physics,"PHY1 — Measurement, Vectors, and Motion",scalar and vector,SCI-APP,Recognition/Recall,Easy,Free,English,,Which quantity is a vector?,displacement,speed,distance,temperature,A,Displacement includes both magnitude and direction.,,Vectors require direction as well as magnitude.,82,No calculator,False,Passed,Passed,Approved for Distribution
DOST-W4-262,4,Undergraduate,Part II — Power Test,Science,Physics,"PHY1 — Measurement, Vectors, and Motion",graph slope,SCI-DIAG,Single-step Application,Moderate,Premium,English,W4-PHYMOTION-081,"From 0 to 2 s in the graph, the average velocity is:",2 m/s,5 m/s,10 m/s,20 m/s,B,"Position changes from 0 m to 10 m in 2 s, giving 5 m/s.",10/2=5,Slope of a position-time graph is velocity.,110,No calculator,True,Passed,Passed,Approved for Distribution
DOST-W4-263,4,Undergraduate,Part II — Power Test,Science,Physics,"PHY1 — Measurement, Vectors, and Motion",rest interval,SCI-DIAG,Analysis/Evaluation,Moderate,Premium,English,W4-PHYMOTION-081,During which interval is the object at rest in the graph?,0–2 s,5–8 s,2–5 s,It is never at rest.,C,"Position is constant from 2 to 5 s, so velocity is zero.",,A horizontal position-time segment indicates rest.,82,No calculator,True,Passed,Passed,Approved for Distribution
DOST-W4-264,4,Undergraduate,Part II — Power Test,Science,Physics,"PHY1 — Measurement, Vectors, and Motion",uniform acceleration,SCI-APP,Single-step Application,Easy,Premium,English,,A bicycle changes speed from 4 m/s to 16 m/s in 6 s. Its average acceleration is:,3 m/s²,6 m/s²,12 m/s²,2 m/s²,D,a=(16−4)/6=2 m/s².,12/6=2,Acceleration is change in velocity divided by time.,82,No calculator,False,Passed,Passed,Approved for Distribution
DOST-W4-265,4,Undergraduate,Part II — Power Test,Science,Physics,"PHY1 — Measurement, Vectors, and Motion",projectile components,SCI-APP,Analysis/Evaluation,Moderate,Premium,English,,"At the highest point of an ideal projectile's path, its vertical velocity is:",zero,equal to its horizontal velocity,maximum upward,equal to g,A,The vertical component momentarily becomes zero while horizontal motion continues.,,Projectile components evolve independently.,110,No calculator,False,Passed,Passed,Approved for Distribution
DOST-W4-266,4,Undergraduate,Part II — Power Test,Science,Physics,PHY2 — Forces and Newtonian Mechanics,Newton second law,SCI-APP,Single-step Application,Easy,Free,English,,A 5 kg cart experiences a net force of 20 N. Its acceleration is:,0.25 m/s²,4 m/s²,15 m/s²,100 m/s²,B,a=F/m=20/5=4 m/s².,20/5=4,"Use the net force, not a single force.",82,No calculator,False,Passed,Passed,Approved for Distribution
DOST-W4-267,4,Undergraduate,Part II — Power Test,Science,Physics,PHY2 — Forces and Newtonian Mechanics,normal force incline,SCI-APP,Recognition/Recall,Easy,Premium,English,,A block rests on an inclined surface. The normal force is directed:,vertically downward,parallel to the surface,perpendicular to the surface,opposite the block's velocity only,C,A normal force acts perpendicular to the contact surface.,,Force direction follows the physical interaction.,82,No calculator,False,Passed,Passed,Approved for Distribution
DOST-W4-268,4,Undergraduate,Part II — Power Test,Science,Physics,PHY2 — Forces and Newtonian Mechanics,action-reaction,SCI-APP,Analysis/Evaluation,Moderate,Premium,English,,A swimmer pushes water backward. The water pushes the swimmer forward. These forces are:,balanced forces on one object,frictionless forces,unrelated,a Newton's third-law pair,D,The forces act on different objects and are equal and opposite.,,Third-law pairs act on different bodies.,110,No calculator,False,Passed,Passed,Approved for Distribution
DOST-W4-269,4,Undergraduate,Part II — Power Test,Science,Physics,PHY2 — Forces and Newtonian Mechanics,centripetal acceleration,SCI-APP,Single-step Application,Moderate,Premium,English,,An object moves in a circle of radius 2 m at 6 m/s. Its centripetal acceleration is:,18 m/s²,3 m/s²,12 m/s²,36 m/s²,A,ac=v²/r=36/2=18 m/s².,36/2=18,Centripetal acceleration points toward the center.,110,No calculator,False,Passed,Passed,Approved for Distribution
DOST-W4-270,4,Undergraduate,Part II — Power Test,Science,Physics,PHY2 — Forces and Newtonian Mechanics,friction limit,SCI-APP,Analysis/Evaluation,Difficult,Premium,English,,"A box remains at rest while a horizontal pull increases from 2 N to 8 N. Before motion begins, static friction generally:",stays at zero,increases to match the pull up to its maximum,is always equal to kinetic friction,always exceeds the pull,B,Static friction adjusts as needed until its limiting value is reached.,,Static friction is variable before slipping.,145,No calculator,False,Passed,Passed,Approved for Distribution
DOST-W4-271,4,Undergraduate,Part II — Power Test,Science,Physics,"PHY3 — Work, Energy, Momentum, and Rotation",kinetic energy,SCI-APP,Single-step Application,Easy,Free,English,,What is the kinetic energy of a 2 kg object moving at 3 m/s?,3 J,6 J,9 J,18 J,C,K=½mv²=0.5×2×9=9 J.,K=9 J,Kinetic energy depends on speed squared.,82,No calculator,False,Passed,Passed,Approved for Distribution
DOST-W4-272,4,Undergraduate,Part II — Power Test,Science,Physics,"PHY3 — Work, Energy, Momentum, and Rotation",power,SCI-APP,Single-step Application,Moderate,Premium,English,,"A machine does 1,200 J of work in 30 s. Its average power is:",30 W,360 W,"1,230 W",40 W,D,P=W/t=1200/30=40 W.,1200/30=40,Power is the rate of doing work.,82,No calculator,False,Passed,Passed,Approved for Distribution
DOST-W4-273,4,Undergraduate,Part II — Power Test,Science,Physics,"PHY3 — Work, Energy, Momentum, and Rotation",momentum,SCI-APP,Single-step Application,Moderate,Premium,English,,A 4 kg cart moves at 5 m/s. Its momentum is:,20 kg·m/s,0.8 kg·m/s,9 kg·m/s,100 kg·m/s,A,p=mv=4×5=20 kg·m/s.,4×5=20,Momentum is mass times velocity.,82,No calculator,False,Passed,Passed,Approved for Distribution
DOST-W4-274,4,Undergraduate,Part II — Power Test,Science,Physics,"PHY3 — Work, Energy, Momentum, and Rotation",collision conservation,SCI-APP,Analysis/Evaluation,Difficult,Premium,English,,"During a short collision in an isolated system, total momentum is conserved because:",kinetic energy is always conserved,external impulse is negligible,both objects have equal mass,friction is impossible,B,"Internal forces cancel in pairs, leaving little net external impulse.",,Momentum conservation depends on the system boundary and external impulse.,145,No calculator,False,Passed,Passed,Approved for Distribution
DOST-W4-275,4,Undergraduate,Part II — Power Test,Science,Physics,"PHY3 — Work, Energy, Momentum, and Rotation",torque,SCI-APP,Single-step Application,Moderate,Premium,English,,A 10 N force acts perpendicular to a lever 0.4 m from the pivot. The torque magnitude is:,0.4 N·m,10 N·m,4 N·m,25 N·m,C,τ=rF=0.4×10=4 N·m.,0.4×10=4,Perpendicular force gives torque rF.,110,No calculator,False,Passed,Passed,Approved for Distribution
DOST-W4-276,4,Undergraduate,Part II — Power Test,Science,Physics,PHY4 — Fluids and Pressure,buoyant equilibrium,SCI-APP,Analysis/Evaluation,Moderate,Free,English,,A floating object displaces water whose weight is:,less than the object's weight,zero,equal to the object's volume,equal to the object's weight,D,"For floating equilibrium, buoyant force equals weight.",,Archimedes' principle links buoyancy to displaced fluid weight.,110,No calculator,False,Passed,Passed,Approved for Distribution
DOST-W4-277,4,Undergraduate,Part II — Power Test,Science,Physics,PHY4 — Fluids and Pressure,hydraulic pressure,SCI-APP,Single-step Application,Moderate,Premium,English,,A 50 N force acts on a piston of area 0.01 m². The fluid pressure is:,"5,000 Pa",5 Pa,50 Pa,500 Pa,A,"P=F/A=50/0.01=5,000 Pa.",50/0.01=5000,Pressure is force divided by area.,82,No calculator,False,Passed,Passed,Approved for Distribution
DOST-W4-278,4,Undergraduate,Part II — Power Test,Science,Physics,PHY5 — Heat and Thermodynamics,thermal equilibrium,SCI-APP,Recognition/Recall,Easy,Free,English,,Two objects in thermal contact reach thermal equilibrium when they have the same:,mass,temperature,specific heat,volume,B,No net heat flows once temperatures are equal.,,Thermal equilibrium is defined by equal temperature.,82,No calculator,False,Passed,Passed,Approved for Distribution
DOST-W4-279,4,Undergraduate,Part II — Power Test,Science,Physics,PHY5 — Heat and Thermodynamics,conduction,SCI-APP,Analysis/Evaluation,Moderate,Premium,English,,Heat conduction in a metal is efficient partly because:,the metal contains no atoms,all particles move freely as a liquid,mobile electrons transfer energy rapidly,temperature is absent,C,Mobile electrons and lattice vibrations transport energy.,,Microscopic structure explains macroscopic conductivity.,110,No calculator,False,Passed,Passed,Approved for Distribution
DOST-W4-280,4,Undergraduate,Part II — Power Test,Science,Physics,PHY5 — Heat and Thermodynamics,ideal gas work,SCI-APP,Analysis/Evaluation,Moderate,Premium,English,,"When a gas expands against an external pressure, it generally:",has no energy exchange,must cool to absolute zero,loses all particles,does work on the surroundings,D,Expansion force acting through distance transfers energy as work.,,Gas expansion can convert internal energy into mechanical work.,110,No calculator,False,Passed,Passed,Approved for Distribution
DOST-W4-281,4,Undergraduate,Part II — Power Test,Science,Physics,"PHY6 — Waves, Sound, and Optics",wave relation,SCI-APP,Single-step Application,Moderate,Free,English,,A wave has frequency 4 Hz and wavelength 3 m. Its speed is:,12 m/s,0.75 m/s,7 m/s,24 m/s,A,v=fλ=4×3=12 m/s.,4×3=12,Wave speed equals frequency times wavelength.,82,No calculator,False,Passed,Passed,Approved for Distribution
DOST-W4-282,4,Undergraduate,Part II — Power Test,Science,Physics,"PHY6 — Waves, Sound, and Optics",sound intensity,SCI-APP,Analysis/Evaluation,Moderate,Premium,English,,Sound intensity decreases with distance from a point source mainly because the same power spreads over:,a smaller frequency,a larger area,less time,a greater mass,B,Wave energy spreads over an expanding spherical area.,,Geometric spreading reduces intensity.,110,No calculator,False,Passed,Passed,Approved for Distribution
DOST-W4-283,4,Undergraduate,Part II — Power Test,Science,Physics,"PHY6 — Waves, Sound, and Optics",lens object position,SCI-DIAG,Analysis/Evaluation,Moderate,Premium,English,W4-PHYLENS-082,"In the lens diagram, the object is placed beyond the focal point of a converging lens. The image can be:",always virtual and upright,at the object position only,real and inverted,formed without refraction,C,An object outside the focal length of a converging lens forms a real inverted image.,,Image type depends on object distance relative to focal length.,110,No calculator,True,Passed,Passed,Approved for Distribution
DOST-W4-284,4,Undergraduate,Part II — Power Test,Science,Physics,"PHY6 — Waves, Sound, and Optics",reflection angle,SCI-APP,Single-step Application,Moderate,Premium,English,,A light ray strikes a mirror at 35° from the normal. Its reflection angle is:,20°,55°,70°,35°,D,"The angle of reflection equals the angle of incidence, both measured from the normal.",,Always measure mirror angles from the normal.,82,No calculator,False,Passed,Passed,Approved for Distribution
DOST-W4-285,4,Undergraduate,Part II — Power Test,Science,Physics,"PHY6 — Waves, Sound, and Optics",diffraction,SCI-APP,Analysis/Evaluation,Difficult,Premium,English,,Diffraction is most noticeable when an opening is:,comparable in size to the wavelength,much larger than every wavelength,completely closed,made of metal only,A,Waves spread strongly when aperture size is similar to wavelength.,,Relative size controls diffraction strength.,145,No calculator,False,Passed,Passed,Approved for Distribution
DOST-W4-286,4,Undergraduate,Part II — Power Test,Science,Physics,PHY7 — Electricity and Circuits,series resistance,SCI-DIAG,Single-step Application,Moderate,Free,English,W4-PHYCIR-083,The equivalent resistance of the 3 Ω and 6 Ω series resistors is:,2 Ω,9 Ω,3 Ω,6 Ω,B,Series resistances add: 3+6=9 Ω.,3+6=9,Series components carry the same current.,82,No calculator,True,Passed,Passed,Approved for Distribution
DOST-W4-287,4,Undergraduate,Part II — Power Test,Science,Physics,PHY7 — Electricity and Circuits,series current,SCI-DIAG,Single-step Application,Moderate,Premium,English,W4-PHYCIR-083,"With 18 V across a 9 Ω series circuit, the current is:",0.5 A,9 A,2 A,162 A,C,I=V/R=18/9=2 A.,18/9=2,Use the equivalent resistance in Ohm's law.,82,No calculator,True,Passed,Passed,Approved for Distribution
DOST-W4-288,4,Undergraduate,Part II — Power Test,Science,Physics,PHY7 — Electricity and Circuits,voltage drop,SCI-DIAG,Single-step Application,Moderate,Premium,English,W4-PHYCIR-083,What voltage drop occurs across the 6 Ω resistor when the series current is 2 A?,3 V,6 V,18 V,12 V,D,V=IR=2×6=12 V.,2×6=12,Voltage drop across a resistor is IR.,110,No calculator,True,Passed,Passed,Approved for Distribution
DOST-W4-289,4,Undergraduate,Part II — Power Test,Science,Physics,PHY7 — Electricity and Circuits,electric potential,SCI-APP,Recognition/Recall,Easy,Premium,English,,Electric potential difference is energy transferred per unit:,charge,mass,time,temperature,A,Voltage is joules per coulomb.,,Potential difference measures energy per charge.,110,No calculator,False,Passed,Passed,Approved for Distribution
DOST-W4-290,4,Undergraduate,Part II — Power Test,Science,Physics,PHY7 — Electricity and Circuits,magnetic force,SCI-APP,Analysis/Evaluation,Difficult,Premium,English,,A current-carrying wire placed perpendicular to a magnetic field experiences a force that is:,parallel to both,perpendicular to both current and field,always zero,directed only downward,B,The magnetic force direction follows the cross-product rule.,,Magnetic force is perpendicular to current and field.,145,No calculator,False,Passed,Passed,Approved for Distribution
DOST-W4-291,4,Undergraduate,Part II — Power Test,Science,Physics,PHY8 — Modern Physics and Oscillations,spring period,SCI-APP,Analysis/Evaluation,Difficult,Free,English,,"For an ideal mass-spring system, increasing the attached mass while keeping the spring unchanged makes the period:",shorter,zero,longer,unchanged,C,"T=2π√(m/k), so greater mass increases period.",,Period depends on the square root of mass.,110,No calculator,False,Passed,Passed,Approved for Distribution
DOST-W4-292,4,Undergraduate,Part II — Power Test,Science,Physics,PHY8 — Modern Physics and Oscillations,pendulum gravity,SCI-APP,Analysis/Evaluation,Difficult,Premium,English,,An ideal pendulum on a planet with weaker gravity would have a:,shorter period,zero period,period independent of gravity,longer period,D,"T∝1/√g, so weaker gravity increases period.",,Pendulum period depends on length and gravity.,110,No calculator,False,Passed,Passed,Approved for Distribution
DOST-W4-293,4,Undergraduate,Part II — Power Test,Science,Physics,PHY8 — Modern Physics and Oscillations,nuclear decay,SCI-APP,Analysis/Evaluation,Difficult,Premium,English,,"Radioactive decay is described as random for an individual nucleus, but a large sample shows:",predictable statistical behavior,no pattern at all,increasing mass,constant activity forever,A,Large numbers follow stable exponential-decay statistics.,,Random microscopic events can produce predictable population behavior.,145,No calculator,False,Passed,Passed,Approved for Distribution
DOST-W4-294,4,Undergraduate,Part II — Power Test,Science,Physics,PHY8 — Modern Physics and Oscillations,mass-energy,SCI-APP,Recognition/Recall,Easy,Premium,English,,Einstein's relation E=mc² implies that mass can be viewed as:,unrelated to energy,a form of energy,equal to force,a unit of time,B,Mass contributes to the total energy of a system.,,Mass-energy equivalence is fundamental in nuclear processes.,110,No calculator,False,Passed,Passed,Approved for Distribution
DOST-W4-295,4,Undergraduate,Part II — Power Test,Science,Physics,PHY8 — Modern Physics and Oscillations,electron energy levels,SCI-APP,Recognition/Recall,Easy,Premium,English,,"When an electron in an atom drops to a lower energy level, the atom may:",gain unlimited mass,lose its nucleus,emit a photon,stop interacting with light,C,The energy difference can be released as a photon.,,Atomic spectra arise from discrete energy-level transitions.,82,No calculator,False,Passed,Passed,Approved for Distribution
DOST-W4-296,4,Undergraduate,Part II — Power Test,Science,Physics,PHY9 — Physics Data and Experimental Reasoning,linear graph,SCI-APP,Analysis/Evaluation,Difficult,Premium,English,,"If force is plotted against acceleration for a constant-mass object, the graph's slope represents:",velocity,power,time,mass,D,"From F=ma, slope ΔF/Δa=m.",,Use the equation to interpret graph slope.,110,No calculator,False,Passed,Passed,Approved for Distribution
DOST-W4-297,4,Undergraduate,Part II — Power Test,Science,Physics,PHY9 — Physics Data and Experimental Reasoning,zero error,SCI-APP,Recognition/Recall,Easy,Premium,English,,A balance reads 0.05 g when empty. This indicates:,a zero offset that should be corrected,perfect calibration,random sampling,no measurement uncertainty,A,The instrument has a systematic zero error.,,Check instrument zero before measurement.,82,No calculator,False,Passed,Passed,Approved for Distribution
DOST-W4-298,4,Undergraduate,Part II — Power Test,Science,Physics,PHY9 — Physics Data and Experimental Reasoning,repeated timing,SCI-APP,Analysis/Evaluation,Difficult,Premium,English,,Timing ten oscillations and dividing by ten often improves a period measurement because it:,changes the true period,reduces the fractional effect of reaction-time error,eliminates gravity,makes the pendulum faster,B,The same start-stop uncertainty is spread over a longer total interval.,,Measure repeated cycles when individual periods are short.,110,No calculator,False,Passed,Passed,Approved for Distribution
DOST-W4-299,4,Undergraduate,Part II — Power Test,Science,Physics,PHY9 — Physics Data and Experimental Reasoning,best-fit line,SCI-APP,Analysis/Evaluation,Difficult,Premium,English,,A best-fit line is preferred to joining every data point because it:,forces every point to be exact,removes systematic error,represents the overall trend despite random scatter,changes the measured values,C,A trend line summarizes the relationship without following noise.,,Random scatter should not dictate a jagged model.,110,No calculator,False,Passed,Passed,Approved for Distribution
DOST-W4-300,4,Undergraduate,Part II — Power Test,Science,Physics,PHY9 — Physics Data and Experimental Reasoning,uncertainty percentage,SCI-APP,Single-step Application,Moderate,Premium,English,,A length is measured as 20.0±0.5 cm. The percentage uncertainty is:,0.5%,5%,20%,2.5%,D,0.5/20.0×100=2.5%.,0.5/20×100=2.5%,Percentage uncertainty compares absolute uncertainty with the measured value.,110,No calculator,False,Passed,Passed,Approved for Distribution
DOST-W4-301,4,Undergraduate,Part II — Power Test,Science,Earth Science,EARTH1 — Earth Materials and Geologic Processes,rock cycle,SCI-APP,Recognition/Recall,Easy,Free,English,,"When sedimentary rock melts and later cools, the final rock type is:",igneous,metamorphic only,sedimentary again without change,soil,A,"Melting produces magma, and cooling solidifies it into igneous rock.",,"Rock-cycle pathways are defined by processes, not starting material alone.",82,No calculator,False,Passed,Passed,Approved for Distribution
DOST-W4-302,4,Undergraduate,Part II — Power Test,Science,Earth Science,EARTH1 — Earth Materials and Geologic Processes,fault age,SCI-DATA,Analysis/Evaluation,Moderate,Premium,English,W4-EARTHFAULT-085,"In the diagram, the fault is younger than the rock layers because it:",lies beneath them,cuts and offsets them,contains fossils,is red,B,Cross-cutting relationships place the fault after the layers formed.,,A geologic feature is younger than what it cuts.,110,No calculator,True,Passed,Passed,Approved for Distribution
DOST-W4-303,4,Undergraduate,Part II — Power Test,Science,Earth Science,EARTH1 — Earth Materials and Geologic Processes,normal fault,SCI-APP,Recognition/Recall,Moderate,Premium,English,,A normal fault most commonly forms where the crust is:,being compressed,not stressed,being stretched,melting completely,C,Tensional stress pulls the crust apart and lowers the hanging wall.,,Fault type reflects the direction of crustal stress.,110,No calculator,False,Passed,Passed,Approved for Distribution
DOST-W4-304,4,Undergraduate,Part II — Power Test,Science,Earth Science,EARTH1 — Earth Materials and Geologic Processes,mineral cleavage,SCI-APP,Recognition/Recall,Easy,Premium,English,,Mineral cleavage describes the tendency to:,resist scratching,produce a colored powder only,attract a magnet,break along flat planes of weak bonding,D,Cleavage follows repeated structural weaknesses in the crystal.,,Cleavage and fracture describe different breakage patterns.,82,No calculator,False,Passed,Passed,Approved for Distribution
DOST-W4-305,4,Undergraduate,Part II — Power Test,Science,Earth Science,EARTH1 — Earth Materials and Geologic Processes,radiometric dating,SCI-APP,Analysis/Evaluation,Difficult,Premium,English,,Radiometric dating estimates age by measuring:,parent and daughter isotopes with known decay rates,rock color,fossil size only,weathering speed during one day,A,Known half-lives relate isotope ratios to elapsed time.,,Absolute dating relies on predictable radioactive decay.,145,No calculator,False,Passed,Passed,Approved for Distribution
DOST-W4-306,4,Undergraduate,Part II — Power Test,Science,Earth Science,"EARTH2 — Atmosphere, Weather, and Climate",front,SCI-APP,Recognition/Recall,Moderate,Free,English,,A cold front forms when:,warm air moves under cold air,advancing cold air pushes beneath warmer air,air pressure becomes zero,the ocean stops moving,B,Denser cold air lifts warm air along a steep boundary.,,Front type is named for the advancing air mass.,110,No calculator,False,Passed,Passed,Approved for Distribution
DOST-W4-307,4,Undergraduate,Part II — Power Test,Science,Earth Science,"EARTH2 — Atmosphere, Weather, and Climate",cloud formation,SCI-APP,Recognition/Recall,Easy,Premium,English,,Clouds commonly form when moist air cools to its:,boiling point,freezing point in every case,dew point,critical pressure,C,"At the dew point, air becomes saturated and condensation begins.",,Cooling reduces saturation capacity.,82,No calculator,False,Passed,Passed,Approved for Distribution
DOST-W4-308,4,Undergraduate,Part II — Power Test,Science,Earth Science,"EARTH2 — Atmosphere, Weather, and Climate",pressure gradient,SCI-APP,Analysis/Evaluation,Moderate,Premium,English,,Stronger winds generally occur where horizontal air-pressure differences over distance are:,smaller,zero,unrelated to wind,larger,D,A stronger pressure-gradient force accelerates air more strongly.,,Closely spaced isobars often indicate stronger winds.,110,No calculator,False,Passed,Passed,Approved for Distribution
DOST-W4-309,4,Undergraduate,Part II — Power Test,Science,Earth Science,"EARTH2 — Atmosphere, Weather, and Climate",El Niño,SCI-APP,Analysis/Evaluation,Difficult,Premium,English,,El Niño involves unusually warm surface water in the central and eastern tropical Pacific and can:,alter rainfall and circulation patterns across many regions,stop Earth's rotation,eliminate all tropical storms,change the Moon's orbit,A,Ocean-atmosphere coupling in the Pacific influences global weather patterns.,,"Climate variability can redistribute, not simply increase, rainfall.",145,No calculator,False,Passed,Passed,Approved for Distribution
DOST-W4-310,4,Undergraduate,Part II — Power Test,Science,Earth Science,"EARTH2 — Atmosphere, Weather, and Climate",albedo,SCI-APP,Recognition/Recall,Easy,Premium,English,,A surface with high albedo reflects:,all outgoing infrared only,a large fraction of incoming sunlight,no radiation,only radio waves,B,High-albedo surfaces reflect more shortwave solar energy.,,Surface reflectivity affects energy balance.,82,No calculator,False,Passed,Passed,Approved for Distribution
DOST-W4-311,4,Undergraduate,Part II — Power Test,Science,Earth Science,EARTH3 — Hydrology and Groundwater,stream lag,SCI-DATA,Analysis/Evaluation,Moderate,Free,English,W4-EARTHRAIN-084,Why does the stream level peak after the heaviest rainfall hour in the table?,Rainfall has no effect on streams.,Water instantly evaporates.,Runoff takes time to travel through the watershed.,Stream level controls earlier rainfall.,C,Watershed routing creates a delay between rainfall and peak discharge.,,Hydrographs often lag behind rainfall intensity.,110,No calculator,True,Passed,Passed,Approved for Distribution
DOST-W4-312,4,Undergraduate,Part II — Power Test,Science,Earth Science,EARTH3 — Hydrology and Groundwater,peak stream level,SCI-DATA,Recognition/Recall,Easy,Premium,English,W4-EARTHRAIN-084,At which hour was stream level highest?,Hour 2,Hour 3,Hour 5,Hour 4,D,The maximum listed stream level is 2.4 m at Hour 4.,,Read the maximum value from the correct column.,82,No calculator,True,Passed,Passed,Approved for Distribution
DOST-W4-313,4,Undergraduate,Part II — Power Test,Science,Earth Science,EARTH3 — Hydrology and Groundwater,aquifer recharge,SCI-APP,Analysis/Evaluation,Moderate,Premium,English,,Groundwater recharge is generally increased by:,infiltration through permeable soil,covering land with concrete,rapid surface runoff,pumping faster than replenishment,A,Recharge occurs when water penetrates downward to an aquifer.,,Permeability and land cover influence recharge.,110,No calculator,False,Passed,Passed,Approved for Distribution
DOST-W4-314,4,Undergraduate,Part II — Power Test,Science,Earth Science,EARTH3 — Hydrology and Groundwater,meander erosion,SCI-APP,Analysis/Evaluation,Moderate,Premium,English,,"In a river bend, erosion is usually strongest on the:",inner bank where deposition dominates,outer bank where velocity is greater,river center only,floodplain far from the channel,B,"Faster outer-bank flow promotes erosion, while slower inner flow deposits sediment.",,Velocity differences shape meanders.,110,No calculator,False,Passed,Passed,Approved for Distribution
DOST-W4-315,4,Undergraduate,Part II — Power Test,Science,Earth Science,EARTH3 — Hydrology and Groundwater,water treatment,SCI-APP,Analysis/Evaluation,Moderate,Premium,English,,Why is disinfection used after filtration in drinking-water treatment?,To add sediment,To increase turbidity,To inactivate disease-causing microorganisms that may remain,To remove all dissolved minerals,C,Filtration reduces particles but may not remove or kill every pathogen.,,Treatment uses multiple barriers for different contaminants.,110,No calculator,False,Passed,Passed,Approved for Distribution
DOST-W4-316,4,Undergraduate,Part II — Power Test,Science,Earth Science,EARTH4 — Astronomy and Earth-Sun-Moon Systems,Kepler law,SCI-APP,Recognition/Recall,Moderate,Free,English,,A planet farther from the Sun generally has a:,shorter orbital period,greater surface gravity necessarily,smaller orbit,longer orbital period,D,Kepler's third law links larger orbital size with longer period.,,Orbital period increases strongly with distance from the Sun.,110,No calculator,False,Passed,Passed,Approved for Distribution
DOST-W4-317,4,Undergraduate,Part II — Power Test,Science,Earth Science,EARTH4 — Astronomy and Earth-Sun-Moon Systems,lunar eclipse,SCI-APP,Recognition/Recall,Easy,Premium,English,,A lunar eclipse occurs when:,Earth lies between the Sun and Moon,the Moon lies between Earth and Sun,the Sun lies between Earth and Moon,the Moon stops reflecting light,A,Earth's shadow falls on the Moon.,,Distinguish lunar from solar eclipse geometry.,82,No calculator,False,Passed,Passed,Approved for Distribution
DOST-W4-318,4,Undergraduate,Part II — Power Test,Science,Earth Science,EARTH4 — Astronomy and Earth-Sun-Moon Systems,main sequence,SCI-APP,Recognition/Recall,Moderate,Premium,English,,A main-sequence star produces most of its energy by:,chemical burning,hydrogen fusion in its core,gravitational collapse only,radioactive decay of rocks,B,Core hydrogen fusion powers main-sequence stars.,,Stellar evolutionary stage is tied to the dominant energy source.,82,No calculator,False,Passed,Passed,Approved for Distribution
DOST-W4-319,4,Undergraduate,Part II — Power Test,Science,Earth Science,EARTH4 — Astronomy and Earth-Sun-Moon Systems,galaxy type,SCI-APP,Recognition/Recall,Moderate,Premium,English,,The Milky Way is classified as a:,elliptical galaxy only,irregular dwarf only,barred spiral galaxy,planetary nebula,C,The Milky Way has spiral structure with a central bar.,,Galaxies are classified by large-scale structure.,110,No calculator,False,Passed,Passed,Approved for Distribution
DOST-W4-320,4,Undergraduate,Part II — Power Test,Science,Earth Science,EARTH4 — Astronomy and Earth-Sun-Moon Systems,cosmic background,SCI-APP,Analysis/Evaluation,Difficult,Premium,English,,The cosmic microwave background is important evidence for:,a stationary unchanging universe only,weather on Mars,Earth's magnetic field,"an early hot, dense universe",D,It is remnant radiation from the early universe.,,Multiple observations support the expanding-universe model.,145,No calculator,False,Passed,Passed,Approved for Distribution
DOST-W4-321,4,Undergraduate,Part II — Power Test,Science,Earth Science,EARTH5 — Natural Hazards and Environmental Systems,landslide risk,SCI-APP,Analysis/Evaluation,Difficult,Free,English,,Landslide risk often increases after prolonged heavy rain because water:,raises pore pressure and reduces slope stability,turns all rock into magma,eliminates gravity,always strengthens soil,A,Saturation can reduce effective friction and add weight.,,"Slope failure depends on material, water, geometry, and disturbance.",145,No calculator,False,Passed,Passed,Approved for Distribution
DOST-W4-322,4,Undergraduate,Part II — Power Test,Science,Earth Science,EARTH5 — Natural Hazards and Environmental Systems,volcanic lahar,SCI-APP,Recognition/Recall,Moderate,Premium,English,,A lahar is a rapidly moving mixture of:,dry desert sand only,water and volcanic debris,ocean salt and ice,lava and atmospheric oxygen only,B,Rain or melted snow can mobilize ash and debris downslope.,,Volcanic hazards include flows beyond lava itself.,110,No calculator,False,Passed,Passed,Approved for Distribution
DOST-W4-323,4,Undergraduate,Part II — Power Test,Science,Earth Science,EARTH5 — Natural Hazards and Environmental Systems,risk,SCI-APP,Analysis/Evaluation,Difficult,Premium,English,,Disaster risk is generally greater when hazard exposure and vulnerability are high and:,the hazard map is colorful,population is zero,capacity to cope is low,weather is mild,C,Limited preparedness and resources increase consequences.,,"Risk depends on hazard, exposure, vulnerability, and capacity.",110,No calculator,False,Passed,Passed,Approved for Distribution
DOST-W4-324,4,Undergraduate,Part II — Power Test,Science,Earth Science,EARTH5 — Natural Hazards and Environmental Systems,circular economy,SCI-APP,Recognition/Recall,Moderate,Premium,English,,A circular-economy approach aims to:,maximize disposal after one use,prevent all manufacturing,increase extraction only,"keep materials in use through repair, reuse, and recycling",D,The goal is to reduce waste and retain material value.,,Circular systems extend product and material lifetimes.,110,No calculator,False,Passed,Passed,Approved for Distribution
DOST-W4-325,4,Undergraduate,Part II — Power Test,Science,Earth Science,EARTH5 — Natural Hazards and Environmental Systems,ecosystem service,SCI-APP,Analysis/Evaluation,Difficult,Premium,English,,Mangroves provide a regulating ecosystem service by:,reducing wave energy and trapping sediment,producing fossil fuel quickly,eliminating all storms,increasing coastal erosion,A,Mangrove roots can damp waves and stabilize shorelines.,,Ecosystems can provide protective physical functions.,110,No calculator,False,Passed,Passed,Approved for Distribution
DOST-W4-326,4,Undergraduate,Part II — Power Test,Mathematics,Mathematics,MATH1 — Number Sense and Proportional Reasoning,percent decrease,MATH-WP,Multi-step Application,Moderate,Free,English,,A quantity falls from 560 to 476. What is the percent decrease?,12%,15%,18%,84%,B,"The decrease is 84, and 84/560=0.15=15%.",560−476=84 | 84/560×100=15%,Percent change uses the original value.,82,No calculator,False,Passed,Passed,Approved for Distribution
DOST-W4-327,4,Undergraduate,Part II — Power Test,Mathematics,Mathematics,MATH1 — Number Sense and Proportional Reasoning,ratio sharing,MATH-WP,Multi-step Application,Moderate,Premium,English,,"A ₱36,000 budget is divided in the ratio 4:5:3. What is the largest share?","₱9,000","₱12,000","₱15,000","₱18,000",C,"There are 12 parts; each part is ₱3,000, so 5 parts equal ₱15,000.","36,000/12=3,000 | 5×3,000=15,000",Add ratio parts before dividing.,115,No calculator,False,Passed,Passed,Approved for Distribution
DOST-W4-328,4,Undergraduate,Part II — Power Test,Mathematics,Mathematics,MATH1 — Number Sense and Proportional Reasoning,unit conversion,MATH-WP,Single-step Application,Easy,Free,English,,A tank holds 3.6 m³ of water. How many liters is this?,360 L,"36,000 L","360,000 L","3,600 L",D,"One cubic meter equals 1,000 L, so 3.6 m³=3,600 L.",3.6×1000=3600,Use cubic-unit conversion factors carefully.,82,No calculator,False,Passed,Passed,Approved for Distribution
DOST-W4-329,4,Undergraduate,Part II — Power Test,Mathematics,Mathematics,MATH1 — Number Sense and Proportional Reasoning,fraction multiplication,MATH-WP,Single-step Application,Easy,Premium,English,,What is (7/9)(27/14)?,3/2,1/2,7/2,27/9,A,Cancel 7 with 14 and 27 with 9: (1/2)(3)=3/2.,,Simplify before multiplying.,115,No calculator,False,Passed,Passed,Approved for Distribution
DOST-W4-330,4,Undergraduate,Part II — Power Test,Mathematics,Mathematics,MATH1 — Number Sense and Proportional Reasoning,successive discounts,MATH-WP,Multi-step Application,Moderate,Premium,English,,"An item priced at ₱2,000 is discounted 20% and then 10%. What is the final price?","₱1,400","₱1,440","₱1,600","₱1,700",B,2000×0.80×0.90=1440.,2000×0.8=1600 | 1600×0.9=1440,Successive percentages multiply.,115,No calculator,False,Passed,Passed,Approved for Distribution
DOST-W4-331,4,Undergraduate,Part II — Power Test,Mathematics,Mathematics,MATH1 — Number Sense and Proportional Reasoning,scientific notation,MATH-WP,Multi-step Application,Moderate,Premium,English,,What is (6×10⁻⁴)(5×10⁶)?,3×10²,30×10¹⁰,3×10³,11×10²,C,Multiply coefficients and add exponents: 30×10²=3×10³.,6×5=30 | 10² | normalize to 3×10³,Normalize scientific notation after combining powers.,115,No calculator,False,Passed,Passed,Approved for Distribution
DOST-W4-332,4,Undergraduate,Part II — Power Test,Mathematics,Mathematics,MATH1 — Number Sense and Proportional Reasoning,direct variation,MATH-WP,Multi-step Application,Moderate,Premium,English,,"If y varies directly as x and y=18 when x=6, what is y when x=11?",22,27,36,33,D,"The constant is 18/6=3, so y=3(11)=33.",k=3 | y=33,"For direct variation, y/x is constant.",115,No calculator,False,Passed,Passed,Approved for Distribution
DOST-W4-333,4,Undergraduate,Part II — Power Test,Mathematics,Mathematics,MATH1 — Number Sense and Proportional Reasoning,inverse rate,MATH-WP,Multi-step Application,Moderate,Premium,English,,"Twelve workers finish a project in 18 days. At the same rate, how many days would 27 workers need?",8 days,6 days,12 days,40.5 days,A,Worker-days=12×18=216; 216/27=8 days.,12×18=216 | 216/27=8,"For fixed work, workers and time vary inversely.",155,No calculator,False,Passed,Passed,Approved for Distribution
DOST-W4-334,4,Undergraduate,Part II — Power Test,Mathematics,Mathematics,MATH1 — Number Sense and Proportional Reasoning,order of magnitude,MATH-WP,Single-step Application,Easy,Free,English,,Which is closest to √195?,10,14,12,20,B,"14²=196, so √195 is just below 14.",,Use nearby perfect squares.,82,No calculator,False,Passed,Passed,Approved for Distribution
DOST-W4-335,4,Undergraduate,Part II — Power Test,Mathematics,Mathematics,MATH1 — Number Sense and Proportional Reasoning,scale factor,MATH-WP,Multi-step Application,Moderate,Premium,English,,A model uses a 1:50 scale. A 7 cm model length represents:,0.14 m,0.35 m,3.5 m,35 m,C,7 cm×50=350 cm=3.5 m.,7×50=350 cm | 350 cm=3.5 m,Apply the scale and then convert units.,115,No calculator,False,Passed,Passed,Approved for Distribution
DOST-W4-336,4,Undergraduate,Part II — Power Test,Mathematics,Mathematics,MATH2 — Expressions and Algebraic Manipulation,simplification,MATH-WP,Multi-step Application,Moderate,Free,English,,Simplify 3(4x−5)−2(3x+7).,6x−1,18x−29,x−12,6x−29,D,12x−15−6x−14=6x−29.,expand | combine like terms,Distribute negative signs carefully.,82,No calculator,False,Passed,Passed,Approved for Distribution
DOST-W4-337,4,Undergraduate,Part II — Power Test,Mathematics,Mathematics,MATH2 — Expressions and Algebraic Manipulation,factor GCF,MATH-WP,Single-step Application,Easy,Free,English,,Factor 15a²b−10ab².,5ab(3a−2b),5ab(3a+2b),5a(3ab−2b²) only,ab(15a−10b²),A,The greatest common factor is 5ab.,,Extract the greatest common factor first.,82,No calculator,False,Passed,Passed,Approved for Distribution
DOST-W4-338,4,Undergraduate,Part II — Power Test,Mathematics,Mathematics,MATH2 — Expressions and Algebraic Manipulation,factor trinomial,MATH-WP,Single-step Application,Moderate,Premium,English,,Factor x²+2x−35.,(x−7)(x+5),(x+7)(x−5),(x+35)(x−1),(x−5)²,B,Numbers 7 and −5 multiply to −35 and add to 2.,,Match sum and product.,115,No calculator,False,Passed,Passed,Approved for Distribution
DOST-W4-339,4,Undergraduate,Part II — Power Test,Mathematics,Mathematics,MATH2 — Expressions and Algebraic Manipulation,sum of cubes,MATH-WP,Single-step Application,Moderate,Premium,English,,Factor x³+27.,(x+3)³,(x−3)(x²+3x+9),(x+3)(x²−3x+9),(x+27)(x²+1),C,a³+b³=(a+b)(a²−ab+b²).,,Recognize the sum-of-cubes pattern.,155,No calculator,False,Passed,Passed,Approved for Distribution
DOST-W4-340,4,Undergraduate,Part II — Power Test,Mathematics,Mathematics,MATH2 — Expressions and Algebraic Manipulation,laws of exponents,MATH-WP,Multi-step Application,Moderate,Premium,English,,Simplify (3x²y⁻¹)².,6x⁴/y,9x²/y²,3x⁴/y²,9x⁴/y²,D,Square the coefficient and double each exponent.,3²=9 | x^(2×2)=x⁴ | y^(−1×2)=y⁻²,Apply the outer exponent to every factor.,115,No calculator,False,Passed,Passed,Approved for Distribution
DOST-W4-341,4,Undergraduate,Part II — Power Test,Mathematics,Mathematics,MATH2 — Expressions and Algebraic Manipulation,rational algebra,MATH-WP,Single-step Application,Moderate,Premium,English,,"Simplify (x²−25)/(x−5), x≠5.",x+5,x−5,x²+5,1,A,"Factor as (x−5)(x+5), then cancel x−5.",,Factor before canceling common factors.,115,No calculator,False,Passed,Passed,Approved for Distribution
DOST-W4-342,4,Undergraduate,Part II — Power Test,Mathematics,Mathematics,MATH2 — Expressions and Algebraic Manipulation,radical simplification,MATH-WP,Multi-step Application,Moderate,Premium,English,,Simplify √(72m²) for m≥0.,8m√2,6m√2,12m,36m√2,B,72=36×2 and √m²=m.,√36=6 | result=6m√2,Extract perfect-square factors.,115,No calculator,False,Passed,Passed,Approved for Distribution
DOST-W4-343,4,Undergraduate,Part II — Power Test,Mathematics,Mathematics,MATH2 — Expressions and Algebraic Manipulation,fraction division,MATH-WP,Single-step Application,Easy,Free,English,,Simplify (5/6)÷(10/9).,4/3,5/9,3/4,25/60,C,Multiply by the reciprocal: 5/6×9/10=45/60=3/4.,,Divide fractions by multiplying by the reciprocal.,82,No calculator,False,Passed,Passed,Approved for Distribution
DOST-W4-344,4,Undergraduate,Part II — Power Test,Mathematics,Mathematics,MATH2 — Expressions and Algebraic Manipulation,polynomial substitution,MATH-WP,Single-step Application,Moderate,Premium,English,,"If Q(t)=2t³−t²+4, what is Q(−1)?",−7,3,7,1,D,2(−1)³−(−1)²+4=−2−1+4=1.,−2−1+4=1,Use parentheses when substituting negative values.,115,No calculator,False,Passed,Passed,Approved for Distribution
DOST-W4-345,4,Undergraduate,Part II — Power Test,Mathematics,Mathematics,MATH2 — Expressions and Algebraic Manipulation,binomial product,MATH-WP,Single-step Application,Easy,Free,English,,Expand (x−4)(x+6).,x²+2x−24,x²−2x−24,x²+10x−24,x²−24,A,x²+6x−4x−24=x²+2x−24.,,Multiply every term in one binomial by every term in the other.,82,No calculator,False,Passed,Passed,Approved for Distribution
DOST-W4-346,4,Undergraduate,Part II — Power Test,Mathematics,Mathematics,"MATH3 — Equations, Systems, and Inequalities",linear equation,MATH-WP,Multi-step Application,Moderate,Free,English,,Solve 5x+7=42.,5,7,9,35,B,"5x=35, so x=7.",5x=35 | x=7,Isolate the variable term.,82,No calculator,False,Passed,Passed,Approved for Distribution
DOST-W4-347,4,Undergraduate,Part II — Power Test,Mathematics,Mathematics,"MATH3 — Equations, Systems, and Inequalities",equation with parentheses,MATH-WP,Multi-step Application,Moderate,Premium,English,,Solve 3(x−2)=2x+5.,7,9,11,13,C,"3x−6=2x+5, so x=11.",3x−6=2x+5 | x=11,Expand before collecting variable terms.,115,No calculator,False,Passed,Passed,Approved for Distribution
DOST-W4-348,4,Undergraduate,Part II — Power Test,Mathematics,Mathematics,"MATH3 — Equations, Systems, and Inequalities",system elimination,MATH-WP,Multi-step Application,Moderate,Premium,English,,Solve 2x+3y=17 and 2x−y=5.,"x=2,y=3","x=5,y=1","x=3,y=4","x=4,y=3",D,"Subtract the second equation from the first: 4y=12, y=3; then x=4.",4y=12 | y=3 | 2x−3=5 | x=4,Eliminate one variable using aligned coefficients.,115,No calculator,False,Passed,Passed,Approved for Distribution
DOST-W4-349,4,Undergraduate,Part II — Power Test,Mathematics,Mathematics,"MATH3 — Equations, Systems, and Inequalities",system word problem,MATH-WP,Multi-step Application,Moderate,Premium,English,,Two notebooks and one pen cost ₱110. One notebook and two pens cost ₱100. What is the price of one notebook?,₱40,₱30,₱50,₱60,A,Let n and p be prices. Solving 2n+p=110 and n+2p=100 gives n=40.,2n+p=110 | n+2p=100 | 3n=120 | n=40,Translate purchases into simultaneous equations.,155,No calculator,False,Passed,Passed,Approved for Distribution
DOST-W4-350,4,Undergraduate,Part II — Power Test,Mathematics,Mathematics,"MATH3 — Equations, Systems, and Inequalities",compound inequality,MATH-WP,Single-step Application,Moderate,Premium,English,,Solve −3≤2x+1<9.,−1≤x<5,−2≤x<4,−4≤x<2,x<4,B,"Subtract 1 and divide by 2: −4≤2x<8, so −2≤x<4.",,Perform the same operation on all parts.,115,No calculator,False,Passed,Passed,Approved for Distribution
DOST-W4-351,4,Undergraduate,Part II — Power Test,Mathematics,Mathematics,"MATH3 — Equations, Systems, and Inequalities",absolute equation,MATH-WP,Single-step Application,Moderate,Premium,English,,Solve |2x−3|=7.,x=2 or x=−5,x=5 only,x=5 or x=−2,x=−2 only,C,2x−3=7 gives x=5; 2x−3=−7 gives x=−2.,2x−3=±7,Create two linear cases.,115,No calculator,False,Passed,Passed,Approved for Distribution
DOST-W4-352,4,Undergraduate,Part II — Power Test,Mathematics,Mathematics,"MATH3 — Equations, Systems, and Inequalities",quadratic roots,MATH-WP,Single-step Application,Easy,Free,English,,Solve x²+3x−10=0.,x=5 or x=−2,x=10 or x=−1,x=−2 only,x=2 or x=−5,D,(x+5)(x−2)=0.,,Set each factor equal to zero.,82,No calculator,False,Passed,Passed,Approved for Distribution
DOST-W4-353,4,Undergraduate,Part II — Power Test,Mathematics,Mathematics,"MATH3 — Equations, Systems, and Inequalities",radical equation,MATH-WP,Multi-step Application,Moderate,Free,English,,Solve √(x+1)=4.,x=15,x=3,x=8,x=17,A,"Square both sides: x+1=16, so x=15.",x+1=16 | x=15,Check solutions after squaring.,82,No calculator,False,Passed,Passed,Approved for Distribution
DOST-W4-354,4,Undergraduate,Part II — Power Test,Mathematics,Mathematics,"MATH3 — Equations, Systems, and Inequalities",rate equation,MATH-WP,Single-step Application,Easy,Free,English,,A pipe fills 1/6 of a tank per hour. How long does it take to fill the tank alone?,1/6 h,6 h,3 h,12 h,B,Time is the reciprocal of the rate: 6 hours.,,A whole-task time is the reciprocal of fractional rate.,82,No calculator,False,Passed,Passed,Approved for Distribution
DOST-W4-355,4,Undergraduate,Part II — Power Test,Mathematics,Mathematics,"MATH3 — Equations, Systems, and Inequalities",feasibility,MATH-WP,Single-step Application,Moderate,Premium,English,,Which point satisfies both x≥0 and x+y≤6?,"(−1,2)","(4,3)","(2,3)","(7,−2)",C,"(2,3) has x≥0 and 2+3=5≤6.",,Test every inequality for each candidate.,115,No calculator,False,Passed,Passed,Approved for Distribution
DOST-W4-356,4,Undergraduate,Part II — Power Test,Mathematics,Mathematics,"MATH4 — Functions, Relations, and Graphs",function value,MATH-WP,Single-step Application,Easy,Free,English,,"If f(x)=4−2x, what is f(−3)?",−10,−2,14,10,D,f(−3)=4−2(−3)=10.,4+6=10,Substitute the input with parentheses.,82,No calculator,False,Passed,Passed,Approved for Distribution
DOST-W4-357,4,Undergraduate,Part II — Power Test,Mathematics,Mathematics,"MATH4 — Functions, Relations, and Graphs",composition,MATH-WP,Multi-step Application,Moderate,Premium,English,,"If f(x)=x²−1 and g(x)=x+3, what is f(g(2))?",24,8,15,35,A,g(2)=5 and f(5)=25−1=24.,g(2)=5 | f(5)=24,Evaluate the inner function first.,115,No calculator,False,Passed,Passed,Approved for Distribution
DOST-W4-358,4,Undergraduate,Part II — Power Test,Mathematics,Mathematics,"MATH4 — Functions, Relations, and Graphs",inverse,MATH-WP,Single-step Application,Moderate,Premium,English,,"If h(x)=(x−4)/3, then h⁻¹(x) is:",x/3−4,3x+4,3x−4,(x+4)/3,B,Swap x and y and solve: y=3x+4.,,Undo division and subtraction in reverse order.,155,No calculator,False,Passed,Passed,Approved for Distribution
DOST-W4-359,4,Undergraduate,Part II — Power Test,Mathematics,Mathematics,"MATH4 — Functions, Relations, and Graphs",domain rational,MATH-WP,Single-step Application,Moderate,Premium,English,,What is the domain of f(x)=(x+1)/(x²−9)?,all real x,x>3 only,all real x except −3 and 3,x≠−1,C,The denominator is zero at x=±3.,,Exclude denominator zeros.,115,No calculator,False,Passed,Passed,Approved for Distribution
DOST-W4-360,4,Undergraduate,Part II — Power Test,Mathematics,Mathematics,"MATH4 — Functions, Relations, and Graphs",range quadratic,MATH-WP,Single-step Application,Moderate,Premium,English,,What is the minimum value of y=(x−2)²+5?,−5,0,2,5,D,"The squared term is at least zero, so the minimum is 5.",,Read the vertex form directly.,115,No calculator,False,Passed,Passed,Approved for Distribution
DOST-W4-361,4,Undergraduate,Part II — Power Test,Mathematics,Mathematics,"MATH4 — Functions, Relations, and Graphs",line equation,MATH-WP,Single-step Application,Easy,Free,English,,"Which equation has slope 3 and passes through (0,−2)?",y=3x−2,y=−2x+3,y=3x+2,y=−3x−2,A,Slope-intercept form is y=mx+b with m=3 and b=−2.,,A point with x=0 gives the y-intercept.,82,No calculator,False,Passed,Passed,Approved for Distribution
DOST-W4-362,4,Undergraduate,Part II — Power Test,Mathematics,Mathematics,"MATH4 — Functions, Relations, and Graphs",perpendicular slope,MATH-WP,Single-step Application,Moderate,Premium,English,,A line perpendicular to y=(1/2)x+4 has slope:,−1/2,−2,1/2,2,B,Perpendicular slopes are negative reciprocals.,,"For nonvertical lines, m1m2=−1.",115,No calculator,False,Passed,Passed,Approved for Distribution
DOST-W4-363,4,Undergraduate,Part II — Power Test,Mathematics,Mathematics,"MATH4 — Functions, Relations, and Graphs",exponential decay,MATH-WP,Single-step Application,Easy,Free,English,,A quantity follows A=800(1/2)^t. What is A when t=3?,50,200,100,400,C,800/2³=800/8=100.,800÷8=100,Apply one halving per time unit.,82,No calculator,False,Passed,Passed,Approved for Distribution
DOST-W4-364,4,Undergraduate,Part II — Power Test,Mathematics,Mathematics,"MATH4 — Functions, Relations, and Graphs",piecewise evaluation,MATH-WP,Single-step Application,Moderate,Premium,English,,Let f(x)=2x for x<1 and f(x)=x+5 for x≥1. What is f(1)?,1,2,5,6,D,"Because 1≥1, use x+5=6.",,Use the condition that includes the boundary value.,115,No calculator,False,Passed,Passed,Approved for Distribution
DOST-W4-365,4,Undergraduate,Part II — Power Test,Mathematics,Mathematics,"MATH4 — Functions, Relations, and Graphs",function test,MATH-WP,Single-step Application,Easy,Premium,English,,Which relation is a function?,"{(0,3),(1,3),(2,3)}","{(1,2),(1,4),(2,5)}","{(2,1),(2,2),(3,4)}","{(−1,0),(−1,1),(0,2)}",A,Each input in the second relation has exactly one output.,,Repeated outputs are allowed; repeated inputs with different outputs are not.,82,No calculator,False,Passed,Passed,Approved for Distribution
DOST-W4-366,4,Undergraduate,Part II — Power Test,Mathematics,Mathematics,MATH5 — Geometry and Measurement,triangle exterior angle,MATH-WP,Single-step Application,Easy,Free,English,,A triangle has remote interior angles 48° and 67°. The exterior angle is:,19°,115°,65°,125°,B,An exterior angle equals the sum of the two remote interior angles: 48+67=115°.,48+67=115,Use the exterior-angle theorem.,82,No calculator,False,Passed,Passed,Approved for Distribution
DOST-W4-367,4,Undergraduate,Part II — Power Test,Mathematics,Mathematics,MATH5 — Geometry and Measurement,similar triangles,MATH-WP,Multi-step Application,Moderate,Premium,English,,"A 9 cm side corresponds to a 15 cm side in a similar triangle. If another side is 12 cm in the first triangle, its corresponding length is:",16 cm,18 cm,20 cm,24 cm,C,Scale factor=15/9=5/3; 12×5/3=20.,15/9=5/3 | 12×5/3=20,Use one consistent scale factor.,115,No calculator,False,Passed,Passed,Approved for Distribution
DOST-W4-368,4,Undergraduate,Part II — Power Test,Mathematics,Mathematics,MATH5 — Geometry and Measurement,circle circumference,MATH-WP,Single-step Application,Easy,Premium,English,,A circle has radius 7 cm. Its circumference is:,7π cm,49π cm,98π cm,14π cm,D,C=2πr=14π.,,Circumference is 2πr.,82,No calculator,False,Passed,Passed,Approved for Distribution
DOST-W4-369,4,Undergraduate,Part II — Power Test,Mathematics,Mathematics,MATH5 — Geometry and Measurement,sector area,MATH-WP,Single-step Application,Moderate,Premium,English,,A 120° sector of a circle with radius 6 cm has area:,12π cm²,6π cm²,18π cm²,36π cm²,A,120/360×π(6²)=1/3×36π=12π.,1/3×36π=12π,Use the same fraction of total circle area as the central angle.,115,No calculator,False,Passed,Passed,Approved for Distribution
DOST-W4-370,4,Undergraduate,Part II — Power Test,Mathematics,Mathematics,MATH5 — Geometry and Measurement,cone volume,MATH-WP,Single-step Application,Moderate,Premium,English,,A cone has radius 3 cm and height 8 cm. Its volume is:,12π cm³,24π cm³,48π cm³,72π cm³,B,V=1/3πr²h=1/3×π×9×8=24π.,72π/3=24π,Cone volume is one-third of the matching cylinder.,115,No calculator,False,Passed,Passed,Approved for Distribution
DOST-W4-371,4,Undergraduate,Part II — Power Test,Mathematics,Mathematics,MATH5 — Geometry and Measurement,sphere surface area,MATH-WP,Single-step Application,Easy,Premium,English,,A sphere of radius 4 cm has surface area:,16π cm²,32π cm²,64π cm²,256π cm²,C,Surface area=4πr²=4π(16)=64π.,,Use 4πr² for a sphere.,82,No calculator,False,Passed,Passed,Approved for Distribution
DOST-W4-372,4,Undergraduate,Part II — Power Test,Mathematics,Mathematics,MATH5 — Geometry and Measurement,midpoint,MATH-WP,Single-step Application,Moderate,Premium,English,,"What is the midpoint of (−4,6) and (8,−2)?","(4,4)","(2,4)","(6,2)","(2,2)",D,"Average coordinates: ((−4+8)/2,(6−2)/2)=(2,2).",,Average x-values and y-values separately.,115,No calculator,False,Passed,Passed,Approved for Distribution
DOST-W4-373,4,Undergraduate,Part II — Power Test,Mathematics,Mathematics,MATH5 — Geometry and Measurement,parallel lines geometry,MATH-WP,Single-step Application,Easy,Premium,English,,"If alternate interior angles are congruent, the two lines are:",parallel,perpendicular,intersecting at 45°,coincident only,A,The converse of the alternate-interior-angle theorem establishes parallelism.,,Angle relationships can prove lines parallel.,82,No calculator,False,Passed,Passed,Approved for Distribution
DOST-W4-374,4,Undergraduate,Part II — Power Test,Mathematics,Mathematics,MATH5 — Geometry and Measurement,regular polygon interior,MATH-WP,Single-step Application,Moderate,Premium,English,,Each interior angle of a regular octagon is:,108°,135°,120°,144°,B,Sum=(8−2)180=1080; divide by 8 gives 135°.,1080/8=135,"Find total interior angle sum, then divide by number of sides.",115,No calculator,False,Passed,Passed,Approved for Distribution
DOST-W4-375,4,Undergraduate,Part II — Power Test,Mathematics,Mathematics,MATH5 — Geometry and Measurement,composite volume,MATH-WP,Multi-step Application,Moderate,Premium,English,,A rectangular tank measures 3 m×2 m×1.5 m and is filled to two-thirds of its capacity. Water volume is:,3 m³,9 m³,6 m³,12 m³,C,Full volume=9 m³; two-thirds is 6 m³.,3×2×1.5=9 | 2/3×9=6,Find total capacity before applying the filled fraction.,115,No calculator,False,Passed,Passed,Approved for Distribution
DOST-W4-376,4,Undergraduate,Part II — Power Test,Mathematics,Mathematics,MATH6 — Trigonometry,sine ratio,MATH-WP,Single-step Application,Easy,Free,English,,"In a right triangle, the opposite side is 12 and the hypotenuse is 13. What is sinθ?",5/13,13/12,12/5,12/13,D,sinθ=opposite/hypotenuse=12/13.,,Sine compares opposite side with hypotenuse.,82,No calculator,False,Passed,Passed,Approved for Distribution
DOST-W4-377,4,Undergraduate,Part II — Power Test,Mathematics,Mathematics,MATH6 — Trigonometry,cosine ratio,MATH-WP,Single-step Application,Easy,Premium,English,,Adjacent=8 and hypotenuse=17. What is cosθ?,8/17,8/15,15/17,17/8,A,cosθ=adjacent/hypotenuse=8/17.,,Cosine compares adjacent side with hypotenuse.,82,No calculator,False,Passed,Passed,Approved for Distribution
DOST-W4-378,4,Undergraduate,Part II — Power Test,Mathematics,Mathematics,MATH6 — Trigonometry,tangent application,MATH-WP,Single-step Application,Easy,Premium,English,,A tree casts a 10 m shadow when the angle of elevation of the Sun is 45°. The tree's height is:,5 m,10 m,10√2 m,20 m,B,"tan45°=h/10=1, so h=10 m.",,"At 45°, opposite and adjacent are equal.",82,No calculator,False,Passed,Passed,Approved for Distribution
DOST-W4-379,4,Undergraduate,Part II — Power Test,Mathematics,Mathematics,MATH6 — Trigonometry,special angle,MATH-WP,Single-step Application,Easy,Premium,English,,What is cos60°?,0,√2/2,1/2,√3/2,C,The standard exact value is 1/2.,,Use special-angle values.,82,No calculator,False,Passed,Passed,Approved for Distribution
DOST-W4-380,4,Undergraduate,Part II — Power Test,Mathematics,Mathematics,MATH6 — Trigonometry,law of cosines,MATH-WP,Single-step Application,Moderate,Premium,English,,Two sides of a triangle are 6 and 8 with included angle 60°. The opposite side squared is:,28,36,100,52,D,c²=36+64−2(6)(8)(1/2)=100−48=52.,100−48=52,Use the included angle in the law of cosines.,155,No calculator,False,Passed,Passed,Approved for Distribution
DOST-W4-381,4,Undergraduate,Part II — Power Test,Mathematics,Mathematics,MATH6 — Trigonometry,law of sines,MATH-WP,Single-step Application,Moderate,Premium,English,,Side a=9 is opposite 30°. Side b is opposite 90°. What is b?,18,4.5,9,27,A,9/sin30=b/sin90; 9/0.5=18.,9/0.5=18,Pair each side with its opposite angle.,115,No calculator,False,Passed,Passed,Approved for Distribution
DOST-W4-382,4,Undergraduate,Part II — Power Test,Mathematics,Mathematics,MATH6 — Trigonometry,identity,MATH-WP,Single-step Application,Easy,Premium,English,,Simplify sin²θ+cos²θ.,0,1,tan²θ,2,B,The Pythagorean identity equals 1.,,Recognize fundamental trigonometric identities.,82,No calculator,False,Passed,Passed,Approved for Distribution
DOST-W4-383,4,Undergraduate,Part II — Power Test,Mathematics,Mathematics,MATH6 — Trigonometry,bearing magnitude,MATH-WP,Single-step Application,Easy,Premium,English,,A displacement is 9 km east and 12 km north. Its magnitude is:,18 km,21 km,15 km,108 km,C,√(9²+12²)=√225=15 km.,√225=15,Perpendicular components form a right triangle.,82,No calculator,False,Passed,Passed,Approved for Distribution
DOST-W4-384,4,Undergraduate,Part II — Power Test,Mathematics,Mathematics,MATH6 — Trigonometry,angle from ratio,MATH-WP,Single-step Application,Easy,Premium,English,,"If sinθ=√3/2 and θ is acute, θ is:",30°,45°,90°,60°,D,sin60°=√3/2.,,Match exact special-angle ratios.,82,No calculator,False,Passed,Passed,Approved for Distribution
DOST-W4-385,4,Undergraduate,Part II — Power Test,Mathematics,Mathematics,MATH6 — Trigonometry,two-step height,MATH-WP,Single-step Application,Moderate,Premium,English,,"From a point 30 m from a tower, the angle of elevation is 30°. Ignoring eye height, the tower height is:",10√3 m,15 m,30√3 m,60 m,A,h=30 tan30°=30/√3=10√3 m.,30/√3=10√3,Use tangent for opposite and adjacent sides.,115,No calculator,False,Passed,Passed,Approved for Distribution
DOST-W4-386,4,Undergraduate,Part II — Power Test,Mathematics,Mathematics,MATH7 — Sequences and Pattern Reasoning,arithmetic nth term,MATH-WP,Analysis/Evaluation,Difficult,Free,English,,"Find the 18th term of 4, 9, 14, 19, ...",84,89,94,99,B,a18=4+17(5)=89.,4+85=89,Use a_n=a_1+(n−1)d.,115,No calculator,False,Passed,Passed,Approved for Distribution
DOST-W4-387,4,Undergraduate,Part II — Power Test,Mathematics,Mathematics,MATH7 — Sequences and Pattern Reasoning,arithmetic sum,MATH-WP,Multi-step Application,Moderate,Premium,English,,"Find the sum of the first 15 terms of 2, 5, 8, ...",315,330,345,360,C,a15=2+14(3)=44; S=15(2+44)/2=345.,a15=44 | S=15×46/2=345,Find the final term before using the sum formula.,155,No calculator,False,Passed,Passed,Approved for Distribution
DOST-W4-388,4,Undergraduate,Part II — Power Test,Mathematics,Mathematics,MATH7 — Sequences and Pattern Reasoning,geometric nth term,MATH-WP,Analysis/Evaluation,Difficult,Premium,English,,"Find the 8th term of 3, 6, 12, ...",192,256,768,384,D,a8=3×2⁷=384.,3×128=384,The exponent is n−1.,115,No calculator,False,Passed,Passed,Approved for Distribution
DOST-W4-389,4,Undergraduate,Part II — Power Test,Mathematics,Mathematics,MATH7 — Sequences and Pattern Reasoning,geometric sum,MATH-WP,Analysis/Evaluation,Moderate,Premium,English,,Find 2+6+18+54.,80,72,96,108,A,The sum is 80.,,Add directly or use a finite geometric-series formula.,82,No calculator,False,Passed,Passed,Approved for Distribution
DOST-W4-390,4,Undergraduate,Part II — Power Test,Mathematics,Mathematics,MATH7 — Sequences and Pattern Reasoning,recursive rule,MATH-WP,Analysis/Evaluation,Difficult,Premium,English,,"What is the next term: 5, 12, 26, 54, ____?",82,110,106,112,B,Each term is twice the previous plus 2: 54×2+2=110.,,Test the recurrence across every transition.,115,No calculator,False,Passed,Passed,Approved for Distribution
DOST-W4-391,4,Undergraduate,Part II — Power Test,Mathematics,Mathematics,MATH7 — Sequences and Pattern Reasoning,difference pattern,MATH-WP,Analysis/Evaluation,Difficult,Premium,English,,"The sequence 1, 5, 11, 19, 29 has differences 4,6,8,10. The next term is:",39,43,41,45,C,"The next difference is 12, so 29+12=41.",,Constant second differences indicate a quadratic pattern.,115,No calculator,False,Passed,Passed,Approved for Distribution
DOST-W4-392,4,Undergraduate,Part II — Power Test,Mathematics,Mathematics,MATH7 — Sequences and Pattern Reasoning,alternating operations,MATH-WP,Analysis/Evaluation,Difficult,Premium,English,,"Find the next term: 6, 18, 16, 48, 46, ____",92,140,144,138,D,"The pattern alternates ×3, −2; 46×3=138.",,Separate alternating operations.,115,No calculator,False,Passed,Passed,Approved for Distribution
DOST-W4-393,4,Undergraduate,Part II — Power Test,Mathematics,Mathematics,MATH7 — Sequences and Pattern Reasoning,recursive addition,MATH-WP,Analysis/Evaluation,Moderate,Premium,English,,"A sequence begins 2, 5, 7, 12, 19. What is the next term?",31,24,28,38,A,Each term after the second is the sum of the previous two: 12+19=31.,,Check whether each term combines previous terms.,82,No calculator,False,Passed,Passed,Approved for Distribution
DOST-W4-394,4,Undergraduate,Part II — Power Test,Mathematics,Mathematics,MATH7 — Sequences and Pattern Reasoning,explicit rule,MATH-WP,Analysis/Evaluation,Difficult,Premium,English,,"Which formula generates 7,11,15,19,...?",a_n=4n−1,a_n=4n+3,a_n=7n−3,a_n=3n+4,B,"For n=1, 4(1)+3=7 and the common difference is 4.",,Match both first term and common difference.,115,No calculator,False,Passed,Passed,Approved for Distribution
DOST-W4-395,4,Undergraduate,Part II — Power Test,Mathematics,Mathematics,MATH7 — Sequences and Pattern Reasoning,growth comparison,MATH-WP,Analysis/Evaluation,Difficult,Premium,English,,"For sufficiently large n, which grows fastest?",n³,3n,3^n,√n,C,Exponential growth eventually exceeds polynomial and root growth.,,Compare long-run growth classes.,155,No calculator,False,Passed,Passed,Approved for Distribution
DOST-W4-396,4,Undergraduate,Part II — Power Test,Mathematics,Mathematics,MATH8 — Statistics and Probability,mean unknown,MATH-WP,Analysis/Evaluation,Difficult,Free,English,,"The mean of 6, 9, 11, 14, and x is 12. Find x.",10,15,24,20,D,"Total must be 60; known total is 40, so x=20.",60−40=20,Mean times number of values gives total.,115,No calculator,False,Passed,Passed,Approved for Distribution
DOST-W4-397,4,Undergraduate,Part II — Power Test,Mathematics,Mathematics,MATH8 — Statistics and Probability,median,MATH-WP,Analysis/Evaluation,Moderate,Premium,English,,"What is the median of 4, 12, 7, 9, 15, and 3?",8,7,9,10,A,"Ordered values are 3,4,7,9,12,15; median=(7+9)/2=8.",,Order the data before locating the middle.,82,No calculator,False,Passed,Passed,Approved for Distribution
DOST-W4-398,4,Undergraduate,Part II — Power Test,Mathematics,Mathematics,MATH8 — Statistics and Probability,variance concept,MATH-WP,Analysis/Evaluation,Difficult,Premium,English,,Which data set has zero variance?,"2,4,6,8","5,5,5,5","1,1,2,2","0,5,10,15",B,Variance is zero only when all values are identical.,,Variance measures spread around the mean.,82,No calculator,False,Passed,Passed,Approved for Distribution
DOST-W4-399,4,Undergraduate,Part II — Power Test,Mathematics,Mathematics,MATH8 — Statistics and Probability,simple probability,MATH-WP,Analysis/Evaluation,Difficult,Premium,English,,A card is chosen from numbers 1–10. Probability it is a multiple of 3 is:,1/5,2/5,3/10,1/2,C,"The favorable numbers are 3,6,9: 3 out of 10.",,Count favorable outcomes in the sample space.,82,No calculator,False,Passed,Passed,Approved for Distribution
DOST-W4-400,4,Undergraduate,Part II — Power Test,Mathematics,Mathematics,MATH8 — Statistics and Probability,complement probability,MATH-WP,Analysis/Evaluation,Difficult,Premium,English,,"If the probability of rain is 0.35, the probability of no rain is:",0.35,0.50,1.35,0.65,D,The complement is 1−0.35=0.65.,,Complementary probabilities sum to 1.,82,No calculator,False,Passed,Passed,Approved for Distribution
DOST-W4-401,4,Undergraduate,Part II — Power Test,Mathematics,Mathematics,MATH8 — Statistics and Probability,conditional probability,MATH-WP,Analysis/Evaluation,Difficult,Premium,English,,"A box has 4 red and 6 blue balls. Given that the selected ball is not blue, the probability it is red is:",1,2/5,3/5,4/10,A,Not blue means the ball must be red.,,Restrict the sample space to the given condition.,115,No calculator,False,Passed,Passed,Approved for Distribution
DOST-W4-402,4,Undergraduate,Part II — Power Test,Mathematics,Mathematics,MATH8 — Statistics and Probability,combination,MATH-WP,Analysis/Evaluation,Difficult,Premium,English,,How many committees of 3 can be chosen from 6 people?,18,20,60,120,B,6C3=20.,,Order does not matter in a committee.,115,No calculator,False,Passed,Passed,Approved for Distribution
DOST-W4-403,4,Undergraduate,Part II — Power Test,Mathematics,Mathematics,MATH8 — Statistics and Probability,permutation,MATH-WP,Analysis/Evaluation,Difficult,Premium,English,,"How many three-letter arrangements can be made from A, B, C, D without repetition?",4,12,24,64,C,4P3=4×3×2=24.,,Order matters in arrangements.,115,No calculator,False,Passed,Passed,Approved for Distribution
DOST-W4-404,4,Undergraduate,Part II — Power Test,Mathematics,Mathematics,MATH8 — Statistics and Probability,expected value,MATH-WP,Analysis/Evaluation,Difficult,Premium,English,,A game pays ₱20 with probability 0.25 and ₱0 otherwise. Expected payout is:,₱4,₱10,₱20,₱5,D,20(0.25)=₱5.,,Expected value is the probability-weighted average.,115,No calculator,False,Passed,Passed,Approved for Distribution
DOST-W4-405,4,Undergraduate,Part II — Power Test,Mathematics,Mathematics,MATH8 — Statistics and Probability,correlation caution,MATH-WP,Analysis/Evaluation,Difficult,Premium,English,,A strong correlation between two variables means:,"they vary together, but causation is not automatically established",one definitely causes the other,the variables are identical,no third factor can matter,A,Correlation alone does not isolate cause.,,Look for confounders and study design before claiming causation.,155,No calculator,False,Passed,Passed,Approved for Distribution
DOST-W4-406,4,Undergraduate,Part II — Power Test,Mathematics,Mathematics,MATH9 — Applied Quantitative Problems,simple interest,MATH-WP,Single-step Application,Easy,Free,English,,"What simple interest is earned on ₱12,000 at 4% per year for 3 years?",₱480,"₱1,440",₱960,"₱13,440",B,I=Prt=12000×0.04×3=1440.,"12,000×0.12=1,440",Simple interest uses the original principal.,82,No calculator,False,Passed,Passed,Approved for Distribution
DOST-W4-407,4,Undergraduate,Part II — Power Test,Mathematics,Mathematics,MATH9 — Applied Quantitative Problems,compound interest,MATH-WP,Single-step Application,Moderate,Premium,English,,"₱5,000 grows at 20% annually for 2 years. Final amount is:","₱6,000","₱7,000","₱7,200","₱10,000",C,5000(1.2)²=5000(1.44)=7200.,5000×1.44=7200,Compound growth applies to the updated balance.,115,No calculator,False,Passed,Passed,Approved for Distribution
DOST-W4-408,4,Undergraduate,Part II — Power Test,Mathematics,Mathematics,MATH9 — Applied Quantitative Problems,combined work,MATH-WP,Multi-step Application,Moderate,Premium,English,,One pump fills a tank in 8 h and another in 12 h. Together they take:,5 h,10 h,20 h,4 h 48 min,D,Rate=1/8+1/12=5/24 tank/h; time=24/5 h=4.8 h=4 h 48 min.,5/24 | 24/5 h,Add rates and then take the reciprocal.,155,No calculator,False,Passed,Passed,Approved for Distribution
DOST-W4-409,4,Undergraduate,Part II — Power Test,Mathematics,Mathematics,MATH9 — Applied Quantitative Problems,mixture,MATH-WP,Multi-step Application,Moderate,Premium,English,,How many liters of 60% solution should be mixed with 8 L of 15% solution to make 30% solution?,4 L,2 L,6 L,8 L,A,"0.6x+1.2=0.3(x+8); 0.3x=1.2, so x=4.",0.6x+1.2=0.3x+2.4 | x=4,Conserve the amount of solute.,155,No calculator,False,Passed,Passed,Approved for Distribution
DOST-W4-410,4,Undergraduate,Part II — Power Test,Mathematics,Mathematics,MATH9 — Applied Quantitative Problems,relative motion,MATH-WP,Single-step Application,Moderate,Premium,English,,"Two vehicles leave the same point in the same direction at 50 km/h and 70 km/h. After 3 h, the faster vehicle is ahead by:",20 km,60 km,40 km,210 km,B,Relative speed=20 km/h; lead=20×3=60 km.,20×3=60,Same-direction separation uses the speed difference.,115,No calculator,False,Passed,Passed,Approved for Distribution
DOST-W4-411,4,Undergraduate,Part II — Power Test,Mathematics,Mathematics,MATH9 — Applied Quantitative Problems,age problem,MATH-WP,Multi-step Application,Moderate,Premium,English,,"Mia is twice Leo's age. In 6 years, their ages will total 42. Leo's current age is:",8,12,10,14,C,"Let Leo=x and Mia=2x. Then x+6+2x+6=42, so 3x=30 and x=10.",3x+12=42 | x=10,Translate both present and future ages.,115,No calculator,False,Passed,Passed,Approved for Distribution
DOST-W4-412,4,Undergraduate,Part II — Power Test,Mathematics,Mathematics,MATH9 — Applied Quantitative Problems,fixed perimeter optimization,MATH-WP,Single-step Application,Moderate,Premium,English,,Which rectangle with perimeter 32 m has the greatest area?,1×15,4×12,6×10,8×8,D,"For fixed perimeter, the square gives maximum area.",,The square maximizes rectangle area for fixed perimeter.,115,No calculator,False,Passed,Passed,Approved for Distribution
DOST-W4-413,4,Undergraduate,Part II — Power Test,Mathematics,Mathematics,MATH9 — Applied Quantitative Problems,tax and discount,MATH-WP,Multi-step Application,Moderate,Premium,English,,"A ₱1,500 item is discounted 10%, then 12% tax is applied. Final price is:","₱1,512","₱1,350","₱1,500","₱1,680",A,1500×0.90×1.12=1512.,1500×0.9=1350 | 1350×1.12=1512,Apply successive percentage factors in order.,115,No calculator,False,Passed,Passed,Approved for Distribution
DOST-W4-414,4,Undergraduate,Part II — Power Test,Mathematics,Mathematics,MATH9 — Applied Quantitative Problems,ratio contribution,MATH-WP,Single-step Application,Easy,Premium,English,,"Three partners invest in the ratio 2:5:3. A ₱50,000 profit is shared proportionally. The middle ratio share receives:","₱10,000","₱25,000","₱15,000","₱30,000",B,"Total parts=10; five parts receive half the profit=₱25,000.","50,000×5/10=25,000",Use the ratio share as a fraction of the total.,82,No calculator,False,Passed,Passed,Approved for Distribution
DOST-W4-415,4,Undergraduate,Part II — Power Test,Mathematics,Mathematics,MATH9 — Applied Quantitative Problems,average speed,MATH-WP,Single-step Application,Moderate,Premium,English,,A cyclist travels 40 km at 20 km/h and 40 km at 40 km/h. Average speed is:,24 km/h,30 km/h,26.7 km/h,32 km/h,C,Total distance=80; total time=2+1=3 h; average=80/3≈26.7 km/h.,80/3≈26.7,Equal distances do not make the arithmetic mean of speeds valid.,155,No calculator,False,Passed,Passed,Approved for Distribution
DOST-W4-416,4,Undergraduate,Part II — Power Test,Mathematics,Mathematics,"MATH10 — Tables, Charts, and Quantitative Interpretation",total passengers,MATH-DATA,Analysis/Evaluation,Difficult,Free,English,W4-MATHTRAN-086,What is the total number of passengers across all four routes?,"4,540","5,040","6,040","5,540",D,1200+1500+1080+1760=5540.,sum=5540,Add all entries in the passenger column.,82,No calculator,True,Passed,Passed,Approved for Distribution
DOST-W4-417,4,Undergraduate,Part II — Power Test,Mathematics,Mathematics,"MATH10 — Tables, Charts, and Quantitative Interpretation",passengers per trip A,MATH-DATA,Analysis/Evaluation,Difficult,Premium,English,W4-MATHTRAN-086,Route A averaged how many passengers per trip?,30,20,40,48,A,1200/40=30.,1200/40=30,Compute a unit rate.,82,No calculator,True,Passed,Passed,Approved for Distribution
DOST-W4-418,4,Undergraduate,Part II — Power Test,Mathematics,Mathematics,"MATH10 — Tables, Charts, and Quantitative Interpretation",highest passengers per trip,MATH-DATA,Analysis/Evaluation,Difficult,Premium,English,W4-MATHTRAN-086,Which route had the highest average passengers per trip?,Route A,Route C,Route B,Route D,B,"A=30, B=30, C=36, and D=32 passengers per trip.",1080/30=36,Compare ratios rather than totals.,155,No calculator,True,Passed,Passed,Approved for Distribution
DOST-W4-419,4,Undergraduate,Part II — Power Test,Mathematics,Mathematics,"MATH10 — Tables, Charts, and Quantitative Interpretation",route D trip increase,MATH-DATA,Multi-step Application,Moderate,Premium,English,W4-MATHTRAN-086,"If Route D increased from 55 to 66 trips with the same passengers per trip, expected passengers would be:","1,920","2,000","2,112","2,320",C,Route D averages 1760/55=32 passengers/trip; 66×32=2112.,1760/55=32 | 66×32=2112,Find the unit rate before scaling.,115,No calculator,True,Passed,Passed,Approved for Distribution
DOST-W4-420,4,Undergraduate,Part II — Power Test,Mathematics,Mathematics,"MATH10 — Tables, Charts, and Quantitative Interpretation",median passengers,MATH-DATA,Analysis/Evaluation,Difficult,Premium,English,W4-MATHTRAN-086,What is the median passenger count among the four routes?,"1,200","1,500","1,630","1,350",D,"Ordered counts are 1080,1200,1500,1760; median=(1200+1500)/2=1350.",,"For an even count, average the two middle values.",115,No calculator,True,Passed,Passed,Approved for Distribution
DOST-W4-421,4,Undergraduate,Part II — Power Test,Mathematics,Mathematics,"MATH10 — Tables, Charts, and Quantitative Interpretation",total water use,MATH-DATA,Analysis/Evaluation,Difficult,Premium,English,W4-MATHWATER-087,What was the total water use from May through August?,102 m³,92 m³,99 m³,108 m³,A,24+21+27+30=102 m³.,sum=102,Add the monthly values.,82,No calculator,True,Passed,Passed,Approved for Distribution
DOST-W4-422,4,Undergraduate,Part II — Power Test,Mathematics,Mathematics,"MATH10 — Tables, Charts, and Quantitative Interpretation",May unit cost,MATH-DATA,Analysis/Evaluation,Difficult,Premium,English,W4-MATHWATER-087,The May bill per cubic meter was:,₱24,₱30,₱32,₱36,B,720/24=₱30 per m³.,720/24=30,Divide the bill by the volume used.,82,No calculator,True,Passed,Passed,Approved for Distribution
DOST-W4-423,4,Undergraduate,Part II — Power Test,Mathematics,Mathematics,"MATH10 — Tables, Charts, and Quantitative Interpretation",July-August percent increase,MATH-DATA,Analysis/Evaluation,Difficult,Premium,English,W4-MATHWATER-087,Water use increased from 27 m³ in July to 30 m³ in August. The percent increase was about:,10%,12.5%,11.1%,30%,C,Increase=3; 3/27×100≈11.1%.,3/27×100≈11.1%,Use July as the original value.,115,No calculator,True,Passed,Passed,Approved for Distribution
DOST-W4-424,4,Undergraduate,Part II — Power Test,Mathematics,Mathematics,"MATH10 — Tables, Charts, and Quantitative Interpretation",highest unit water cost,MATH-DATA,Analysis/Evaluation,Difficult,Premium,English,W4-MATHWATER-087,Which month had the highest bill per cubic meter?,May,June,July,August,D,"Rates are 30,31,31,32 pesos per m³; August is highest.",,Compare bill-to-use ratios.,155,No calculator,True,Passed,Passed,Approved for Distribution
DOST-W4-425,4,Undergraduate,Part II — Power Test,Mathematics,Mathematics,"MATH10 — Tables, Charts, and Quantitative Interpretation",supported water claim,MATH-DATA,Analysis/Evaluation,Difficult,Premium,English,W4-MATHWATER-087,Which statement is best supported by the table?,August had both the highest use and the highest bill.,June had the highest use.,The unit price was identical each month.,Use decreased every month.,A,"August lists the largest use, 30 m³, and the largest bill, ₱960.",,Verify every part of a compound claim.,115,No calculator,True,Passed,Passed,Approved for Distribution
DOST-W4-426,4,Undergraduate,Part II — Power Test,Mechanical-Technical,Mechanical-Technical,MECH1 — Simple Machines,gear direction,MECH-DIAG,Analysis/Evaluation,Moderate,Free,English,W4-MECHGEAR-088,"In the four-gear diagram, if Gear A rotates clockwise, how does Gear D rotate?",clockwise,counterclockwise,it remains still,direction cannot be determined,B,"There are three external gear contacts, and each reverses direction.",,An odd number of external meshes reverses rotation.,115,No calculator,True,Passed,Passed,Approved for Distribution
DOST-W4-427,4,Undergraduate,Part II — Power Test,Mechanical-Technical,Mechanical-Technical,MECH1 — Simple Machines,gear speed,MECH-DIAG,Analysis/Evaluation,Moderate,Premium,English,W4-MECHGEAR-088,"Compared with Gear A, the much smaller Gear D generally rotates:",more slowly,at exactly the same angular speed,faster,without torque,C,A smaller driven gear turns faster than a larger driver.,,Angular speed is inversely related to tooth count.,115,No calculator,True,Passed,Passed,Approved for Distribution
DOST-W4-428,4,Undergraduate,Part II — Power Test,Mechanical-Technical,Mechanical-Technical,MECH1 — Simple Machines,idler gear,MECH-DIAG,Analysis/Evaluation,Difficult,Premium,English,W4-MECHGEAR-088,Gear B primarily acts as an idler. Its presence changes:,the total energy created,the number of teeth on Gear A,the material density,"rotation direction and spacing, but not the ratio determined by the first and final gears",D,An idler transmits motion and reverses direction but does not alter the overall driver-to-final ratio.,,Intermediate idlers affect direction and layout.,150,No calculator,True,Passed,Passed,Approved for Distribution
DOST-W4-429,4,Undergraduate,Part II — Power Test,Mechanical-Technical,Mechanical-Technical,MECH1 — Simple Machines,lever mechanical advantage,MECH-SYS,Multi-step Application,Easy,Free,English,,A lever has a 3.0 m effort arm and a 0.75 m load arm. Its ideal mechanical advantage is:,4,0.25,2,6,A,IMA=3.0/0.75=4.,3.0÷0.75=4,Longer effort arms multiply force.,82,No calculator,False,Passed,Passed,Approved for Distribution
DOST-W4-430,4,Undergraduate,Part II — Power Test,Mechanical-Technical,Mechanical-Technical,MECH1 — Simple Machines,pulley support,MECH-SYS,Analysis/Evaluation,Easy,Free,English,,An ideal movable pulley is supported by four rope segments. Its ideal mechanical advantage is:,1,4,2,8,B,Four supporting segments share the load.,,Count only rope segments supporting the moving block.,82,No calculator,False,Passed,Passed,Approved for Distribution
DOST-W4-431,4,Undergraduate,Part II — Power Test,Mechanical-Technical,Mechanical-Technical,MECH1 — Simple Machines,inclined plane,MECH-SYS,Analysis/Evaluation,Easy,Free,English,,An ideal ramp rises 1 m over a length of 5 m. Its ideal mechanical advantage is:,0.2,1,5,6,C,IMA=length/height=5/1=5.,,Longer ramps reduce required force at the cost of distance.,82,No calculator,False,Passed,Passed,Approved for Distribution
DOST-W4-432,4,Undergraduate,Part II — Power Test,Mechanical-Technical,Mechanical-Technical,MECH1 — Simple Machines,screw pitch,MECH-SYS,Analysis/Evaluation,Moderate,Premium,English,,A screw with a smaller thread pitch generally requires:,fewer turns and more movement per turn,no torque,greater gravity,more turns but less input force for the same axial movement,D,Fine threads trade more rotation for greater force advantage and control.,,Smaller pitch increases mechanical advantage.,115,No calculator,False,Passed,Passed,Approved for Distribution
DOST-W4-433,4,Undergraduate,Part II — Power Test,Mechanical-Technical,Mechanical-Technical,MECH1 — Simple Machines,wedge angle,MECH-SYS,Analysis/Evaluation,Moderate,Premium,English,,A sharper wedge usually provides greater force multiplication because it:,spreads the input displacement over a longer sloping surface,creates energy,has no friction,eliminates material resistance,A,A smaller wedge angle increases ideal mechanical advantage.,,Simple machines trade force for distance.,115,No calculator,False,Passed,Passed,Approved for Distribution
DOST-W4-434,4,Undergraduate,Part II — Power Test,Mechanical-Technical,Mechanical-Technical,MECH1 — Simple Machines,wheel and axle,MECH-SYS,Multi-step Application,Easy,Free,English,,"If the wheel radius is 30 cm and axle radius is 5 cm, ideal mechanical advantage is:",5,6,25,35,B,IMA=30/5=6.,30÷5=6,Wheel-and-axle advantage is the radius ratio.,82,No calculator,False,Passed,Passed,Approved for Distribution
DOST-W4-435,4,Undergraduate,Part II — Power Test,Mechanical-Technical,Mechanical-Technical,MECH1 — Simple Machines,machine efficiency,MECH-SYS,Multi-step Application,Easy,Free,English,,A machine receives 900 J and delivers 675 J of useful work. Its efficiency is:,25%,50%,75%,133%,C,675/900×100=75%.,675÷900×100=75%,Efficiency cannot exceed 100% for an ordinary passive machine.,82,No calculator,False,Passed,Passed,Approved for Distribution
DOST-W4-436,4,Undergraduate,Part II — Power Test,Mechanical-Technical,Mechanical-Technical,"MECH2 — Force, Torque, and Equilibrium",lever balance,MECH-DIAG,Multi-step Application,Easy,Free,English,W4-MECHLEV-089,What downward force on the right balances the lever shown?,24 N,30 N,60 N,40 N,D,"24×2.5=F×1.5, so F=40 N.",24×2.5=60 N·m | 60÷1.5=40 N,Set clockwise and counterclockwise torques equal.,115,No calculator,True,Passed,Passed,Approved for Distribution
DOST-W4-437,4,Undergraduate,Part II — Power Test,Mechanical-Technical,Mechanical-Technical,"MECH2 — Force, Torque, and Equilibrium",torque angle,MECH-SYS,Analysis/Evaluation,Easy,Free,English,,A force produces maximum torque when it acts:,perpendicular to the lever arm,parallel to the lever arm,through the pivot,with zero magnitude,A,τ=rFsinθ is greatest when θ=90°.,,Only the perpendicular force component produces turning effect.,82,No calculator,False,Passed,Passed,Approved for Distribution
DOST-W4-438,4,Undergraduate,Part II — Power Test,Mechanical-Technical,Mechanical-Technical,"MECH2 — Force, Torque, and Equilibrium",center of gravity,MECH-SYS,Analysis/Evaluation,Easy,Premium,English,,Adding heavy equipment near the bottom of a tall cabinet generally:,raises the center of gravity,improves stability,eliminates friction,reduces base width,B,Lowering the center of mass makes tipping less likely.,,Low center of mass and wide base improve stability.,82,No calculator,False,Passed,Passed,Approved for Distribution
DOST-W4-439,4,Undergraduate,Part II — Power Test,Mechanical-Technical,Mechanical-Technical,"MECH2 — Force, Torque, and Equilibrium",static equilibrium,MECH-SYS,Analysis/Evaluation,Difficult,Premium,English,,A stationary beam can still rotate if:,net force and net torque are both zero,all forces act through the same point,net force is zero but net torque is not zero,its mass is zero,C,"Zero net force prevents translation, but a nonzero torque causes angular acceleration.",,Complete equilibrium requires both force and torque balance.,150,No calculator,False,Passed,Passed,Approved for Distribution
DOST-W4-440,4,Undergraduate,Part II — Power Test,Mechanical-Technical,Mechanical-Technical,"MECH2 — Force, Torque, and Equilibrium",distributed load,MECH-SYS,Analysis/Evaluation,Moderate,Premium,English,,A uniform 600 N load spread over a 3 m beam can be represented by a single resultant acting at:,one end,one-third from the left only,outside the beam,the midpoint,D,The centroid of a uniform distribution is its midpoint.,,Replace distributed loads with equivalent resultants at their centroids.,115,No calculator,False,Passed,Passed,Approved for Distribution
DOST-W4-441,4,Undergraduate,Part II — Power Test,Mechanical-Technical,Mechanical-Technical,"MECH2 — Force, Torque, and Equilibrium",support reaction symmetry,MECH-SYS,Multi-step Application,Easy,Premium,English,,A centered 800 N load rests on a symmetric beam with two identical supports. Each support carries:,400 N,200 N,800 N,"1,600 N",A,Symmetry and vertical equilibrium divide the load equally.,800÷2=400,Use symmetry before detailed calculations.,82,No calculator,False,Passed,Passed,Approved for Distribution
DOST-W4-442,4,Undergraduate,Part II — Power Test,Mechanical-Technical,Mechanical-Technical,"MECH2 — Force, Torque, and Equilibrium",tipping threshold,MECH-SYS,Analysis/Evaluation,Difficult,Premium,English,,A box starts to tip when the vertical line through its center of mass:,passes through the base center,moves beyond the edge of its support base,becomes parallel to the floor,equals the friction force,B,"Beyond the base edge, weight creates a tipping moment.",,The weight line must remain within the base for static stability.,150,No calculator,False,Passed,Passed,Approved for Distribution
DOST-W4-443,4,Undergraduate,Part II — Power Test,Mechanical-Technical,Mechanical-Technical,"MECH2 — Force, Torque, and Equilibrium",force couple,MECH-SYS,Analysis/Evaluation,Difficult,Premium,English,,Two equal opposite forces separated by a distance create:,a single larger force,zero force and zero torque always,zero net force but a nonzero torque,hydraulic pressure,C,The pair forms a couple that produces rotation without translation.,,A couple's moment is force times separation.,150,No calculator,False,Passed,Passed,Approved for Distribution
DOST-W4-444,4,Undergraduate,Part II — Power Test,Mechanical-Technical,Mechanical-Technical,"MECH2 — Force, Torque, and Equilibrium",moment arm,MECH-SYS,Analysis/Evaluation,Moderate,Premium,English,,The moment arm of a force is the:,straight-line distance to the force point regardless of angle,length of the object only,force divided by mass,perpendicular distance from the pivot to the force's line of action,D,Torque uses perpendicular distance to the line of action.,,Use the shortest perpendicular distance for torque.,115,No calculator,False,Passed,Passed,Approved for Distribution
DOST-W4-445,4,Undergraduate,Part II — Power Test,Mechanical-Technical,Mechanical-Technical,MECH3 — Motion and Component Interaction,uncrossed belt,MECH-SYS,Analysis/Evaluation,Moderate,Free,English,,An uncrossed belt connects two pulleys. The driven pulley rotates:,in the same direction as the driver,in the opposite direction,without motion,only intermittently,A,An uncrossed belt preserves rotation direction.,,Crossed belts reverse direction; open belts preserve it.,82,No calculator,False,Passed,Passed,Approved for Distribution
DOST-W4-446,4,Undergraduate,Part II — Power Test,Mechanical-Technical,Mechanical-Technical,MECH3 — Motion and Component Interaction,sprocket chain,MECH-SYS,Analysis/Evaluation,Moderate,Premium,English,,A chain-and-sprocket drive is useful when the system must:,allow continuous slip,maintain a fixed speed ratio without belt slip,transmit no force,operate without teeth,B,Positive tooth engagement prevents relative slipping.,,Choose positive drives when timing accuracy matters.,115,No calculator,False,Passed,Passed,Approved for Distribution
DOST-W4-447,4,Undergraduate,Part II — Power Test,Mechanical-Technical,Mechanical-Technical,MECH3 — Motion and Component Interaction,rack and pinion,MECH-SYS,Analysis/Evaluation,Moderate,Premium,English,,Turning a pinion that engages a straight rack produces:,fluid pressure only,heat without motion,linear rack motion,a second rotating shaft only,C,The gear teeth convert rotary motion into translation.,,Rack-and-pinion systems convert rotary and linear motion.,82,No calculator,False,Passed,Passed,Approved for Distribution
DOST-W4-448,4,Undergraduate,Part II — Power Test,Mechanical-Technical,Mechanical-Technical,MECH3 — Motion and Component Interaction,cam dwell,MECH-SYS,Analysis/Evaluation,Difficult,Premium,English,,A cam profile includes a dwell when the follower:,moves continuously at maximum speed,reverses the motor,stops the camshaft,remains at nearly constant position for part of the rotation,D,A constant-radius cam segment holds the follower position.,,"Cam profile controls rise, dwell, and return.",150,No calculator,False,Passed,Passed,Approved for Distribution
DOST-W4-449,4,Undergraduate,Part II — Power Test,Mechanical-Technical,Mechanical-Technical,MECH3 — Motion and Component Interaction,slider crank,MECH-SYS,Analysis/Evaluation,Moderate,Premium,English,,The stroke of a simple slider-crank is approximately:,twice the crank radius,equal to the connecting-rod mass,half the piston diameter,independent of crank geometry,A,"The crank pin moves from one extreme to the opposite, spanning about two radii.",,Crank radius controls reciprocating stroke.,115,No calculator,False,Passed,Passed,Approved for Distribution
DOST-W4-450,4,Undergraduate,Part II — Power Test,Mechanical-Technical,Mechanical-Technical,MECH3 — Motion and Component Interaction,flywheel,MECH-SYS,Analysis/Evaluation,Moderate,Premium,English,,A flywheel smooths cyclic machine speed by:,creating extra energy,storing energy when torque is high and releasing it when torque is low,eliminating shaft rotation,removing all friction,B,Rotational inertia buffers short-term energy variation.,,"Flywheels reduce speed fluctuation, not total energy loss.",115,No calculator,False,Passed,Passed,Approved for Distribution
DOST-W4-451,4,Undergraduate,Part II — Power Test,Mechanical-Technical,Mechanical-Technical,MECH3 — Motion and Component Interaction,differential,MECH-SYS,Analysis/Evaluation,Difficult,Premium,English,,An automotive differential allows driven wheels to:,remain locked at identical speed in every turn,move without axles,rotate at different speeds while transmitting torque,eliminate tire friction,C,Outer and inner wheels travel different distances during a turn.,,Differentials accommodate unequal wheel path lengths.,150,No calculator,False,Passed,Passed,Approved for Distribution
DOST-W4-452,4,Undergraduate,Part II — Power Test,Mechanical-Technical,Mechanical-Technical,MECH3 — Motion and Component Interaction,one-way clutch,MECH-SYS,Analysis/Evaluation,Moderate,Premium,English,,A one-way clutch permits torque transmission mainly:,equally in both directions,only when stationary,through fluid alone,in one rotational direction,D,The mechanism locks in one direction and overruns in the other.,,Directional clutches control torque flow.,115,No calculator,False,Passed,Passed,Approved for Distribution
DOST-W4-453,4,Undergraduate,Part II — Power Test,Mechanical-Technical,Mechanical-Technical,"MECH4 — Fluids, Hydraulics, and Flow",hydraulic force,MECH-DIAG,Multi-step Application,Easy,Free,English,W4-MECHHYD-090,What ideal output force is produced by the hydraulic press shown?,720 N,240 N,600 N,"1,440 N",A,"Area ratio=72/12=6, so output force=120×6=720 N.",72÷12=6 | 120×6=720,Hydraulic force ratio equals piston-area ratio.,115,No calculator,True,Passed,Passed,Approved for Distribution
DOST-W4-454,4,Undergraduate,Part II — Power Test,Mechanical-Technical,Mechanical-Technical,"MECH4 — Fluids, Hydraulics, and Flow",hydraulic displacement,MECH-DIAG,Multi-step Application,Easy,Premium,English,W4-MECHHYD-090,"If the small piston moves downward 18 cm, how far does the large piston rise ideally?",1.5 cm,3 cm,6 cm,18 cm,B,"Volume conservation: 12×18=72d, so d=3 cm.",216=72d | d=3 cm,Hydraulic systems exchange force for distance.,150,No calculator,True,Passed,Passed,Approved for Distribution
DOST-W4-455,4,Undergraduate,Part II — Power Test,Mechanical-Technical,Mechanical-Technical,"MECH4 — Fluids, Hydraulics, and Flow",fluid pressure,MECH-DIAG,Multi-step Application,Easy,Premium,English,W4-MECHHYD-090,Pressure created by the 120 N input on the 12 cm² piston is:,12 N/cm²,120 N/cm²,10 N/cm²,"1,440 N/cm²",C,P=F/A=120/12=10 N/cm².,120÷12=10,Use consistent area units when comparing hydraulic pressure.,115,No calculator,True,Passed,Passed,Approved for Distribution
DOST-W4-456,4,Undergraduate,Part II — Power Test,Mechanical-Technical,Mechanical-Technical,"MECH4 — Fluids, Hydraulics, and Flow",continuity,MECH-SYS,Multi-step Application,Easy,Premium,English,,"A pipe narrows from 6 cm² to 2 cm². If fluid speed is 1.5 m/s in the wide section, speed in the narrow section is:",0.5 m/s,1.5 m/s,3.0 m/s,4.5 m/s,D,"A1v1=A2v2, so v2=6×1.5/2=4.5 m/s.",9÷2=4.5,"For incompressible flow, area times speed is constant.",115,No calculator,False,Passed,Passed,Approved for Distribution
DOST-W4-457,4,Undergraduate,Part II — Power Test,Mechanical-Technical,Mechanical-Technical,"MECH4 — Fluids, Hydraulics, and Flow",pressure head,MECH-SYS,Analysis/Evaluation,Moderate,Premium,English,,Raising an open supply tank higher above a faucet generally:,increases static pressure at the faucet,decreases water density to zero,eliminates gravity,stops flow,A,Greater elevation difference increases hydrostatic head.,,Static pressure depends on vertical height difference.,82,No calculator,False,Passed,Passed,Approved for Distribution
DOST-W4-458,4,Undergraduate,Part II — Power Test,Mechanical-Technical,Mechanical-Technical,"MECH4 — Fluids, Hydraulics, and Flow",cavitation,MECH-SYS,Analysis/Evaluation,Difficult,Premium,English,,Cavitation can damage a pump because vapor bubbles:,increase lubrication,form at low pressure and collapse violently in higher-pressure regions,make the liquid incompressible,remove all vibration,B,Bubble collapse creates localized shock and erosion.,,Maintain adequate inlet pressure to avoid cavitation.,150,No calculator,False,Passed,Passed,Approved for Distribution
DOST-W4-459,4,Undergraduate,Part II — Power Test,Mechanical-Technical,Mechanical-Technical,"MECH4 — Fluids, Hydraulics, and Flow",check valve,MECH-SYS,Analysis/Evaluation,Moderate,Premium,English,,A check valve is installed primarily to:,measure temperature,increase pipe length,prevent reverse flow,mix two liquids,C,The valve closes automatically against backflow.,,Valve function follows permitted flow direction.,82,No calculator,False,Passed,Passed,Approved for Distribution
DOST-W4-460,4,Undergraduate,Part II — Power Test,Mechanical-Technical,Mechanical-Technical,"MECH4 — Fluids, Hydraulics, and Flow",relief valve,MECH-SYS,Analysis/Evaluation,Moderate,Premium,English,,A pressure-relief valve protects a system by:,closing every flow path permanently,increasing pump speed,removing all fluid,opening when pressure exceeds a set limit,D,It diverts or releases fluid to prevent dangerous overpressure.,,Relief devices limit maximum pressure.,115,No calculator,False,Passed,Passed,Approved for Distribution
DOST-W4-461,4,Undergraduate,Part II — Power Test,Mechanical-Technical,Mechanical-Technical,"MECH4 — Fluids, Hydraulics, and Flow",water hammer,MECH-SYS,Analysis/Evaluation,Difficult,Premium,English,,Slowly closing a valve instead of shutting it suddenly helps reduce:,water hammer,fluid density,pipe diameter,static head,A,A slower momentum change produces a smaller pressure surge.,,Control rapid velocity changes in pipelines.,150,No calculator,False,Passed,Passed,Approved for Distribution
DOST-W4-462,4,Undergraduate,Part II — Power Test,Mechanical-Technical,Mechanical-Technical,"MECH5 — Heat, Materials, and Thermal Response",thermal conductivity,MECH-SYS,Analysis/Evaluation,Moderate,Free,English,,A cooking-pot handle is made of a low-conductivity material mainly to:,increase the pot's mass,reduce heat transfer to the user's hand,create thermal energy,make the handle electrically live,B,Low thermal conductivity slows energy transfer along the handle.,,Select materials according to required heat-transfer behavior.,82,No calculator,False,Passed,Passed,Approved for Distribution
DOST-W4-463,4,Undergraduate,Part II — Power Test,Mechanical-Technical,Mechanical-Technical,"MECH5 — Heat, Materials, and Thermal Response",specific heat,MECH-SYS,Analysis/Evaluation,Moderate,Premium,English,,A material with high specific heat changes temperature slowly because it:,contains no particles,has zero thermal energy,requires more energy per kilogram per degree of temperature change,cannot transfer heat,C,High specific heat means greater energy is needed for the same temperature rise.,,Specific heat affects temperature response to energy input.,115,No calculator,False,Passed,Passed,Approved for Distribution
DOST-W4-464,4,Undergraduate,Part II — Power Test,Mechanical-Technical,Mechanical-Technical,"MECH5 — Heat, Materials, and Thermal Response",thermal expansion,MECH-SYS,Analysis/Evaluation,Moderate,Premium,English,,A metal bridge includes expansion joints so that temperature changes do not:,change paint color,reduce gravity,stop traffic signals,create excessive stress or buckling,D,The joints allow the structure to lengthen and shorten safely.,,Design must accommodate predictable dimensional change.,82,No calculator,False,Passed,Passed,Approved for Distribution
DOST-W4-465,4,Undergraduate,Part II — Power Test,Mechanical-Technical,Mechanical-Technical,"MECH5 — Heat, Materials, and Thermal Response",composite strip,MECH-SYS,Analysis/Evaluation,Moderate,Premium,English,,A bimetal strip bends when heated because its two metals have different:,coefficients of thermal expansion,numbers of protons only,colors,electrical signs,A,"One layer expands more, forcing the bonded strip to curve.",,Differential expansion converts temperature change into motion.,115,No calculator,False,Passed,Passed,Approved for Distribution
DOST-W4-466,4,Undergraduate,Part II — Power Test,Mechanical-Technical,Mechanical-Technical,"MECH5 — Heat, Materials, and Thermal Response",heat exchanger,MECH-SYS,Analysis/Evaluation,Difficult,Premium,English,,Counterflow heat exchangers can transfer heat efficiently because they:,mix both fluids completely,maintain a useful temperature difference along much of their length,eliminate all conduction resistance,create heat,B,Opposite flow directions preserve a driving temperature difference.,,Heat-transfer rate depends on temperature difference and surface area.,150,No calculator,False,Passed,Passed,Approved for Distribution
DOST-W4-467,4,Undergraduate,Part II — Power Test,Mechanical-Technical,Mechanical-Technical,"MECH5 — Heat, Materials, and Thermal Response",thermal insulation,MECH-SYS,Analysis/Evaluation,Moderate,Premium,English,,Reflective foil insulation mainly reduces heat transfer by:,conduction through solid metal only,mass flow,radiation,chemical reaction,C,A low-emissivity surface reflects infrared radiation.,,Different insulation features target different heat-transfer modes.,115,No calculator,False,Passed,Passed,Approved for Distribution
DOST-W4-468,4,Undergraduate,Part II — Power Test,Mechanical-Technical,Mechanical-Technical,"MECH5 — Heat, Materials, and Thermal Response",fatigue,MECH-SYS,Analysis/Evaluation,Difficult,Premium,English,,A metal component can fail by fatigue when it experiences:,one gentle load only,zero stress,only high temperature without load,many repeated stress cycles below its one-time breaking strength,D,Repeated cyclic loading can initiate and grow cracks.,,Fatigue depends on stress range and number of cycles.,150,No calculator,False,Passed,Passed,Approved for Distribution
DOST-W4-469,4,Undergraduate,Part II — Power Test,Mechanical-Technical,Mechanical-Technical,"MECH5 — Heat, Materials, and Thermal Response",material toughness,MECH-SYS,Analysis/Evaluation,Moderate,Premium,English,,A tough material is able to:,absorb substantial energy before fracturing,resist only scratching,conduct electricity perfectly,have zero deformation,A,Toughness combines strength and deformation capacity before fracture.,,Do not confuse toughness with hardness.,115,No calculator,False,Passed,Passed,Approved for Distribution
DOST-W4-470,4,Undergraduate,Part II — Power Test,Mechanical-Technical,Mechanical-Technical,MECH6 — Engines and Cycles,stroke order,MECH-DIAG,Analysis/Evaluation,Moderate,Free,English,W4-MECHENG-091,Which sequence correctly describes a four-stroke spark-ignition engine?,compression → exhaust → intake → power,intake → compression → power → exhaust,power → intake → exhaust → compression,exhaust → compression → power → intake,B,"The standard cycle is intake, compression, power, and exhaust.",,Know the purpose and order of all four strokes.,82,No calculator,True,Passed,Passed,Approved for Distribution
DOST-W4-471,4,Undergraduate,Part II — Power Test,Mechanical-Technical,Mechanical-Technical,MECH6 — Engines and Cycles,intake stroke,MECH-DIAG,Analysis/Evaluation,Moderate,Premium,English,W4-MECHENG-091,"During the intake stroke, the piston generally moves downward while:",both valves are permanently closed,the exhaust valve alone is open,the intake valve is open,fuel is expelled,C,Downward piston motion draws the fresh charge through the intake valve.,,Valve timing controls gas exchange.,82,No calculator,True,Passed,Passed,Approved for Distribution
DOST-W4-472,4,Undergraduate,Part II — Power Test,Mechanical-Technical,Mechanical-Technical,MECH6 — Engines and Cycles,compression stroke,MECH-DIAG,Analysis/Evaluation,Moderate,Premium,English,W4-MECHENG-091,"During compression, the piston moves upward and:",the intake valve remains fully open,the exhaust leaves the cylinder,the crankshaft stops,both valves are generally closed,D,Closing both valves traps and compresses the charge.,,Compression raises pressure and temperature before ignition.,82,No calculator,True,Passed,Passed,Approved for Distribution
DOST-W4-473,4,Undergraduate,Part II — Power Test,Mechanical-Technical,Mechanical-Technical,MECH6 — Engines and Cycles,power stroke,MECH-DIAG,Analysis/Evaluation,Moderate,Premium,English,W4-MECHENG-091,The useful work output of the cycle is produced mainly during the:,power stroke,intake stroke,compression stroke,exhaust stroke,A,Expanding combustion gases push the piston and turn the crankshaft.,,The power stroke converts gas expansion into shaft work.,82,No calculator,True,Passed,Passed,Approved for Distribution
DOST-W4-474,4,Undergraduate,Part II — Power Test,Mechanical-Technical,Mechanical-Technical,MECH6 — Engines and Cycles,compression ratio,MECH-SYS,Analysis/Evaluation,Difficult,Premium,English,,A higher compression ratio may improve efficiency but can also increase:,coolant freezing,knock tendency in spark-ignition engines,tire pressure,battery capacity,B,Higher compression raises temperature and can trigger premature ignition.,,Performance improvements can introduce reliability limits.,150,No calculator,False,Passed,Passed,Approved for Distribution
DOST-W4-475,4,Undergraduate,Part II — Power Test,Mechanical-Technical,Mechanical-Technical,MECH6 — Engines and Cycles,lubrication,MECH-SYS,Analysis/Evaluation,Moderate,Premium,English,,Engine oil reduces wear mainly by:,increasing metal-to-metal contact,lowering fuel octane,separating moving surfaces with a lubricating film,blocking coolant flow,C,The oil film reduces friction and direct contact.,,"Lubrication controls friction, heat, and wear.",82,No calculator,False,Passed,Passed,Approved for Distribution
DOST-W4-476,4,Undergraduate,Part II — Power Test,Mechanical-Technical,Mechanical-Technical,MECH6 — Engines and Cycles,cooling system,MECH-SYS,Analysis/Evaluation,Moderate,Premium,English,,A radiator removes engine heat by transferring it from coolant to:,fuel in the tank,the battery only,the crankshaft mass,surrounding air,D,Coolant releases heat through the radiator surfaces to airflow.,,Cooling systems reject waste heat to maintain operating temperature.,82,No calculator,False,Passed,Passed,Approved for Distribution
DOST-W4-477,4,Undergraduate,Part II — Power Test,Mechanical-Technical,Mechanical-Technical,MECH6 — Engines and Cycles,turbocharger,MECH-SYS,Analysis/Evaluation,Difficult,Premium,English,,A turbocharger uses exhaust-gas energy to:,compress intake air,cool the brakes,charge only the headlights,reduce cylinder volume,A,The turbine drives a compressor that raises intake-air density.,,Turbocharging recovers some exhaust energy to increase air supply.,150,No calculator,False,Passed,Passed,Approved for Distribution
DOST-W4-478,4,Undergraduate,Part II — Power Test,Mechanical-Technical,Mechanical-Technical,MECH7 — Electrical and Electromagnetic Systems,parallel voltage,MECH-DIAG,Analysis/Evaluation,Moderate,Free,English,W4-MECHELEC-092,"In the shown circuit, the voltage across each branch is:",4 V,12 V,6 V,18 V,B,"Parallel branches connect across the same two supply nodes, so each has 12 V.",,Parallel branches share source voltage.,82,No calculator,True,Passed,Passed,Approved for Distribution
DOST-W4-479,4,Undergraduate,Part II — Power Test,Mechanical-Technical,Mechanical-Technical,MECH7 — Electrical and Electromagnetic Systems,branch current,MECH-DIAG,Multi-step Application,Easy,Premium,English,W4-MECHELEC-092,What current flows through the 6 Ω branch?,0.5 A,3 A,2 A,6 A,C,I=V/R=12/6=2 A.,12÷6=2,Apply Ohm's law to each parallel branch.,82,No calculator,True,Passed,Passed,Approved for Distribution
DOST-W4-480,4,Undergraduate,Part II — Power Test,Mechanical-Technical,Mechanical-Technical,MECH7 — Electrical and Electromagnetic Systems,total current,MECH-DIAG,Multi-step Application,Easy,Premium,English,W4-MECHELEC-092,What is the total current drawn by the 6 Ω and 4 Ω parallel branches?,2 A,3 A,7 A,5 A,D,"The branch currents are 2 A and 3 A, so total current is 5 A.",12/6=2 | 12/4=3 | 2+3=5,Total current is the sum of branch currents.,115,No calculator,True,Passed,Passed,Approved for Distribution
DOST-W4-481,4,Undergraduate,Part II — Power Test,Mechanical-Technical,Mechanical-Technical,MECH7 — Electrical and Electromagnetic Systems,fuse rating,MECH-SYS,Analysis/Evaluation,Difficult,Premium,English,,A fuse should normally be rated:,slightly above the expected operating current but below the unsafe wiring current,far below normal current,as high as possible,independent of the circuit,A,The fuse must tolerate normal operation yet open before wiring overheats.,,Protective-device ratings must coordinate with expected load and conductor capacity.,150,No calculator,False,Passed,Passed,Approved for Distribution
DOST-W4-482,4,Undergraduate,Part II — Power Test,Mechanical-Technical,Mechanical-Technical,MECH7 — Electrical and Electromagnetic Systems,electrical power,MECH-SYS,Multi-step Application,Easy,Premium,English,,A heater operates at 230 V and draws 5 A. Its power is:,46 W,"1,150 W",235 W,"5,290 W",B,"P=VI=230×5=1,150 W.",230×5=1150,Electrical power is voltage times current.,82,No calculator,False,Passed,Passed,Approved for Distribution
DOST-W4-483,4,Undergraduate,Part II — Power Test,Mechanical-Technical,Mechanical-Technical,MECH7 — Electrical and Electromagnetic Systems,relay coil,MECH-SYS,Analysis/Evaluation,Moderate,Premium,English,,"When current flows through a relay coil, the coil creates:",fuel pressure,a permanent mechanical lock only,a magnetic field that moves contacts,thermal insulation,C,The electromagnet actuates the switching contacts.,,Relays use a small control circuit to operate another circuit.,115,No calculator,False,Passed,Passed,Approved for Distribution
DOST-W4-484,4,Undergraduate,Part II — Power Test,Mechanical-Technical,Mechanical-Technical,MECH7 — Electrical and Electromagnetic Systems,motor overload,MECH-SYS,Analysis/Evaluation,Difficult,Premium,English,,A jammed electric motor can overheat because it may draw:,zero current,only reactive power with no heating,less current than normal in every case,excessive current while unable to turn normally,D,Stall current is often much higher than normal running current.,,Mechanical faults can create electrical overloads.,150,No calculator,False,Passed,Passed,Approved for Distribution
DOST-W4-485,4,Undergraduate,Part II — Power Test,Mechanical-Technical,Mechanical-Technical,MECH7 — Electrical and Electromagnetic Systems,transformer,MECH-SYS,Multi-step Application,Easy,Premium,English,,"An ideal transformer has 200 primary turns and 50 secondary turns. With 240 V primary, secondary voltage is:",60 V,30 V,120 V,960 V,A,"Vs/Vp=Ns/Np=50/200=1/4, so Vs=60 V.",240×1/4=60,Voltage ratio equals turns ratio.,115,No calculator,False,Passed,Passed,Approved for Distribution
DOST-W4-486,4,Undergraduate,Part II — Power Test,Mechanical-Technical,Mechanical-Technical,MECH7 — Electrical and Electromagnetic Systems,generator,MECH-SYS,Analysis/Evaluation,Moderate,Premium,English,,A generator produces voltage when:,a conductor remains stationary in an unchanging field forever,magnetic flux through a conductor changes,the circuit has no wire,all charge disappears,B,Faraday's law links changing magnetic flux with induced emf.,,Relative motion or changing field can produce induction.,115,No calculator,False,Passed,Passed,Approved for Distribution
DOST-W4-487,4,Undergraduate,Part II — Power Test,Mechanical-Technical,Mechanical-Technical,"MECH8 — Tools, Structures, and Applied Design",tool precision,MECH-SYS,Analysis/Evaluation,Moderate,Free,English,,Which tool is best for measuring the diameter of a small wire accurately?,tape measure,spirit level,micrometer screw gauge,pipe wrench,C,A micrometer provides fine resolution for small diameters.,,Match measurement range and precision to the instrument.,82,No calculator,False,Passed,Passed,Approved for Distribution
DOST-W4-488,4,Undergraduate,Part II — Power Test,Mechanical-Technical,Mechanical-Technical,"MECH8 — Tools, Structures, and Applied Design",torque wrench,MECH-SYS,Analysis/Evaluation,Moderate,Premium,English,,A torque wrench is used to:,measure voltage,cut sheet metal,check surface level,tighten a fastener to a specified torque,D,It controls the applied turning moment on a fastener.,,Correct fastener torque improves reliability and safety.,82,No calculator,False,Passed,Passed,Approved for Distribution
DOST-W4-489,4,Undergraduate,Part II — Power Test,Mechanical-Technical,Mechanical-Technical,"MECH8 — Tools, Structures, and Applied Design",drill bit selection,MECH-SYS,Analysis/Evaluation,Moderate,Premium,English,,A pilot hole before a large drill bit mainly helps:,guide the larger bit and reduce wandering,increase material hardness,remove the need for clamping,reverse the drill,A,The smaller hole centers the larger cutting tool.,,Preparation improves accuracy and tool control.,115,No calculator,False,Passed,Passed,Approved for Distribution
DOST-W4-490,4,Undergraduate,Part II — Power Test,Mechanical-Technical,Mechanical-Technical,"MECH8 — Tools, Structures, and Applied Design",triangulation,MECH-SYS,Analysis/Evaluation,Moderate,Premium,English,,Diagonal bracing makes a rectangular frame more rigid by:,removing all forces,forming triangles that resist shape change,making every joint frictionless,reducing material strength,B,"A rectangle can rack, while a triangle with fixed sides is geometrically stable.",,Triangulation resists shear deformation.,115,No calculator,False,Passed,Passed,Approved for Distribution
DOST-W4-491,4,Undergraduate,Part II — Power Test,Mechanical-Technical,Mechanical-Technical,"MECH8 — Tools, Structures, and Applied Design",I-beam design,MECH-SYS,Analysis/Evaluation,Difficult,Premium,English,,An I-beam places much of its material far from the neutral axis to improve:,electrical conductivity only,corrosion rate,bending stiffness,thermal insulation,C,Material farther from the neutral axis increases second moment of area.,,Cross-section geometry strongly affects bending performance.,150,No calculator,False,Passed,Passed,Approved for Distribution
DOST-W4-492,4,Undergraduate,Part II — Power Test,Mechanical-Technical,Mechanical-Technical,"MECH8 — Tools, Structures, and Applied Design",safety factor,MECH-SYS,Multi-step Application,Easy,Premium,English,,A cable rated for 12 kN carries a working load of 4 kN. Its safety factor is:,2,4,8,3,D,Safety factor=capacity/working load=12/4=3.,12÷4=3,Safety factor compares strength with expected demand.,115,No calculator,False,Passed,Passed,Approved for Distribution
DOST-W4-493,4,Undergraduate,Part II — Power Test,Mechanical-Technical,Mechanical-Technical,"MECH8 — Tools, Structures, and Applied Design",corrosion control,MECH-SYS,Analysis/Evaluation,Moderate,Premium,English,,Galvanizing steel protects it mainly by:,coating it with zinc that acts as a barrier and sacrificial metal,removing all iron,heating it above melting point,making it nonmetallic,A,Zinc protects physically and preferentially corrodes if the coating is damaged.,,Some coatings provide both barrier and sacrificial protection.,115,No calculator,False,Passed,Passed,Approved for Distribution
DOST-W4-494,4,Undergraduate,Part II — Power Test,Mechanical-Technical,Mechanical-Technical,"MECH8 — Tools, Structures, and Applied Design",redundancy,MECH-SYS,Analysis/Evaluation,Difficult,Premium,English,,A redundant structure is safer against local failure because it:,contains no stress,has alternate paths for carrying load,uses only one critical member,eliminates maintenance,B,Alternative load paths can prevent immediate collapse after one element fails.,,Robust systems tolerate limited component failure.,150,No calculator,False,Passed,Passed,Approved for Distribution
DOST-W4-495,4,Undergraduate,Part II — Power Test,Mechanical-Technical,Mechanical-Technical,MECH9 — Mechanical Diagram Interpretation,flow path,MECH-DIAG,Analysis/Evaluation,Moderate,Free,English,W4-MECHSCH-093,"With Valve V open and the bypass closed, the main flow path is:",Tank B → pump → Tank A,Tank A → bypass → Tank A,Tank A → pump → Tank B,no flow path,C,The connected discharge line leads from Tank A through the pump and valve to Tank B.,,Trace components in the direction of the main line.,82,No calculator,True,Passed,Passed,Approved for Distribution
DOST-W4-496,4,Undergraduate,Part II — Power Test,Mechanical-Technical,Mechanical-Technical,MECH9 — Mechanical Diagram Interpretation,closed valve,MECH-DIAG,Analysis/Evaluation,Difficult,Premium,English,W4-MECHSCH-093,"If Valve V is fully closed while the pump continues running, the immediate system concern is:",unlimited flow to Tank B,zero energy input,automatic drainage,pressure buildup and overheating,D,The blocked discharge prevents normal flow and can overload the pump.,,A closed downstream path can create unsafe dead-head operation.,150,No calculator,True,Passed,Passed,Approved for Distribution
DOST-W4-497,4,Undergraduate,Part II — Power Test,Mechanical-Technical,Mechanical-Technical,MECH9 — Mechanical Diagram Interpretation,bypass purpose,MECH-DIAG,Analysis/Evaluation,Moderate,Premium,English,W4-MECHSCH-093,Opening the bypass can provide:,an alternate route around part of the main flow path,higher tank elevation,electrical grounding,a second pump,A,A bypass diverts some flow around a component or restriction.,,Identify alternate paths before diagnosing a system.,115,No calculator,True,Passed,Passed,Approved for Distribution
DOST-W4-498,4,Undergraduate,Part II — Power Test,Mechanical-Technical,Mechanical-Technical,MECH9 — Mechanical Diagram Interpretation,actuator,MECH-SYS,Analysis/Evaluation,Moderate,Premium,English,,"In an automated system, the motor-operated valve is the:",sensor,actuator,set point,measurement unit,B,The actuator physically changes the process in response to a controller.,,"Control loops contain sensors, controllers, and actuators.",115,No calculator,False,Passed,Passed,Approved for Distribution
DOST-W4-499,4,Undergraduate,Part II — Power Test,Mechanical-Technical,Mechanical-Technical,MECH9 — Mechanical Diagram Interpretation,fault localization,MECH-SYS,Analysis/Evaluation,Difficult,Premium,English,,"The pump motor runs and the shaft turns, but no liquid reaches Tank B. Valve V is open. A likely cause is:",no electrical power,a broken motor shaft,loss of pump prime or blocked suction,an open control circuit to the motor,C,Normal motor rotation with no delivered flow points to the fluid side of the pump.,,Locate the fault after the last confirmed working function.,150,No calculator,False,Passed,Passed,Approved for Distribution
DOST-W4-500,4,Undergraduate,Part II — Power Test,Mechanical-Technical,Mechanical-Technical,MECH9 — Mechanical Diagram Interpretation,level control,MECH-SYS,Analysis/Evaluation,Difficult,Premium,English,,A high-level sensor in Tank B should normally command the pump to:,run faster indefinitely,reverse polarity only,open every valve,stop,D,Stopping inflow prevents overflow.,,Control action should oppose the detected deviation.,115,No calculator,False,Passed,Passed,Approved for Distribution
