id,wave,track,part,section,subsubject,domain,topic,item_archetype,cognitive_demand,difficulty,access,language,stimulus_id,stem,choice_A,choice_B,choice_C,choice_D,choice_E,correct_choice,rationale,solution_steps,high_yield_takeaway,estimated_time_seconds,calculator_policy,diagram_required,originality_check,accuracy_review,status
DOST-W1-001,1,Undergraduate,Part I — Logical Reasoning,Verbal Reasoning,Verbal Reasoning,VR1 — Analogies and Semantic Relationships,developmental relationship,VR-ANA,Recognition/Recall,Easy,Free,English,,SEED : PLANT :: EGG : ____,nest,bird,shell,feather,,B,A seed develops into a plant; an egg develops into a bird.,,Identify the exact relationship in the first pair before applying it to the second.,40,No calculator,False,Passed,Passed,Approved for Distribution
DOST-W1-002,1,Undergraduate,Part I — Logical Reasoning,Verbal Reasoning,Verbal Reasoning,VR1 — Analogies and Semantic Relationships,instrument-to-measurement,VR-ANA,Recognition/Recall,Easy,Free,English,,THERMOMETER : TEMPERATURE :: BAROMETER : ____,altitude,pressure,humidity,rainfall,,B,A thermometer measures temperature; a barometer measures pressure.,,Identify the exact relationship in the first pair before applying it to the second.,40,No calculator,False,Passed,Passed,Approved for Distribution
DOST-W1-003,1,Undergraduate,Part I — Logical Reasoning,Verbal Reasoning,Verbal Reasoning,VR1 — Analogies and Semantic Relationships,whole-to-parts,VR-ANA,Recognition/Recall,Easy,Free,English,,MOSAIC : TILES :: SENTENCE : ____,letters,words,paragraphs,sounds,,B,A mosaic is composed of tiles; a sentence is composed of words.,,Identify the exact relationship in the first pair before applying it to the second.,40,No calculator,False,Passed,Passed,Approved for Distribution
DOST-W1-004,1,Undergraduate,Part I — Logical Reasoning,Verbal Reasoning,Verbal Reasoning,VR1 — Analogies and Semantic Relationships,tool-to-user,VR-ANA,Recognition/Recall,Easy,Free,English,,GAVEL : JUDGE :: STETHOSCOPE : ____,nurse,doctor,patient,pharmacist,,B,A gavel is characteristically used by a judge; a stethoscope is characteristically used by a doctor.,,Identify the exact relationship in the first pair before applying it to the second.,40,No calculator,False,Passed,Passed,Approved for Distribution
DOST-W1-005,1,Undergraduate,Part I — Logical Reasoning,Verbal Reasoning,Verbal Reasoning,VR1 — Analogies and Semantic Relationships,process-to-starting-state,VR-ANA,Recognition/Recall,Easy,Premium,English,,EVAPORATION : LIQUID :: SUBLIMATION : ____,gas,solid,plasma,solution,,B,Evaporation begins with a liquid; sublimation begins with a solid.,,Identify the exact relationship in the first pair before applying it to the second.,40,No calculator,False,Passed,Passed,Approved for Distribution
DOST-W1-006,1,Undergraduate,Part I — Logical Reasoning,Verbal Reasoning,Verbal Reasoning,VR1 — Analogies and Semantic Relationships,instrument-to-information,VR-ANA,Recognition/Recall,Moderate,Premium,English,,COMPASS : DIRECTION :: CALENDAR : ____,distance,date,weather,season,,B,A compass identifies direction; a calendar identifies dates.,,Identify the exact relationship in the first pair before applying it to the second.,40,No calculator,False,Passed,Passed,Approved for Distribution
DOST-W1-007,1,Undergraduate,Part I — Logical Reasoning,Verbal Reasoning,Verbal Reasoning,VR1 — Analogies and Semantic Relationships,protective covering,VR-ANA,Recognition/Recall,Moderate,Premium,English,,BARK : TREE :: SKIN : ____,muscle,body,bone,blood,,B,Bark is the outer covering of a tree; skin is the outer covering of a body.,,Identify the exact relationship in the first pair before applying it to the second.,40,No calculator,False,Passed,Passed,Approved for Distribution
DOST-W1-008,1,Undergraduate,Part I — Logical Reasoning,Verbal Reasoning,Verbal Reasoning,VR1 — Analogies and Semantic Relationships,property-to-likely-result,VR-ANA,Recognition/Recall,Moderate,Premium,English,,FRAGILE : BREAK :: FLAMMABLE : ____,freeze,burn,bend,dissolve,,B,Something fragile can break easily; something flammable can burn easily.,,Identify the exact relationship in the first pair before applying it to the second.,40,No calculator,False,Passed,Passed,Approved for Distribution
DOST-W1-009,1,Undergraduate,Part I — Logical Reasoning,Verbal Reasoning,Verbal Reasoning,VR1 — Analogies and Semantic Relationships,collective group,VR-ANA,Recognition/Recall,Moderate,Premium,English,,ARCHIPELAGO : ISLANDS :: CONSTELLATION : ____,planets,stars,clouds,orbits,,B,An archipelago is a group of islands; a constellation is a recognized group of stars.,,Identify the exact relationship in the first pair before applying it to the second.,40,No calculator,False,Passed,Passed,Approved for Distribution
DOST-W1-010,1,Undergraduate,Part I — Logical Reasoning,Verbal Reasoning,Verbal Reasoning,VR1 — Analogies and Semantic Relationships,manner of action,VR-ANA,Recognition/Recall,Moderate,Premium,English,,WHISPER : SPEAK :: STROLL : ____,run,walk,rest,climb,,B,A whisper is a gentle way of speaking; a stroll is a leisurely way of walking.,,Identify the exact relationship in the first pair before applying it to the second.,40,No calculator,False,Passed,Passed,Approved for Distribution
DOST-W1-011,1,Undergraduate,Part I — Logical Reasoning,Verbal Reasoning,Verbal Reasoning,VR2 — Coded Words and Transformations,letter and string coding,VR-COD,Single-step Application,Moderate,Free,English,,"In a code, each letter is replaced by the next letter of the alphabet. How is MATH written?",NBUJ,NBUI,LZSG,OCVK,,A,"M→N, A→B, T→U, and H→I, giving NBUJ.",,Apply the stated rule consistently to every symbol or letter.,60,No calculator,False,Passed,Passed,Approved for Distribution
DOST-W1-012,1,Undergraduate,Part I — Logical Reasoning,Verbal Reasoning,Verbal Reasoning,VR2 — Coded Words and Transformations,letter and string coding,VR-COD,Single-step Application,Moderate,Premium,English,,A code reverses the order of the letters and then changes every vowel to X. How is PLAN written?,NXL P,NXLP,PLXN,NAXP,,B,PLAN reversed is NALP. Replacing the vowel A with X gives NXLP.,,Apply the stated rule consistently to every symbol or letter.,60,No calculator,False,Passed,Passed,Approved for Distribution
DOST-W1-013,1,Undergraduate,Part I — Logical Reasoning,Verbal Reasoning,Verbal Reasoning,VR2 — Coded Words and Transformations,letter and string coding,VR-COD,Single-step Application,Moderate,Premium,English,,"If SCIENCE becomes UEKGPEG by moving every letter two places forward, how does MATH become coded?",OCVJ,OCUJ,NBUI,KZRF,,A,"Move each letter two places forward: M→O, A→C, T→V, H→J.",,Apply the stated rule consistently to every symbol or letter.,60,No calculator,False,Passed,Passed,Approved for Distribution
DOST-W1-014,1,Undergraduate,Part I — Logical Reasoning,Verbal Reasoning,Verbal Reasoning,VR2 — Coded Words and Transformations,letter and string coding,VR-COD,Single-step Application,Moderate,Premium,English,,"A word is coded by writing the last letter first, followed by the remaining letters in their original order. How is LOGIC coded?",CLOGI,CIGOL,OGLIC,CLOIG,,A,"Move the last letter C to the front, then retain LOGI.",,Apply the stated rule consistently to every symbol or letter.,60,No calculator,False,Passed,Passed,Approved for Distribution
DOST-W1-015,1,Undergraduate,Part I — Logical Reasoning,Verbal Reasoning,Verbal Reasoning,VR2 — Coded Words and Transformations,letter and string coding,VR-COD,Single-step Application,Moderate,Premium,English,,"In a code, consonants move one letter forward while vowels stay unchanged. How is DATA coded?",EAUA,EBUB,DBTB,EAVA,,A,"D→E, A stays A, T→U, and A stays A, giving EAUA.",,Apply the stated rule consistently to every symbol or letter.,60,No calculator,False,Passed,Passed,Approved for Distribution
DOST-W1-016,1,Undergraduate,Part I — Logical Reasoning,Verbal Reasoning,Verbal Reasoning,VR2 — Coded Words and Transformations,letter and string coding,VR-COD,Single-step Application,Moderate,Premium,English,,"If 1=A, 2=B, …, 26=Z, what word is represented by 19-20-5-13?",STEM,STEP,TEAM,SEAM,,A,"19=S, 20=T, 5=E, and 13=M, spelling STEM.",,Apply the stated rule consistently to every symbol or letter.,60,No calculator,False,Passed,Passed,Approved for Distribution
DOST-W1-017,1,Undergraduate,Part I — Logical Reasoning,Verbal Reasoning,Verbal Reasoning,VR3 — Syllogisms and Deductive Logic,valid conclusions,VR-LOG,Analysis/Evaluation,Difficult,Free,English,,All renewable resources can be naturally replenished. Solar energy is a renewable resource. Which conclusion must be true?,Solar energy can be naturally replenished.,All naturally replenished resources are solar energy.,Solar energy is the only renewable resource.,No renewable resource is limited.,,A,The two premises directly imply that solar energy belongs to the class of things that can be naturally replenished.,,Do not reverse a conditional statement unless the converse is explicitly supported.,75,No calculator,False,Passed,Passed,Approved for Distribution
DOST-W1-018,1,Undergraduate,Part I — Logical Reasoning,Verbal Reasoning,Verbal Reasoning,VR3 — Syllogisms and Deductive Logic,valid conclusions,VR-LOG,Analysis/Evaluation,Difficult,Free,English,,No reptiles are warm-blooded. All snakes are reptiles. Which conclusion follows?,No snakes are warm-blooded.,Some reptiles are warm-blooded.,All warm-blooded animals are snakes.,Some snakes are mammals.,,A,"If all snakes are reptiles and no reptiles are warm-blooded, then no snakes are warm-blooded.",,Do not reverse a conditional statement unless the converse is explicitly supported.,75,No calculator,False,Passed,Passed,Approved for Distribution
DOST-W1-019,1,Undergraduate,Part I — Logical Reasoning,Verbal Reasoning,Verbal Reasoning,VR3 — Syllogisms and Deductive Logic,valid conclusions,VR-LOG,Analysis/Evaluation,Difficult,Premium,English,,Some metals are magnetic. All magnetic materials attract iron under suitable conditions. Which statement must be true?,Some metals can attract iron under suitable conditions.,All metals are magnetic.,Only metals attract iron.,No nonmetal is magnetic.,,A,The metals that are magnetic are included among materials that attract iron under suitable conditions.,,Do not reverse a conditional statement unless the converse is explicitly supported.,75,No calculator,False,Passed,Passed,Approved for Distribution
DOST-W1-020,1,Undergraduate,Part I — Logical Reasoning,Verbal Reasoning,Verbal Reasoning,VR3 — Syllogisms and Deductive Logic,valid conclusions,VR-LOG,Analysis/Evaluation,Difficult,Premium,English,,All members of Team A submitted a project. Lira submitted a project. What can be concluded?,Lira is a member of Team A.,Lira may or may not be a member of Team A.,Lira is not a member of Team A.,Only Team A submitted projects.,,B,"Submitting a project is necessary for Team A members, but the premise does not say that only Team A members submitted.",,Do not reverse a conditional statement unless the converse is explicitly supported.,75,No calculator,False,Passed,Passed,Approved for Distribution
DOST-W1-021,1,Undergraduate,Part I — Logical Reasoning,Verbal Reasoning,Verbal Reasoning,VR3 — Syllogisms and Deductive Logic,valid conclusions,VR-LOG,Analysis/Evaluation,Difficult,Premium,English,,"If the alarm rings, the guard checks the gate. The guard did not check the gate. Which conclusion is logically valid?",The alarm did not ring.,The alarm rang quietly.,The guard was absent.,The gate was already open.,,A,"By contraposition, if checking the gate did not occur, then the stated sufficient condition—the alarm ringing—did not occur.",,Do not reverse a conditional statement unless the converse is explicitly supported.,75,No calculator,False,Passed,Passed,Approved for Distribution
DOST-W1-022,1,Undergraduate,Part I — Logical Reasoning,Verbal Reasoning,Verbal Reasoning,VR3 — Syllogisms and Deductive Logic,valid conclusions,VR-LOG,Analysis/Evaluation,Difficult,Premium,English,,Some scholarship applicants are varsity athletes. No varsity athlete is exempt from the medical examination. Which conclusion follows?,Some scholarship applicants are not exempt from the medical examination.,All applicants are varsity athletes.,No applicant is exempt from any requirement.,All nonexempt applicants are athletes.,,A,The applicants who are varsity athletes are included among those who are not exempt from the medical examination.,,Do not reverse a conditional statement unless the converse is explicitly supported.,75,No calculator,False,Passed,Passed,Approved for Distribution
DOST-W1-023,1,Undergraduate,Part I — Logical Reasoning,Verbal Reasoning,Verbal Reasoning,VR3 — Syllogisms and Deductive Logic,valid conclusions,VR-LOG,Analysis/Evaluation,Difficult,Premium,English,,All efficient machines reduce wasted energy. Machine P reduces wasted energy. Which conclusion is justified?,Machine P is efficient.,"Machine P may be efficient, but the premise is insufficient to prove it.",Machine P is inefficient.,Only Machine P reduces wasted energy.,,B,"Reducing wasted energy is a property of efficient machines, but other machines could also reduce wasted energy.",,Do not reverse a conditional statement unless the converse is explicitly supported.,75,No calculator,False,Passed,Passed,Approved for Distribution
DOST-W1-024,1,Undergraduate,Part I — Logical Reasoning,Verbal Reasoning,Verbal Reasoning,VR3 — Syllogisms and Deductive Logic,valid conclusions,VR-LOG,Analysis/Evaluation,Difficult,Premium,English,,No acidic solution has pH greater than 7. Solution Q has pH 9. Which conclusion must be true?,Solution Q is not acidic.,Solution Q is neutral.,Solution Q contains no hydrogen ions.,All basic solutions have pH 9.,,A,"A pH of 9 is greater than 7, so Q cannot belong to the class of acidic solutions.",,Do not reverse a conditional statement unless the converse is explicitly supported.,75,No calculator,False,Passed,Passed,Approved for Distribution
DOST-W1-025,1,Undergraduate,Part I — Logical Reasoning,Verbal Reasoning,Verbal Reasoning,VR4 — Ordering and Comparative Logic,ordering constraints,VR-LOG,Multi-step Application,Difficult,Free,English,,Mina scored higher than Paolo but lower than Rafi. Sela scored lower than Paolo. Who scored highest?,Mina,Paolo,Rafi,Sela,,C,The order is Rafi > Mina > Paolo > Sela.,,Convert every statement into a consistent order or position diagram.,65,No calculator,False,Passed,Passed,Approved for Distribution
DOST-W1-026,1,Undergraduate,Part I — Logical Reasoning,Verbal Reasoning,Verbal Reasoning,VR4 — Ordering and Comparative Logic,ordering constraints,VR-LOG,Multi-step Application,Difficult,Premium,English,,Tank A contains more water than Tank B. Tank C contains less than Tank A but more than Tank B. Which ordering is correct?,A > C > B,C > A > B,A > B > C,B > C > A,,A,"C is between A and B, so A > C > B.",,Convert every statement into a consistent order or position diagram.,65,No calculator,False,Passed,Passed,Approved for Distribution
DOST-W1-027,1,Undergraduate,Part I — Logical Reasoning,Verbal Reasoning,Verbal Reasoning,VR4 — Ordering and Comparative Logic,ordering constraints,VR-LOG,Multi-step Application,Difficult,Premium,English,,J is older than K. L is younger than K. M is older than J. Who is the youngest?,J,K,L,M,,C,"M > J > K > L, so L is youngest.",,Convert every statement into a consistent order or position diagram.,65,No calculator,False,Passed,Passed,Approved for Distribution
DOST-W1-028,1,Undergraduate,Part I — Logical Reasoning,Verbal Reasoning,Verbal Reasoning,VR4 — Ordering and Comparative Logic,ordering constraints,VR-LOG,Multi-step Application,Difficult,Premium,English,,Book P is thicker than Book Q. Book R is thinner than Book S. Book Q is thicker than Book S. Which book is thickest?,P,Q,R,S,,A,"P > Q > S > R, so P is thickest.",,Convert every statement into a consistent order or position diagram.,65,No calculator,False,Passed,Passed,Approved for Distribution
DOST-W1-029,1,Undergraduate,Part I — Logical Reasoning,Verbal Reasoning,Verbal Reasoning,VR4 — Ordering and Comparative Logic,ordering constraints,VR-LOG,Multi-step Application,Difficult,Premium,English,,"City X is east of City Y. City Z is north of City X. From City Y, in which general direction is City Z?",northwest,northeast,southeast,southwest,,B,"Move east from Y to X, then north to Z; Z is northeast of Y.",,Convert every statement into a consistent order or position diagram.,65,No calculator,False,Passed,Passed,Approved for Distribution
DOST-W1-030,1,Undergraduate,Part I — Logical Reasoning,Verbal Reasoning,Verbal Reasoning,VR4 — Ordering and Comparative Logic,ordering constraints,VR-LOG,Multi-step Application,Difficult,Premium,English,,Ana finishes before Ben. Carlo finishes after Dana but before Ana. Who finishes first?,Ana,Ben,Carlo,Dana,,D,"Dana finishes before Carlo, who finishes before Ana, who finishes before Ben.",,Convert every statement into a consistent order or position diagram.,65,No calculator,False,Passed,Passed,Approved for Distribution
DOST-W1-031,1,Undergraduate,Part I — Logical Reasoning,Verbal Reasoning,Verbal Reasoning,VR5 — Inference and Argument Analysis,evidence and assumptions,VR-LOG,Analysis/Evaluation,Difficult,Premium,English,,A school plans to reduce paper use by requiring digital submissions. Which evidence best supports the plan?,Students prefer blue folders.,"The school used 80,000 sheets for assignments last year, and most students have reliable device access.",Some teachers write comments by hand.,The library closes at 5 p.m.,,B,The strongest support addresses both the scale of paper use and the feasibility of digital submission.,,Prefer conclusions that match the strength and limits of the evidence.,90,No calculator,False,Passed,Passed,Approved for Distribution
DOST-W1-032,1,Undergraduate,Part I — Logical Reasoning,Verbal Reasoning,Verbal Reasoning,VR5 — Inference and Argument Analysis,evidence and assumptions,VR-LOG,Analysis/Evaluation,Difficult,Premium,English,,A farmer claims that a new fertilizer caused taller plants. Which additional information is most necessary?,The color of the fertilizer bag.,Whether similar plants without the fertilizer were grown under the same conditions.,The farmer's favorite crop.,The distance from the farm to the market.,,B,A comparison group under the same conditions is needed to isolate the fertilizer's effect.,,Prefer conclusions that match the strength and limits of the evidence.,90,No calculator,False,Passed,Passed,Approved for Distribution
DOST-W1-033,1,Undergraduate,Part I — Logical Reasoning,Verbal Reasoning,Verbal Reasoning,VR5 — Inference and Argument Analysis,evidence and assumptions,VR-LOG,Analysis/Evaluation,Difficult,Premium,English,,A report concludes that reading before bed improves memory because students who read at night scored higher. Which fact most weakens the conclusion?,The high-scoring students also slept longer and studied more overall.,The students read printed books.,The test was given in the morning.,Some books had pictures.,,A,Sleep duration and total study time are confounding variables that could explain the score difference.,,Prefer conclusions that match the strength and limits of the evidence.,90,No calculator,False,Passed,Passed,Approved for Distribution
DOST-W1-034,1,Undergraduate,Part I — Logical Reasoning,Verbal Reasoning,Verbal Reasoning,VR5 — Inference and Argument Analysis,evidence and assumptions,VR-LOG,Analysis/Evaluation,Difficult,Premium,English,,"Which statement is an assumption behind the claim, “Adding more bicycle racks will encourage more students to cycle to school”?",Lack of bicycle parking discourages at least some students from cycling.,All students own bicycles.,Cycling is faster than every other mode of travel.,The school will remove the parking lot.,,A,The proposal can encourage cycling only if insufficient parking is one barrier.,,Prefer conclusions that match the strength and limits of the evidence.,90,No calculator,False,Passed,Passed,Approved for Distribution
DOST-W1-035,1,Undergraduate,Part I — Logical Reasoning,Verbal Reasoning,Verbal Reasoning,VR5 — Inference and Argument Analysis,evidence and assumptions,VR-LOG,Analysis/Evaluation,Difficult,Premium,English,,"Four seedlings received different amounts of light, and the one receiving the most light grew tallest. Which conclusion is most cautious?",More light always causes unlimited growth.,"Under the tested conditions, greater light exposure was associated with taller growth.",Light was the only factor affecting growth.,All plant species respond identically.,,B,"The result supports an association within the tested conditions, not a universal causal claim.",,Prefer conclusions that match the strength and limits of the evidence.,90,No calculator,False,Passed,Passed,Approved for Distribution
DOST-W1-036,1,Undergraduate,Part I — Logical Reasoning,Verbal Reasoning,Verbal Reasoning,VR6 — Verbal Classification and Sequences,classification and sequence,VR-LOG,Single-step Application,Easy,Premium,English,,Which word does not belong with the others?,evaporation,condensation,precipitation,photosynthesis,,D,The first three are processes in the water cycle; photosynthesis is not.,,Look for one consistent grouping or progression rule.,50,No calculator,False,Passed,Passed,Approved for Distribution
DOST-W1-037,1,Undergraduate,Part I — Logical Reasoning,Verbal Reasoning,Verbal Reasoning,VR6 — Verbal Classification and Sequences,classification and sequence,VR-LOG,Single-step Application,Easy,Premium,English,,Which pair has a different relationship?,bird : flock,fish : school,lion : pride,tree : forest,,D,The first three pair an animal with its collective group; tree : forest is a plant-to-ecosystem grouping.,,Look for one consistent grouping or progression rule.,50,No calculator,False,Passed,Passed,Approved for Distribution
DOST-W1-038,1,Undergraduate,Part I — Logical Reasoning,Verbal Reasoning,Verbal Reasoning,VR6 — Verbal Classification and Sequences,classification and sequence,VR-LOG,Single-step Application,Moderate,Premium,English,,"Complete the sequence: B, E, H, K, ____",M,N,O,P,,B,"Each letter advances by three positions: B, E, H, K, N.",,Look for one consistent grouping or progression rule.,50,No calculator,False,Passed,Passed,Approved for Distribution
DOST-W1-039,1,Undergraduate,Part I — Logical Reasoning,Verbal Reasoning,Verbal Reasoning,VR6 — Verbal Classification and Sequences,classification and sequence,VR-LOG,Single-step Application,Moderate,Premium,English,,"Complete the sequence: AZ, BY, CX, ____",DW,DX,EV,DZ,,A,"The first letter moves forward A, B, C, D while the second moves backward Z, Y, X, W.",,Look for one consistent grouping or progression rule.,50,No calculator,False,Passed,Passed,Approved for Distribution
DOST-W1-040,1,Undergraduate,Part I — Logical Reasoning,Verbal Reasoning,Verbal Reasoning,VR6 — Verbal Classification and Sequences,classification and sequence,VR-LOG,Single-step Application,Moderate,Premium,English,,Which set is arranged from broadest category to most specific member?,organism → animal → mammal → dolphin,dolphin → mammal → animal → organism,animal → organism → dolphin → mammal,mammal → dolphin → organism → animal,,A,"Each term narrows the category: organism, animal, mammal, dolphin.",,Look for one consistent grouping or progression rule.,50,No calculator,False,Passed,Passed,Approved for Distribution
DOST-W1-041,1,Undergraduate,Part II — Power Test,English,English,ENG1 — Error Identification,grammar and usage,ENG-ERR,Single-step Application,Moderate,Free,English,,Which underlined segment contains an error? The research team **have completed** the field survey **and is preparing** the final report **for submission** **next week**.,have completed,and is preparing,for submission,next week,,A,"The collective noun 'team' is treated as singular in this sentence, so 'has completed' is needed. The second verb 'is preparing' is already singular.",,"Locate the true grammatical subject and check agreement, tense, comparison, and modifier placement.",60,No calculator,False,Passed,Passed,Approved for Distribution
DOST-W1-042,1,Undergraduate,Part II — Power Test,English,English,ENG1 — Error Identification,grammar and usage,ENG-ERR,Single-step Application,Moderate,Free,English,,Which underlined segment contains an error? Each of the applicants **were given** a numbered envelope **before entering** the testing room **this morning**.,were given,before entering,the testing room,this morning,,A,"The subject is 'Each,' which is singular; use 'was given.'",,"Locate the true grammatical subject and check agreement, tense, comparison, and modifier placement.",60,No calculator,False,Passed,Passed,Approved for Distribution
DOST-W1-043,1,Undergraduate,Part II — Power Test,English,English,ENG1 — Error Identification,grammar and usage,ENG-ERR,Single-step Application,Moderate,Free,English,,Which underlined segment contains an error? The student **who solved the problem** explained the method **more clearly than** any member **in her group**.,who solved the problem,explained the method,more clearly than,any member in her group,,D,The comparison should exclude the student herself: 'than any other member in her group.',,"Locate the true grammatical subject and check agreement, tense, comparison, and modifier placement.",60,No calculator,False,Passed,Passed,Approved for Distribution
DOST-W1-044,1,Undergraduate,Part II — Power Test,English,English,ENG1 — Error Identification,grammar and usage,ENG-ERR,Single-step Application,Moderate,Free,English,,Which underlined segment contains an error? Neither the calculator nor the rulers **was placed** inside the bag **after the activity** **ended**.,Neither the calculator nor the rulers,was placed,inside the bag,after the activity ended,,B,"With neither...nor, the verb agrees with the nearer subject 'rulers,' so 'were placed' is required.",,"Locate the true grammatical subject and check agreement, tense, comparison, and modifier placement.",60,No calculator,False,Passed,Passed,Approved for Distribution
DOST-W1-045,1,Undergraduate,Part II — Power Test,English,English,ENG1 — Error Identification,grammar and usage,ENG-ERR,Single-step Application,Moderate,Premium,English,,Which underlined segment contains an error? The committee recommended **that every participant submits** the form **before Friday** to avoid **a delay**.,that every participant submits,before Friday,to avoid,a delay,,A,"After 'recommended that,' formal English uses the base form: 'that every participant submit.'",,"Locate the true grammatical subject and check agreement, tense, comparison, and modifier placement.",60,No calculator,False,Passed,Passed,Approved for Distribution
DOST-W1-046,1,Undergraduate,Part II — Power Test,English,English,ENG1 — Error Identification,grammar and usage,ENG-ERR,Single-step Application,Moderate,Premium,English,,"Which underlined segment contains an error? Having finished the experiment, **the laboratory table was cleaned** by Mara **before she left**.",Having finished the experiment,the laboratory table was cleaned,by Mara,before she left,,B,"The introductory phrase should modify Mara, not the table: 'Having finished the experiment, Mara cleaned the laboratory table.'",,"Locate the true grammatical subject and check agreement, tense, comparison, and modifier placement.",60,No calculator,False,Passed,Passed,Approved for Distribution
DOST-W1-047,1,Undergraduate,Part II — Power Test,English,English,ENG1 — Error Identification,grammar and usage,ENG-ERR,Single-step Application,Moderate,Premium,English,,Which underlined segment contains an error? The information from the sensors **were recorded** every five minutes **throughout the night**.,The information,were recorded,every five minutes,throughout the night,,B,"'Information' is uncountable and singular, so use 'was recorded.'",,"Locate the true grammatical subject and check agreement, tense, comparison, and modifier placement.",60,No calculator,False,Passed,Passed,Approved for Distribution
DOST-W1-048,1,Undergraduate,Part II — Power Test,English,English,ENG1 — Error Identification,grammar and usage,ENG-ERR,Single-step Application,Moderate,Premium,English,,"Which underlined segment contains an error? If the weather **will improve**, the team **will continue** the coastal survey tomorrow.",If the weather,will improve,the team,will continue,,B,"In a real future condition, the if-clause normally uses the simple present: 'If the weather improves.'",,"Locate the true grammatical subject and check agreement, tense, comparison, and modifier placement.",60,No calculator,False,Passed,Passed,Approved for Distribution
DOST-W1-049,1,Undergraduate,Part II — Power Test,English,English,ENG1 — Error Identification,grammar and usage,ENG-ERR,Single-step Application,Moderate,Premium,English,,Which underlined segment contains an error? The teacher asked whether the students **had reviewed** the chapter **and has completed** their notes **before class**.,had reviewed,the chapter,and has completed,before class,,C,The coordinated verbs should have parallel tense: 'had reviewed ... and had completed.',,"Locate the true grammatical subject and check agreement, tense, comparison, and modifier placement.",60,No calculator,False,Passed,Passed,Approved for Distribution
DOST-W1-050,1,Undergraduate,Part II — Power Test,English,English,ENG1 — Error Identification,grammar and usage,ENG-ERR,Single-step Application,Moderate,Premium,English,,Which underlined segment contains an error? One of the reasons **for the delay were** the damaged cables **near the entrance**.,One of the reasons,for the delay were,the damaged cables,near the entrance,,B,"The subject is 'One,' so the verb must be singular: 'was.'",,"Locate the true grammatical subject and check agreement, tense, comparison, and modifier placement.",60,No calculator,False,Passed,Passed,Approved for Distribution
DOST-W1-051,1,Undergraduate,Part II — Power Test,English,English,ENG3 — Vocabulary and Word Relationships,vocabulary in context,ENG-EQV,Recognition/Recall,Easy,Free,English,,The word **feasible** is closest in meaning to:,practical,expensive,immediate,temporary,,A,Feasible means possible and practical to carry out.,,"Use context and word parts, then test the choice in the sentence.",40,No calculator,False,Passed,Passed,Approved for Distribution
DOST-W1-052,1,Undergraduate,Part II — Power Test,English,English,ENG3 — Vocabulary and Word Relationships,vocabulary in context,ENG-EQV,Recognition/Recall,Easy,Free,English,,The word **mitigate** is closest in meaning to:,intensify,measure,reduce,predict,,C,To mitigate is to make something less severe.,,"Use context and word parts, then test the choice in the sentence.",40,No calculator,False,Passed,Passed,Approved for Distribution
DOST-W1-053,1,Undergraduate,Part II — Power Test,English,English,ENG3 — Vocabulary and Word Relationships,vocabulary in context,ENG-EQV,Recognition/Recall,Easy,Premium,English,,"The statement was **ambiguous**, so the class asked for clarification. Ambiguous means:",brief,unclear,incorrect,technical,,B,Ambiguous language can be understood in more than one way and is therefore unclear.,,"Use context and word parts, then test the choice in the sentence.",40,No calculator,False,Passed,Passed,Approved for Distribution
DOST-W1-054,1,Undergraduate,Part II — Power Test,English,English,ENG3 — Vocabulary and Word Relationships,vocabulary in context,ENG-EQV,Recognition/Recall,Moderate,Premium,English,,Which pair does NOT have nearly the same meaning?,concise — brief,vital — essential,scarce — abundant,rapid — swift,,C,"Scarce means limited, while abundant means plentiful; they are opposites.",,"Use context and word parts, then test the choice in the sentence.",40,No calculator,False,Passed,Passed,Approved for Distribution
DOST-W1-055,1,Undergraduate,Part II — Power Test,English,English,ENG3 — Vocabulary and Word Relationships,vocabulary in context,ENG-EQV,Recognition/Recall,Moderate,Premium,English,,The engineer gave a **candid** assessment of the design. Candid most nearly means:,honest,lengthy,secret,favorable,,A,"Candid means direct and honest, even when the assessment is not favorable.",,"Use context and word parts, then test the choice in the sentence.",40,No calculator,False,Passed,Passed,Approved for Distribution
DOST-W1-056,1,Undergraduate,Part II — Power Test,English,English,ENG3 — Vocabulary and Word Relationships,vocabulary in context,ENG-EQV,Recognition/Recall,Moderate,Premium,English,,"Because the evidence was **inconclusive**, the researchers:",proved the claim,could not reach a firm conclusion,repeated a known fact,ignored all observations,,B,Inconclusive evidence is insufficient for a firm conclusion.,,"Use context and word parts, then test the choice in the sentence.",40,No calculator,False,Passed,Passed,Approved for Distribution
DOST-W1-057,1,Undergraduate,Part II — Power Test,English,English,ENG3 — Vocabulary and Word Relationships,vocabulary in context,ENG-EQV,Recognition/Recall,Moderate,Premium,English,,Which word best completes the sentence? The instructions were so _____ that two groups interpreted them differently.,precise,explicit,vague,concise,,C,Vague instructions lack enough clarity and can lead to different interpretations.,,"Use context and word parts, then test the choice in the sentence.",40,No calculator,False,Passed,Passed,Approved for Distribution
DOST-W1-058,1,Undergraduate,Part II — Power Test,English,English,ENG3 — Vocabulary and Word Relationships,vocabulary in context,ENG-EQV,Recognition/Recall,Moderate,Premium,English,,The word **corroborate** most nearly means:,contradict,confirm with supporting evidence,simplify,memorize,,B,To corroborate is to strengthen or confirm a statement with additional evidence.,,"Use context and word parts, then test the choice in the sentence.",40,No calculator,False,Passed,Passed,Approved for Distribution
DOST-W1-059,1,Undergraduate,Part II — Power Test,English,English,ENG4 — Sentence Equivalence and Paraphrase,meaning and revision,ENG-EQV,Analysis/Evaluation,Difficult,Free,English,,Choose the sentence that best preserves the meaning: “Only applicants who submitted complete documents were interviewed.”,Every applicant was interviewed after submitting documents.,Applicants with incomplete documents were not interviewed.,Some applicants were interviewed without documents.,Interviews were optional for complete applicants.,,B,The original sets complete documents as a necessary condition for being interviewed.,,"Preserve the original meaning, degree of certainty, and logical relationship.",70,No calculator,False,Passed,Passed,Approved for Distribution
DOST-W1-060,1,Undergraduate,Part II — Power Test,English,English,ENG4 — Sentence Equivalence and Paraphrase,meaning and revision,ENG-EQV,Analysis/Evaluation,Difficult,Premium,English,,"Choose the clearest and most concise revision: “Due to the fact that the road was flooded, the delivery was delayed.”",The delivery was delayed because the road was flooded.,The road was flooded due to the delivery delay.,"Because of the fact of flooding, delay happened.","The delivery, which was delayed, flooded the road.",,A,The revision preserves cause and effect without unnecessary wording.,,"Preserve the original meaning, degree of certainty, and logical relationship.",70,No calculator,False,Passed,Passed,Approved for Distribution
DOST-W1-061,1,Undergraduate,Part II — Power Test,English,English,ENG4 — Sentence Equivalence and Paraphrase,meaning and revision,ENG-EQV,Analysis/Evaluation,Difficult,Premium,English,,Which sentence best combines the ideas? “The sample was small. The result should be interpreted cautiously.”,"The sample was small, so the result should be interpreted cautiously.","The sample was small, but the result was definitely true.","Although the result was cautious, the sample was small.",The result interpreted the small sample.,,A,"A small sample is a reason for caution, so 'so' accurately expresses the relationship.",,"Preserve the original meaning, degree of certainty, and logical relationship.",70,No calculator,False,Passed,Passed,Approved for Distribution
DOST-W1-062,1,Undergraduate,Part II — Power Test,English,English,ENG4 — Sentence Equivalence and Paraphrase,meaning and revision,ENG-EQV,Analysis/Evaluation,Difficult,Premium,English,,"Choose the option with the same meaning: “Unless the sensor is recalibrated, the readings will remain unreliable.”",The readings will become reliable even without recalibration.,The sensor must be recalibrated for the readings to become reliable.,Recalibration guarantees that every reading is exact.,The readings caused the sensor to fail.,,B,Unless introduces a necessary condition: recalibration is needed for reliable readings.,,"Preserve the original meaning, degree of certainty, and logical relationship.",70,No calculator,False,Passed,Passed,Approved for Distribution
DOST-W1-063,1,Undergraduate,Part II — Power Test,English,English,ENG4 — Sentence Equivalence and Paraphrase,meaning and revision,ENG-EQV,Analysis/Evaluation,Difficult,Premium,English,,Which sentence best restates the claim without exaggeration? “The pilot study suggests that the method may reduce processing time.”,The method always eliminates processing time.,The pilot study provides preliminary evidence that the method could reduce processing time.,The method has been proven to work in all settings.,Processing time is no longer a concern.,,B,The restatement preserves the tentative strength of 'suggests' and 'may.',,"Preserve the original meaning, degree of certainty, and logical relationship.",70,No calculator,False,Passed,Passed,Approved for Distribution
DOST-W1-064,1,Undergraduate,Part II — Power Test,English,English,ENG4 — Sentence Equivalence and Paraphrase,meaning and revision,ENG-EQV,Analysis/Evaluation,Difficult,Premium,English,,Choose the best revision: “The students discussed about the results and agreed to repeat the trial.”,The students discussed the results and agreed to repeat the trial.,The students discussed on the results and agreed repeating the trial.,The students discussed about the results and agreed on repeat the trial.,The students had a discussion about on the results.,,A,"'Discuss' does not require 'about,' and 'agreed to repeat' is the correct construction.",,"Preserve the original meaning, degree of certainty, and logical relationship.",70,No calculator,False,Passed,Passed,Approved for Distribution
DOST-W1-065,1,Undergraduate,Part II — Power Test,English,English,ENG4 — Sentence Equivalence and Paraphrase,meaning and revision,ENG-EQV,Analysis/Evaluation,Difficult,Premium,English,,Which sentence maintains parallel structure?,"The project aims to reduce waste, conserving water, and lower costs.","The project aims to reduce waste, conserve water, and lower costs.","The project aims at reducing waste, to conserve water, and lower costs.","The project aims to reduction of waste, conserve water, and lowering costs.",,B,"All three verbs use the same base form: reduce, conserve, and lower.",,"Preserve the original meaning, degree of certainty, and logical relationship.",70,No calculator,False,Passed,Passed,Approved for Distribution
DOST-W1-066,1,Undergraduate,Part II — Power Test,English,English,ENG4 — Sentence Equivalence and Paraphrase,meaning and revision,ENG-EQV,Analysis/Evaluation,Difficult,Premium,English,,"Choose the most logical transition: “The first prototype was inexpensive to build. _____, it failed after only two hours of testing.”",Similarly,For example,However,Therefore,,C,"The second sentence contrasts low cost with poor durability, so 'However' is appropriate.",,"Preserve the original meaning, degree of certainty, and logical relationship.",70,No calculator,False,Passed,Passed,Approved for Distribution
DOST-W1-067,1,Undergraduate,Part II — Power Test,English,English,ENG5 — Paragraph Development and Organization,paragraph organization,ENG-PASS,Analysis/Evaluation,Difficult,Premium,English,,"A paragraph first defines urban heat islands, then explains how concrete and limited vegetation contribute to them. What is the dominant pattern of development?",chronological order,definition with cause-and-effect explanation,problem-solution only,comparison without explanation,,B,The paragraph introduces the term and then explains causes.,,Match the organizational pattern to the writer's purpose and evidence.,65,No calculator,False,Passed,Passed,Approved for Distribution
DOST-W1-068,1,Undergraduate,Part II — Power Test,English,English,ENG5 — Paragraph Development and Organization,paragraph organization,ENG-PASS,Analysis/Evaluation,Difficult,Premium,English,,"A paragraph describes solar and wind energy side by side in terms of cost, reliability, and environmental impact. What pattern is used?",comparison-contrast,classification,narration,spatial order,,A,The same criteria are applied to two subjects to show similarities and differences.,,Match the organizational pattern to the writer's purpose and evidence.,65,No calculator,False,Passed,Passed,Approved for Distribution
DOST-W1-069,1,Undergraduate,Part II — Power Test,English,English,ENG5 — Paragraph Development and Organization,paragraph organization,ENG-PASS,Analysis/Evaluation,Difficult,Premium,English,,Which sentence best concludes a paragraph arguing that schools should maintain emergency water supplies?,Water is a compound made of hydrogen and oxygen.,"Therefore, a regularly inspected water reserve should be part of every school's disaster plan.",Many students bring colored tumblers.,Some rainfall occurs during the wet season.,,B,The conclusion restates the recommendation and connects it to disaster preparedness.,,Match the organizational pattern to the writer's purpose and evidence.,65,No calculator,False,Passed,Passed,Approved for Distribution
DOST-W1-070,1,Undergraduate,Part II — Power Test,English,English,ENG5 — Paragraph Development and Organization,paragraph organization,ENG-PASS,Analysis/Evaluation,Difficult,Premium,English,,A paragraph presents the steps for testing the acidity of rainwater from collection to measurement. Which pattern is most appropriate?,process,classification,comparison,cause only,,A,A sequence of steps uses process organization.,,Match the organizational pattern to the writer's purpose and evidence.,65,No calculator,False,Passed,Passed,Approved for Distribution
DOST-W1-071,1,Undergraduate,Part II — Power Test,English,English,ENG5 — Paragraph Development and Organization,paragraph organization,ENG-PASS,Analysis/Evaluation,Difficult,Premium,English,,Which detail would best support the claim that mangroves reduce coastal damage?,Mangrove leaves are green.,Coastal villages behind dense mangrove belts recorded lower wave impact than nearby cleared areas during the same storm.,Some mangroves grow slowly.,Mangroves have scientific names.,,B,The evidence directly compares wave impact under similar storm conditions.,,Match the organizational pattern to the writer's purpose and evidence.,65,No calculator,False,Passed,Passed,Approved for Distribution
DOST-W1-072,1,Undergraduate,Part II — Power Test,English,English,ENG5 — Paragraph Development and Organization,paragraph organization,ENG-PASS,Analysis/Evaluation,Difficult,Premium,English,,Which sentence is least relevant in a paragraph about conserving electricity in classrooms?,Turn off lights in empty rooms.,Use natural daylight when practical.,Unplug chargers that are not in use.,The school basketball team won its final game.,,D,The basketball result does not support the topic of classroom electricity conservation.,,Match the organizational pattern to the writer's purpose and evidence.,65,No calculator,False,Passed,Passed,Approved for Distribution
DOST-W1-073,1,Undergraduate,Part II — Power Test,English,English,ENG6 — Reading Comprehension,"main idea, detail, and inference",ENG-PASS,Analysis/Evaluation,Difficult,Premium,English,ENG-P1,What is the main idea of the passage?,Rain gauges are difficult to construct.,Measurement procedures and instrument placement affect the reliability of rainfall data.,Tall buildings always cause less rainfall.,Students should stop collecting weather data.,,B,"The passage emphasizes standard procedure, a placement problem, and correction to improve reliability.",,"Base the answer on what the passage supports, not on outside assumptions.",90,No calculator,False,Passed,Passed,Approved for Distribution
DOST-W1-074,1,Undergraduate,Part II — Power Test,English,English,ENG6 — Reading Comprehension,"main idea, detail, and inference",ENG-PASS,Analysis/Evaluation,Difficult,Premium,English,ENG-P1,Why did the class relocate some gauges?,The containers were too expensive.,The gauges near buildings appeared to underestimate rainfall.,The month had no rain.,The groups measured at different times.,,B,The consistent lower readings near buildings suggested obstruction or poor placement.,,"Base the answer on what the passage supports, not on outside assumptions.",90,No calculator,False,Passed,Passed,Approved for Distribution
DOST-W1-075,1,Undergraduate,Part II — Power Test,English,English,ENG6 — Reading Comprehension,"main idea, detail, and inference",ENG-PASS,Analysis/Evaluation,Difficult,Premium,English,ENG-P2,What is the primary purpose of the tool-lending corner?,To eliminate professional repair work,To support residents doing small household tasks safely,To sell damaged tools,To train full-time mechanics,,B,The program supports minor repairs while explicitly not replacing professional services.,,"Base the answer on what the passage supports, not on outside assumptions.",90,No calculator,False,Passed,Passed,Approved for Distribution
DOST-W1-076,1,Undergraduate,Part II — Power Test,English,English,ENG6 — Reading Comprehension,"main idea, detail, and inference",ENG-PASS,Analysis/Evaluation,Difficult,Premium,English,ENG-P2,Which detail best shows that safety was considered?,Residents assembled shelves.,The library was in a barangay.,Borrowers attended an orientation and tools were inspected.,Some hinges were loose.,,C,Orientation and inspection are direct safety measures.,,"Base the answer on what the passage supports, not on outside assumptions.",90,No calculator,False,Passed,Passed,Approved for Distribution
DOST-W1-077,1,Undergraduate,Part II — Power Test,English,English,ENG6 — Reading Comprehension,"main idea, detail, and inference",ENG-PASS,Analysis/Evaluation,Difficult,Premium,English,ENG-P3,Which statement best summarizes the author's claim?,Maximum brightness always improves reading.,Comfortable screen settings depend on several factors and should match the environment.,Text size is the only important factor.,Dim rooms should never contain screens.,,B,The passage rejects a single-factor rule and emphasizes environmental matching.,,"Base the answer on what the passage supports, not on outside assumptions.",90,No calculator,False,Passed,Passed,Approved for Distribution
DOST-W1-078,1,Undergraduate,Part II — Power Test,English,English,ENG6 — Reading Comprehension,"main idea, detail, and inference",ENG-PASS,Analysis/Evaluation,Difficult,Premium,English,ENG-P3,The word **therefore** signals that the final sentence is a:,contradiction,conclusion,definition,quotation,,B,The final sentence draws a conclusion from the preceding explanation.,,"Base the answer on what the passage supports, not on outside assumptions.",90,No calculator,False,Passed,Passed,Approved for Distribution
DOST-W1-079,1,Undergraduate,Part II — Power Test,English,English,ENG6 — Reading Comprehension,"main idea, detail, and inference",ENG-PASS,Analysis/Evaluation,Difficult,Premium,English,ENG-P4,Which factor is presented as an advantage of Method B?,It required no airflow.,It protected fruit from dust.,It always removed moisture immediately.,It used no sunlight.,,B,The transparent covered dryer protected the fruit from dust.,,"Base the answer on what the passage supports, not on outside assumptions.",90,No calculator,False,Passed,Passed,Approved for Distribution
DOST-W1-080,1,Undergraduate,Part II — Power Test,English,English,ENG6 — Reading Comprehension,"main idea, detail, and inference",ENG-PASS,Analysis/Evaluation,Difficult,Premium,English,ENG-P4,What inference is most supported?,The hottest dryer is always the best design.,Airflow and moisture removal must be considered together with temperature.,Direct sunlight cannot dry fruit.,Transparent covers prevent all contamination.,,B,"The team found that heat helps, but trapped moisture can reduce performance, so airflow also matters.",,"Base the answer on what the passage supports, not on outside assumptions.",90,No calculator,False,Passed,Passed,Approved for Distribution
DOST-W1-081,1,Undergraduate,Part II — Power Test,Science,Biology,BIO1 — Cells and Microscopy,microscope magnification,SCI-APP,Single-step Application,Easy,Free,English,,A microscope has a 10× eyepiece. Which objective lens gives a total magnification of 400×?,4×,10×,40×,400×,,C,Total magnification = eyepiece × objective. Thus 10× × 40× = 400×.,400 = 10 × objective | objective = 40×,Multiply eyepiece and objective magnifications.,80,No calculator,False,Passed,Passed,Approved for Distribution
DOST-W1-082,1,Undergraduate,Part II — Power Test,Science,Biology,BIO1 — Cells and Microscopy,organelle function,SCI-APP,Single-step Application,Moderate,Free,English,,A cell produces and exports large amounts of protein. Which pair of structures is expected to be especially well developed?,smooth endoplasmic reticulum and lysosomes,rough endoplasmic reticulum and Golgi apparatus,chloroplasts and cell wall,centrioles and vacuoles,,B,"Ribosomes on rough ER synthesize many exported proteins, while the Golgi modifies and packages them.",,Match organelle structure to the cell's major task.,80,No calculator,False,Passed,Passed,Approved for Distribution
DOST-W1-083,1,Undergraduate,Part II — Power Test,Science,Biology,BIO1 — Cells and Microscopy,osmosis,SCI-APP,Single-step Application,Moderate,Premium,English,,A plant cell is placed in a concentrated salt solution and its membrane pulls away from the cell wall. What best explains the change?,Water entered the cell by active transport.,Water left the cell by osmosis.,Salt was converted into water.,The cell wall dissolved.,,B,"The surrounding solution has lower water potential, so water leaves the cell by osmosis, causing plasmolysis.",,Water moves across a selectively permeable membrane toward the side with more dissolved particles.,80,No calculator,False,Passed,Passed,Approved for Distribution
DOST-W1-084,1,Undergraduate,Part II — Power Test,Science,Biology,BIO1 — Cells and Microscopy,cell comparison,SCI-APP,Recognition/Recall,Easy,Premium,English,,Which structure is present in both bacterial and animal cells?,nucleus,mitochondrion,ribosome,chloroplast,,C,"Both prokaryotic and eukaryotic cells contain ribosomes, but bacteria lack membrane-bound nuclei and organelles.",,All cells need ribosomes to synthesize proteins.,80,No calculator,False,Passed,Passed,Approved for Distribution
DOST-W1-085,1,Undergraduate,Part II — Power Test,Science,Biology,BIO1 — Cells and Microscopy,surface-area-to-volume ratio,SCI-APP,Analysis/Evaluation,Difficult,Premium,English,,Why do very small cells generally exchange materials more efficiently than very large cells of the same shape?,They have a larger surface-area-to-volume ratio.,They have fewer genes.,Their cytoplasm has no water.,They use only passive transport.,,A,"As size decreases, surface area remains large relative to volume, allowing faster exchange per unit volume.",,Surface-area-to-volume ratio decreases as an object grows.,80,No calculator,False,Passed,Passed,Approved for Distribution
DOST-W1-086,1,Undergraduate,Part II — Power Test,Science,Biology,BIO1 — Cells and Microscopy,cell-cycle checkpoint,SCI-APP,Single-step Application,Moderate,Premium,English,,A chemical prevents spindle fibers from attaching to chromosomes. At which stage is cell division most directly blocked?,DNA replication,chromosome alignment and separation,cytokinesis only,cell growth before DNA replication,,B,Spindle fibers attach to chromosomes and are required for their alignment and separation during mitosis.,,Spindle fibers move duplicated chromosomes during mitosis.,80,No calculator,False,Passed,Passed,Approved for Distribution
DOST-W1-087,1,Undergraduate,Part II — Power Test,Science,Biology,BIO2 — Biomolecules and Metabolism,photosynthesis inputs,SCI-APP,Recognition/Recall,Easy,Free,English,,Which substances provide the carbon and hydrogen atoms used to build glucose during photosynthesis?,oxygen and minerals,carbon dioxide and water,glucose and oxygen,nitrogen and sunlight,,B,"Carbon dioxide supplies carbon, and water supplies hydrogen. Light provides energy but not atoms.",,Distinguish matter inputs from the energy source in photosynthesis.,80,No calculator,False,Passed,Passed,Approved for Distribution
DOST-W1-088,1,Undergraduate,Part II — Power Test,Science,Biology,BIO2 — Biomolecules and Metabolism,enzyme activity,SCI-APP,Single-step Application,Moderate,Premium,English,,An enzyme works best at pH 7. Its activity drops sharply at pH 2 because:,the enzyme gains unlimited energy,its three-dimensional shape may change,the substrate becomes an enzyme,all chemical reactions stop below pH 7,,B,"Extreme pH can disrupt bonds that maintain enzyme shape, altering the active site.",,Enzyme activity depends on the shape of the active site.,80,No calculator,False,Passed,Passed,Approved for Distribution
DOST-W1-089,1,Undergraduate,Part II — Power Test,Science,Biology,BIO2 — Biomolecules and Metabolism,cellular respiration,SCI-APP,Analysis/Evaluation,Difficult,Premium,English,,"During vigorous exercise, muscle cells may temporarily produce lactate. What is the immediate advantage of this process?",It produces more ATP than aerobic respiration.,It regenerates NAD+ so glycolysis can continue.,It stores oxygen in the nucleus.,It stops glucose breakdown.,,B,"Lactate fermentation regenerates NAD+, allowing glycolysis and limited ATP production to continue when oxygen delivery is insufficient.",,Fermentation sustains glycolysis by regenerating electron carriers.,120,No calculator,False,Passed,Passed,Approved for Distribution
DOST-W1-090,1,Undergraduate,Part II — Power Test,Science,Biology,BIO2 — Biomolecules and Metabolism,food test,SCI-APP,Recognition/Recall,Easy,Premium,English,,A food sample turns blue-black after iodine solution is added. Which nutrient is present?,protein,starch,lipid,vitamin C,,B,Iodine forms a blue-black complex with starch.,,Know the common indicator tests for biological molecules.,80,No calculator,False,Passed,Passed,Approved for Distribution
DOST-W1-091,1,Undergraduate,Part II — Power Test,Science,Biology,BIO2 — Biomolecules and Metabolism,energy flow,SCI-APP,Analysis/Evaluation,Difficult,Premium,English,,Why is less energy available to organisms at each higher trophic level?,Energy is destroyed by consumers.,Much energy is released as heat during metabolism and used for life processes.,Producers do not contain chemical energy.,Predators return all energy to the Sun.,,B,"Organisms use much of the energy they obtain, and respiration releases a large fraction as heat.",,Energy flows through ecosystems and is progressively dissipated as heat.,80,No calculator,False,Passed,Passed,Approved for Distribution
DOST-W1-092,1,Undergraduate,Part II — Power Test,Science,Biology,BIO3 — Genetics and Molecular Biology,DNA base pairing,SCI-APP,Single-step Application,Moderate,Free,English,,One strand of DNA contains the sequence 5′-ATGCC-3′. Which is the complementary DNA sequence?,5′-TACGG-3′,3′-TACGG-5′,3′-UACGG-5′,5′-AUGCC-3′,,B,"DNA strands are antiparallel and pair A with T and G with C, giving 3′-TACGG-5′.",,Include both base pairing and antiparallel orientation.,80,No calculator,False,Passed,Passed,Approved for Distribution
DOST-W1-093,1,Undergraduate,Part II — Power Test,Science,Biology,BIO3 — Genetics and Molecular Biology,transcription,SCI-APP,Single-step Application,Moderate,Premium,English,,"If the DNA template strand is 3′-TAC GGA-5′, what mRNA sequence is produced?",5′-AUG CCU-3′,5′-UAC GGA-3′,3′-AUG CCU-5′,5′-ATG CCT-3′,,A,"RNA is built antiparallel to the template: T→A, A→U, C→G, G→C, producing 5′-AUG CCU-3′.",,mRNA is complementary to the DNA template and uses U instead of T.,80,No calculator,False,Passed,Passed,Approved for Distribution
DOST-W1-094,1,Undergraduate,Part II — Power Test,Science,Biology,BIO3 — Genetics and Molecular Biology,Mendelian cross,SCI-APP,Multi-step Application,Difficult,Free,English,,"In peas, tall (T) is dominant to short (t). What fraction of offspring from Tt × tt is expected to be short?",0,1/4,1/2,3/4,,C,"The cross produces Tt and tt in equal proportions, so one-half are short.","Gametes from Tt: T or t | Gametes from tt: t only | Offspring: 1/2 Tt, 1/2 tt",A recessive phenotype requires two recessive alleles.,80,No calculator,False,Passed,Passed,Approved for Distribution
DOST-W1-095,1,Undergraduate,Part II — Power Test,Science,Biology,BIO3 — Genetics and Molecular Biology,pedigree inference,SCI-APP,Analysis/Evaluation,Difficult,Premium,English,,Two unaffected parents have an affected child for a rare autosomal trait. Which inheritance pattern is most consistent?,autosomal dominant,autosomal recessive,Y-linked dominant,mitochondrial only,,B,"For a rare autosomal recessive trait, unaffected carrier parents can have an affected child.",,Unaffected parents producing an affected child often suggests recessive inheritance.,80,No calculator,False,Passed,Passed,Approved for Distribution
DOST-W1-096,1,Undergraduate,Part II — Power Test,Science,Biology,BIO3 — Genetics and Molecular Biology,chromosome abnormality,SCI-APP,Recognition/Recall,Moderate,Premium,English,,A human karyotype shows three copies of chromosome 21. This condition results from:,a point mutation only,nondisjunction during cell division,crossing over in every chromosome,DNA transcription failure,,B,Failure of chromosome 21 copies to separate properly can produce a gamete with an extra chromosome.,,Nondisjunction changes chromosome number.,80,No calculator,False,Passed,Passed,Approved for Distribution
DOST-W1-097,1,Undergraduate,Part II — Power Test,Science,Biology,BIO3 — Genetics and Molecular Biology,mutation effect,SCI-APP,Analysis/Evaluation,Difficult,Premium,English,,A nucleotide substitution changes a codon but not the encoded amino acid. Why can this occur?,Every amino acid has only one codon.,The genetic code is redundant.,Ribosomes ignore all substitutions.,Proteins contain DNA.,,B,"Several amino acids are specified by more than one codon, so some substitutions are silent.",,The genetic code is degenerate: multiple codons can specify the same amino acid.,120,No calculator,False,Passed,Passed,Approved for Distribution
DOST-W1-098,1,Undergraduate,Part II — Power Test,Science,Biology,BIO4 — Evolution and Classification,homology,SCI-APP,Analysis/Evaluation,Difficult,Free,English,,"The forelimbs of whales, bats, and humans have the same basic bone arrangement but different functions. These structures are:",analogous and evidence of identical habitats,homologous and evidence of common ancestry,vestigial and nonfunctional,unrelated because their functions differ,,B,Shared underlying anatomy with different functions is homology and supports common ancestry.,,Homologous structures share origin; analogous structures share function without the same origin.,80,No calculator,False,Passed,Passed,Approved for Distribution
DOST-W1-099,1,Undergraduate,Part II — Power Test,Science,Biology,BIO4 — Evolution and Classification,natural selection,SCI-APP,Analysis/Evaluation,Moderate,Premium,English,,"After repeated pesticide use, a larger fraction of insects survives each application. Which explanation best fits natural selection?",Individual insects developed useful mutations because they needed them.,Resistant insects were already present and left more offspring.,The pesticide taught insects to detoxify it.,All insects became equally resistant at once.,,B,Selection increases the frequency of pre-existing heritable resistance among survivors and their descendants.,,Natural selection acts on heritable variation already present in a population.,80,No calculator,False,Passed,Passed,Approved for Distribution
DOST-W1-100,1,Undergraduate,Part II — Power Test,Science,Biology,BIO5 — Ecology and Populations,food web,SCI-APP,Single-step Application,Easy,Premium,English,,"In a grassland food chain, grass → grasshopper → frog → snake. If grasshopper numbers sharply decline, which immediate effect is most likely?",Frogs have less food available.,Grass receives less sunlight.,Snakes become producers.,Grasshoppers consume more grass.,,A,"Frogs directly depend on grasshoppers as prey, so their food supply decreases.",,Trace direct feeding relationships before predicting broader effects.,80,No calculator,False,Passed,Passed,Approved for Distribution
DOST-W1-101,1,Undergraduate,Part II — Power Test,Science,Biology,BIO5 — Ecology and Populations,nitrogen cycle,SCI-APP,Single-step Application,Moderate,Premium,English,,Why can planting legumes improve nitrogen availability in soil?,Their roots release pure nitrogen gas.,Bacteria associated with their roots convert atmospheric nitrogen into usable compounds.,Legumes do not require nitrogen.,Their leaves absorb nitrate directly from rocks.,,B,Nitrogen-fixing bacteria in root nodules convert atmospheric nitrogen into forms that enter the soil nitrogen cycle.,,Nitrogen fixation makes atmospheric nitrogen biologically available.,80,No calculator,False,Passed,Passed,Approved for Distribution
DOST-W1-102,1,Undergraduate,Part II — Power Test,Science,Biology,BIO5 — Ecology and Populations,population pyramid,SCI-APP,Analysis/Evaluation,Moderate,Premium,English,,A population age structure has a very broad base and a narrow top. What does this most strongly suggest?,A high proportion of young individuals and potential rapid growth,No reproduction is occurring,The population is entirely old,Birth and death rates are both zero,,A,"A broad base represents many prereproductive individuals, which can drive future growth.",,Age structure helps predict population growth trend.,80,No calculator,False,Passed,Passed,Approved for Distribution
DOST-W1-103,1,Undergraduate,Part II — Power Test,Science,Biology,BIO6 — Human Systems and Reproduction,gas exchange,SCI-APP,Recognition/Recall,Easy,Free,English,,Which feature of alveoli most directly increases the rate of gas exchange?,thick walls,small total surface area,thin moist walls with extensive capillaries,absence of blood flow,,C,"Thin, moist walls and a rich capillary supply shorten diffusion distance and maintain concentration gradients.",,"Efficient exchange surfaces are thin, moist, and large.",80,No calculator,False,Passed,Passed,Approved for Distribution
DOST-W1-104,1,Undergraduate,Part II — Power Test,Science,Biology,BIO6 — Human Systems and Reproduction,urinary system,SCI-APP,Recognition/Recall,Easy,Premium,English,,Which sequence correctly traces urine after it leaves a kidney?,ureter → bladder → urethra,urethra → bladder → ureter,bladder → ureter → urethra,ureter → urethra → bladder,,A,"Urine travels from the kidney through a ureter to the bladder, then exits through the urethra.",,Distinguish ureter from urethra.,80,No calculator,False,Passed,Passed,Approved for Distribution
DOST-W1-105,1,Undergraduate,Part II — Power Test,Science,Biology,BIO6 — Human Systems and Reproduction,nervous response,SCI-APP,Single-step Application,Moderate,Premium,English,,A person quickly withdraws a hand from a hot surface before consciously feeling pain. Which structure coordinates the initial reflex?,spinal cord,cerebellum only,pituitary gland,stomach,,A,The spinal cord can coordinate a rapid reflex arc before the brain processes the sensation consciously.,,Reflex arcs reduce response time by using spinal pathways.,80,No calculator,False,Passed,Passed,Approved for Distribution
DOST-W1-106,1,Undergraduate,Part II — Power Test,Science,Biology,BIO6 — Human Systems and Reproduction,reproduction,SCI-APP,Analysis/Evaluation,Moderate,Premium,English,,How does oogenesis differ from spermatogenesis in humans?,"Oogenesis typically produces one large functional gamete per primary cell, while spermatogenesis produces four.",Oogenesis occurs only after fertilization.,Spermatogenesis produces no haploid cells.,Both processes produce four equal-sized functional gametes.,,A,"Unequal cytokinesis in oogenesis produces one ovum and polar bodies, while spermatogenesis normally yields four functional sperm.",,The products differ in number and cytoplasmic distribution.,80,No calculator,False,Passed,Passed,Approved for Distribution
DOST-W1-107,1,Undergraduate,Part II — Power Test,Science,Biology,BIO7 — Scientific Investigation,experimental variables,SCI-APP,Recognition/Recall,Easy,Free,English,,"Students test how light color affects plant growth. They use identical plants, equal water, and equal exposure time. What is the independent variable?",plant height,light color,amount of water,type of plant,,B,The independent variable is the factor deliberately changed: light color.,,Independent is changed; dependent is measured; controls are kept constant.,80,No calculator,False,Passed,Passed,Approved for Distribution
DOST-W1-108,1,Undergraduate,Part II — Power Test,Science,Biology,BIO7 — Scientific Investigation,control group,SCI-APP,Analysis/Evaluation,Moderate,Premium,English,,"To test whether a nutrient solution increases seedling growth, which group is the best control?",Seedlings receiving the same conditions but plain water,Larger seedlings receiving twice the solution,Different plant species in another room,Seedlings measured only before the experiment,,A,"A control should differ only in the tested treatment, so plain water under the same conditions is appropriate.",,A valid control isolates the effect of the treatment.,80,No calculator,False,Passed,Passed,Approved for Distribution
DOST-W1-109,1,Undergraduate,Part II — Power Test,Science,Biology,BIO7 — Scientific Investigation,data interpretation,SCI-APP,Analysis/Evaluation,Difficult,Premium,English,,"A treatment group averaged 15 cm in height and the control averaged 14.8 cm, but variation within each group was ±3 cm. Which conclusion is most appropriate?",The treatment certainly caused major growth.,The difference is small relative to the variation and may not be meaningful.,The control had no variation.,The treatment reduced growth by 3 cm.,,B,"The 0.2 cm difference is much smaller than the spread of measurements, so strong claims are not supported.",,"Consider variability, not only the difference between averages.",120,No calculator,False,Passed,Passed,Approved for Distribution
DOST-W1-110,1,Undergraduate,Part II — Power Test,Science,Biology,BIO7 — Scientific Investigation,replication,SCI-APP,Analysis/Evaluation,Moderate,Premium,English,,Why should an experiment use several organisms in each group rather than only one?,To guarantee the hypothesis is correct,To reduce the influence of individual variation and improve reliability,To eliminate the need for controls,To make every organism genetically identical,,B,Replication makes the result less dependent on an unusual individual and permits assessment of variation.,,Replication improves reliability but does not guarantee correctness.,80,No calculator,False,Passed,Passed,Approved for Distribution
DOST-W1-111,1,Undergraduate,Part II — Power Test,Science,Chemistry,"CHEM1 — Matter, Measurement, and Atomic Structure",subatomic particles,SCI-APP,Single-step Application,Easy,Free,English,,"An atom has 17 protons, 18 electrons, and 18 neutrons. What is its net charge?",1+,1−,17−,neutral,,B,"There is one more electron than proton, so the atom has a 1− charge.",charge = protons − electrons = 17 − 18 = −1,Compare proton and electron counts.,85,No calculator,False,Passed,Passed,Approved for Distribution
DOST-W1-112,1,Undergraduate,Part II — Power Test,Science,Chemistry,"CHEM1 — Matter, Measurement, and Atomic Structure",isotopes,SCI-APP,Recognition/Recall,Easy,Premium,English,,Two atoms are isotopes of the same element when they have:,the same neutrons but different protons,the same protons but different neutrons,different protons and electrons only,the same mass number but different atomic numbers,,B,Element identity depends on proton number; isotopes differ in neutron number.,,Isotopes share atomic number but differ in mass number.,85,No calculator,False,Passed,Passed,Approved for Distribution
DOST-W1-113,1,Undergraduate,Part II — Power Test,Science,Chemistry,"CHEM1 — Matter, Measurement, and Atomic Structure",electron configuration,SCI-APP,Single-step Application,Moderate,Premium,English,,Which element is most likely to form a 2+ ion by losing its two outermost electrons?,a Group 1 metal,a Group 2 metal,a halogen,a noble gas,,B,Group 2 metals have two valence electrons and commonly form 2+ ions.,,Main-group ion charges often follow valence-electron patterns.,85,No calculator,False,Passed,Passed,Approved for Distribution
DOST-W1-114,1,Undergraduate,Part II — Power Test,Science,Chemistry,"CHEM1 — Matter, Measurement, and Atomic Structure",periodic trend,SCI-APP,Analysis/Evaluation,Difficult,Premium,English,,"Across a period from left to right, atomic radius generally decreases because:",nuclear charge increases while electrons enter the same main energy level,atoms lose all electrons,the number of shells always increases,neutron attraction becomes dominant,,A,More protons increase effective nuclear attraction on electrons in the same principal level.,,Use effective nuclear charge to explain trends.,125,No calculator,False,Passed,Passed,Approved for Distribution
DOST-W1-115,1,Undergraduate,Part II — Power Test,Science,Chemistry,"CHEM1 — Matter, Measurement, and Atomic Structure",measurement,SCI-APP,Recognition/Recall,Moderate,Premium,English,,A balance reads 12.340 g. Which digit is the estimated digit?,1,2,4,0,,D,"For an instrument reading, the final recorded digit is the estimated digit, here the thousandths-place 0.",,The last reported digit in a measured value is uncertain.,85,No calculator,False,Passed,Passed,Approved for Distribution
DOST-W1-116,1,Undergraduate,Part II — Power Test,Science,Chemistry,CHEM2 — Periodic Trends and Bonding,ionic bonding,SCI-APP,Recognition/Recall,Easy,Free,English,,Which pair is most likely to form an ionic compound?,sodium and chlorine,carbon and oxygen,nitrogen and oxygen,chlorine and bromine,,A,A metal and a nonmetal with a large electronegativity difference commonly form an ionic compound.,,Ionic compounds commonly form between metals and nonmetals.,85,No calculator,False,Passed,Passed,Approved for Distribution
DOST-W1-117,1,Undergraduate,Part II — Power Test,Science,Chemistry,CHEM2 — Periodic Trends and Bonding,Lewis structure,SCI-APP,Recognition/Recall,Easy,Premium,English,,How many valence electrons are present in a neutral oxygen atom?,2,4,6,8,,C,Oxygen is in Group 16 and has six valence electrons.,,"For main-group elements, group position indicates valence electrons.",85,No calculator,False,Passed,Passed,Approved for Distribution
DOST-W1-118,1,Undergraduate,Part II — Power Test,Science,Chemistry,CHEM2 — Periodic Trends and Bonding,molecular geometry,SCI-APP,Single-step Application,Moderate,Premium,English,,A molecule has three bonding pairs and one lone pair around its central atom. What is its molecular geometry?,linear,trigonal planar,trigonal pyramidal,tetrahedral with no lone pairs,,C,"Four electron regions give tetrahedral electron geometry, but one lone pair makes the molecular shape trigonal pyramidal.",,"Count electron regions, then distinguish electron geometry from molecular shape.",85,No calculator,False,Passed,Passed,Approved for Distribution
DOST-W1-119,1,Undergraduate,Part II — Power Test,Science,Chemistry,CHEM3 — Compounds and Nomenclature,ionic formula,SCI-APP,Multi-step Application,Moderate,Free,English,,"What is the correct formula for aluminum oxide, formed from Al³⁺ and O²⁻?",AlO,Al2O,AlO2,Al2O3,,D,The smallest whole-number ratio that balances charge is 2 Al³⁺ (+6) to 3 O²⁻ (−6).,LCM of 3 and 2 is 6 | Use 2 Al ions and 3 oxide ions,The total positive and negative charges in an ionic compound must balance.,85,No calculator,False,Passed,Passed,Approved for Distribution
DOST-W1-120,1,Undergraduate,Part II — Power Test,Science,Chemistry,CHEM3 — Compounds and Nomenclature,compound naming,SCI-APP,Single-step Application,Moderate,Premium,English,,What is the correct name of FeCl3?,iron chloride,iron(I) chloride,iron(II) chloride,iron(III) chloride,,D,"Three chloride ions contribute −3 total charge, so iron must be Fe³⁺.",,Use a Roman numeral for a transition metal's charge.,85,No calculator,False,Passed,Passed,Approved for Distribution
DOST-W1-121,1,Undergraduate,Part II — Power Test,Science,Chemistry,CHEM4 — Reactions and Stoichiometry,balancing equations,SCI-APP,Single-step Application,Easy,Free,English,,What coefficient should be placed before O2 when CH4 + O2 → CO2 + H2O is balanced?,1,2,3,4,,B,Balanced equation: CH4 + 2O2 → CO2 + 2H2O.,,Conserve each type of atom.,85,No calculator,False,Passed,Passed,Approved for Distribution
DOST-W1-122,1,Undergraduate,Part II — Power Test,Science,Chemistry,CHEM4 — Reactions and Stoichiometry,reaction type,SCI-APP,Recognition/Recall,Easy,Premium,English,,Zn + CuSO4 → ZnSO4 + Cu is an example of:,synthesis,decomposition,single replacement,double replacement,,C,"Zinc replaces copper in the compound, producing elemental copper.",,Identify which substances exchange or replace components.,85,No calculator,False,Passed,Passed,Approved for Distribution
DOST-W1-123,1,Undergraduate,Part II — Power Test,Science,Chemistry,CHEM4 — Reactions and Stoichiometry,mole ratio,SCI-APP,Single-step Application,Moderate,Premium,English,,"For 2H2 + O2 → 2H2O, how many moles of water form from 3.0 mol O2 when H2 is excess?",1.5 mol,3.0 mol,6.0 mol,9.0 mol,,C,"The ratio is 2 mol H2O per 1 mol O2, so 3.0 mol O2 forms 6.0 mol H2O.",3.0 mol O2 × 2 mol H2O / 1 mol O2 = 6.0 mol H2O,Use coefficients as mole ratios.,85,No calculator,False,Passed,Passed,Approved for Distribution
DOST-W1-124,1,Undergraduate,Part II — Power Test,Science,Chemistry,CHEM4 — Reactions and Stoichiometry,limiting reactant,SCI-APP,Multi-step Application,Moderate,Premium,English,,"For N2 + 3H2 → 2NH3, a mixture contains 2 mol N2 and 3 mol H2. Which reactant limits the amount of NH3?",N2,H2,NH3,neither; both are exactly sufficient,,B,"Two moles N2 would require 6 mol H2, but only 3 mol H2 is available.",,Compare available amounts using the balanced-equation ratio.,85,No calculator,False,Passed,Passed,Approved for Distribution
DOST-W1-125,1,Undergraduate,Part II — Power Test,Science,Chemistry,CHEM4 — Reactions and Stoichiometry,mass conservation,SCI-APP,Analysis/Evaluation,Easy,Premium,English,,"When 10 g of calcium carbonate is heated in a closed container, the total mass of all products is:",less than 10 g,exactly 10 g,more than 10 g,zero,,B,"In a closed system, mass is conserved even if a gas forms.",,Mass is conserved when all reactants and products are included.,85,No calculator,False,Passed,Passed,Approved for Distribution
DOST-W1-126,1,Undergraduate,Part II — Power Test,Science,Chemistry,"CHEM5 — Solutions, Acids, Bases, and Separation",pH,SCI-APP,Recognition/Recall,Easy,Free,English,,Which solution has the highest hydrogen-ion concentration?,pH 2,pH 4,pH 7,pH 10,,A,Lower pH corresponds to greater hydrogen-ion concentration.,,Each pH unit represents a tenfold change in [H+].,85,No calculator,False,Passed,Passed,Approved for Distribution
DOST-W1-127,1,Undergraduate,Part II — Power Test,Science,Chemistry,"CHEM5 — Solutions, Acids, Bases, and Separation",indicator selection,SCI-APP,Single-step Application,Moderate,Premium,English,,A solution is expected to have pH between 5.5 and 6.5. Which indicator is most useful?,one that changes color from pH 5 to 7,one that changes from pH 1 to 2,one that changes from pH 9 to 11,one that never changes color,,A,The indicator transition range should overlap the expected pH range.,,Choose an indicator whose transition interval brackets the endpoint or target range.,85,No calculator,False,Passed,Passed,Approved for Distribution
DOST-W1-128,1,Undergraduate,Part II — Power Test,Science,Chemistry,"CHEM5 — Solutions, Acids, Bases, and Separation",dilution,SCI-APP,Single-step Application,Easy,Premium,English,,What happens to the concentration when 100 mL of a solution is diluted to 200 mL without adding more solute?,It doubles.,It is halved.,It remains the same.,It becomes zero.,,B,"The same solute amount occupies twice the volume, so concentration is halved.",,"For simple dilution, concentration is inversely proportional to volume.",85,No calculator,False,Passed,Passed,Approved for Distribution
DOST-W1-129,1,Undergraduate,Part II — Power Test,Science,Chemistry,"CHEM5 — Solutions, Acids, Bases, and Separation",chromatography,SCI-APP,Analysis/Evaluation,Moderate,Premium,English,,Two ink samples produce spots at the same three relative heights under identical chromatography conditions. What is the most reasonable inference?,They may contain the same dye components.,They must have different solvents.,One sample is pure water.,Chromatography cannot compare inks.,,A,Matching spot patterns under the same conditions suggest similar component dyes.,,Compare the number and relative positions of chromatographic spots.,85,No calculator,False,Passed,Passed,Approved for Distribution
DOST-W1-130,1,Undergraduate,Part II — Power Test,Science,Chemistry,"CHEM5 — Solutions, Acids, Bases, and Separation",solubility,SCI-APP,Analysis/Evaluation,Moderate,Premium,English,,"A saturated solution at 60°C is cooled, and crystals form. Why?",The solute became an element.,The solubility decreased as temperature fell.,The solvent gained mass from nowhere.,Cooling always destroys the solute.,,B,"For many solids, lower temperature reduces solubility, so excess dissolved solute crystallizes.",,A saturated solution holds the maximum solute under the stated conditions.,85,No calculator,False,Passed,Passed,Approved for Distribution
DOST-W1-131,1,Undergraduate,Part II — Power Test,Science,Chemistry,CHEM6 — Gas Laws and Thermochemistry,Boyle's law,SCI-APP,Single-step Application,Easy,Free,English,,"A gas occupies 4.0 L at 1.0 atm. At constant temperature, what volume will it occupy at 2.0 atm?",1.0 L,2.0 L,4.0 L,8.0 L,,B,"P1V1=P2V2, so V2=(1.0×4.0)/2.0=2.0 L.",V2 = P1V1/P2 | V2 = 2.0 L,"At constant temperature, pressure and volume are inversely related.",85,No calculator,False,Passed,Passed,Approved for Distribution
DOST-W1-132,1,Undergraduate,Part II — Power Test,Science,Chemistry,CHEM6 — Gas Laws and Thermochemistry,Charles's law,SCI-APP,Single-step Application,Moderate,Premium,English,,"A balloon has volume 2.0 L at 300 K. If pressure is constant and temperature rises to 450 K, what is the new volume?",1.3 L,2.0 L,3.0 L,4.5 L,,C,V2=V1(T2/T1)=2.0(450/300)=3.0 L.,V2 = 2.0 × 450/300 = 3.0 L,Use absolute temperature in gas-law calculations.,85,No calculator,False,Passed,Passed,Approved for Distribution
DOST-W1-133,1,Undergraduate,Part II — Power Test,Science,Chemistry,CHEM6 — Gas Laws and Thermochemistry,combined gas law,SCI-APP,Multi-step Application,Difficult,Premium,English,,"A gas at 1.0 atm, 2.0 L, and 300 K changes to 2.0 atm and 450 K. What is its new volume?",0.75 L,1.5 L,3.0 L,6.0 L,,B,"P1V1/T1=P2V2/T2, so V2=(1×2×450)/(300×2)=1.5 L.",V2 = P1V1T2/(T1P2) | V2 = 1.5 L,"Track pressure, volume, and Kelvin temperature together.",125,No calculator,False,Passed,Passed,Approved for Distribution
DOST-W1-134,1,Undergraduate,Part II — Power Test,Science,Chemistry,CHEM6 — Gas Laws and Thermochemistry,specific heat,SCI-APP,Analysis/Evaluation,Moderate,Premium,English,,Equal masses of copper and water absorb the same amount of heat. Which has the larger temperature increase?,"water, because it has higher specific heat","copper, because it has lower specific heat",both are equal for all substances,cannot be determined without pressure,,B,"For equal Q and mass, ΔT=Q/(mc); the lower-specific-heat material has the larger temperature change.",,A smaller specific heat means a larger temperature change for the same heat input.,85,No calculator,False,Passed,Passed,Approved for Distribution
DOST-W1-135,1,Undergraduate,Part II — Power Test,Science,Chemistry,CHEM6 — Gas Laws and Thermochemistry,endothermic process,SCI-APP,Analysis/Evaluation,Moderate,Premium,English,,Which observation most directly indicates an endothermic process in an insulated mixture?,The mixture's temperature decreases as the process occurs.,Light is reflected.,The container gains mass from nowhere.,The color is unchanged.,,A,"An endothermic process absorbs thermal energy from the mixture, often lowering its temperature.",,Endothermic processes absorb heat from surroundings.,85,No calculator,False,Passed,Passed,Approved for Distribution
DOST-W1-136,1,Undergraduate,Part II — Power Test,Science,Chemistry,CHEM7 — Laboratory and Data Reasoning,lab safety,SCI-APP,Recognition/Recall,Easy,Free,English,,What is the safest way to smell a chemical in the laboratory when instructed to do so?,Place the container under the nose.,Waft vapors gently toward the nose.,Shake the container while inhaling deeply.,Taste a small amount first.,,B,Wafting reduces direct exposure to concentrated vapors.,,Never inhale chemicals directly.,85,No calculator,False,Passed,Passed,Approved for Distribution
DOST-W1-137,1,Undergraduate,Part II — Power Test,Science,Chemistry,CHEM7 — Laboratory and Data Reasoning,meniscus reading,SCI-APP,Recognition/Recall,Easy,Premium,English,,"For water in a graduated cylinder, the volume should be read:",at the top of the meniscus from above eye level,at the bottom of the meniscus at eye level,from any angle,at the container label,,B,Water forms a concave meniscus; reading at eye level avoids parallax.,,Read the bottom of a water meniscus at eye level.,85,No calculator,False,Passed,Passed,Approved for Distribution
DOST-W1-138,1,Undergraduate,Part II — Power Test,Science,Chemistry,CHEM7 — Laboratory and Data Reasoning,precision,SCI-APP,Analysis/Evaluation,Moderate,Premium,English,,"Four measurements are 10.21, 10.22, 10.20, and 10.21 g, while the accepted value is 11.00 g. The measurements are:",accurate and precise,precise but not accurate,accurate but not precise,neither measurable nor repeatable,,B,The values cluster tightly together but are far from the accepted value.,,Precision is agreement among trials; accuracy is closeness to the accepted value.,85,No calculator,False,Passed,Passed,Approved for Distribution
DOST-W1-139,1,Undergraduate,Part II — Power Test,Science,Chemistry,CHEM7 — Laboratory and Data Reasoning,experimental error,SCI-APP,Analysis/Evaluation,Moderate,Premium,English,,A wet beaker is used to measure the mass of a dry solid by difference. How will residual water most likely affect the calculated mass?,It can make the measured mass too high.,It always makes the mass zero.,It has no possible effect.,It changes grams into liters.,,A,Unaccounted water contributes additional mass to the weighing.,,Identify whether an uncontrolled contribution raises or lowers the measurement.,85,No calculator,False,Passed,Passed,Approved for Distribution
DOST-W1-140,1,Undergraduate,Part II — Power Test,Science,Chemistry,CHEM7 — Laboratory and Data Reasoning,graph interpretation,SCI-APP,Analysis/Evaluation,Difficult,Premium,English,,A graph of reaction rate versus temperature rises from 20°C to 50°C but falls sharply above 60°C for an enzyme-catalyzed reaction. What is the best explanation?,Particles stop moving at high temperature.,The enzyme may denature at high temperature.,All reactions reverse above 60°C.,Temperature has no effect on enzymes.,,B,"Increasing temperature initially raises collision frequency, but excessive heat can alter the enzyme's active site.",,Biological catalysts have an optimum temperature range.,125,No calculator,False,Passed,Passed,Approved for Distribution
DOST-W1-141,1,Undergraduate,Part II — Power Test,Science,Physics,"PHY1 — Measurement, Vectors, and Motion",SI units,SCI-APP,Recognition/Recall,Easy,Free,English,,Which quantity is measured in newtons?,energy,force,power,pressure,,B,The newton is the SI unit of force.,,Match derived units with their physical quantities.,80,No calculator,False,Passed,Passed,Approved for Distribution
DOST-W1-142,1,Undergraduate,Part II — Power Test,Science,Physics,"PHY1 — Measurement, Vectors, and Motion",average speed,SCI-APP,Multi-step Application,Moderate,Free,English,,A cyclist travels 6 km in 20 min and another 6 km in 40 min. What is the average speed for the whole trip?,6 km/h,12 km/h,18 km/h,24 km/h,,B,"Total distance is 12 km and total time is 60 min = 1 h, so average speed is 12 km/h.",distance = 12 km | time = 1 h | speed = 12 km/h,Average speed uses total distance divided by total time.,80,No calculator,False,Passed,Passed,Approved for Distribution
DOST-W1-143,1,Undergraduate,Part II — Power Test,Science,Physics,"PHY1 — Measurement, Vectors, and Motion",resultant displacement,SCI-APP,Single-step Application,Easy,Premium,English,,A student walks 3 m east and then 4 m north. What is the magnitude of the displacement from the starting point?,1 m,5 m,7 m,12 m,,B,"The paths form a right triangle, so displacement = √(3²+4²)=5 m.",d = √(3² + 4²) = 5 m,Perpendicular vector components combine using the Pythagorean theorem.,80,No calculator,False,Passed,Passed,Approved for Distribution
DOST-W1-144,1,Undergraduate,Part II — Power Test,Science,Physics,"PHY1 — Measurement, Vectors, and Motion",velocity-time graph,SCI-APP,Recognition/Recall,Moderate,Premium,English,,"On a velocity-time graph, the area under the curve represents:",acceleration,displacement,force,power,,B,Integrating velocity over time gives displacement.,,Know what slope and area represent on motion graphs.,80,No calculator,False,Passed,Passed,Approved for Distribution
DOST-W1-145,1,Undergraduate,Part II — Power Test,Science,Physics,"PHY1 — Measurement, Vectors, and Motion",projectile motion,SCI-APP,Analysis/Evaluation,Moderate,Premium,English,,"Ignoring air resistance, what is true at the highest point of a projectile's path?",Both velocity and acceleration are zero.,"Vertical velocity is zero, but acceleration is downward.","Acceleration is zero, but horizontal velocity is downward.","Horizontal velocity is zero, but acceleration is upward.",,B,"The vertical component of velocity is momentarily zero, while gravitational acceleration remains downward.",,Gravity acts throughout projectile motion.,80,No calculator,False,Passed,Passed,Approved for Distribution
DOST-W1-146,1,Undergraduate,Part II — Power Test,Science,Physics,PHY2 — Forces and Newtonian Mechanics,Newton's first law,SCI-APP,Analysis/Evaluation,Easy,Free,English,,A book rests on a table. Which statement best describes the forces on the book?,No forces act on it.,Gravity downward is balanced by the table's normal force upward.,Only the normal force acts.,The book accelerates upward.,,B,"The forces are equal and opposite, giving zero net force.",,"Equilibrium means net force is zero, not that no forces act.",80,No calculator,False,Passed,Passed,Approved for Distribution
DOST-W1-147,1,Undergraduate,Part II — Power Test,Science,Physics,PHY2 — Forces and Newtonian Mechanics,Newton's second law,SCI-APP,Single-step Application,Easy,Premium,English,,What net force accelerates a 4 kg cart at 3 m/s²?,0.75 N,7 N,12 N,24 N,,C,F=ma=4×3=12 N.,F = ma = 4 kg × 3 m/s² = 12 N,Net force equals mass times acceleration.,80,No calculator,False,Passed,Passed,Approved for Distribution
DOST-W1-148,1,Undergraduate,Part II — Power Test,Science,Physics,PHY2 — Forces and Newtonian Mechanics,friction,SCI-APP,Analysis/Evaluation,Moderate,Premium,English,,A box is pushed horizontally but does not move. What can be said about static friction before its maximum is reached?,It is always zero.,It adjusts to match the applied horizontal force.,It is always greater than the applied force.,It acts in the same direction as the attempted motion.,,B,Static friction increases as needed to oppose the applied force until its maximum value.,,Static friction is self-adjusting up to a limit.,80,No calculator,False,Passed,Passed,Approved for Distribution
DOST-W1-149,1,Undergraduate,Part II — Power Test,Science,Physics,PHY2 — Forces and Newtonian Mechanics,action-reaction,SCI-APP,Analysis/Evaluation,Moderate,Premium,English,,A swimmer pushes water backward. The water pushes the swimmer forward. These forces:,act on the same object and cancel,are an action-reaction pair acting on different objects,occur at different times,have different magnitudes by definition,,B,Newton's third-law forces are equal and opposite and act on different interacting bodies.,,Third-law pairs never act on the same object.,80,No calculator,False,Passed,Passed,Approved for Distribution
DOST-W1-150,1,Undergraduate,Part II — Power Test,Science,Physics,PHY2 — Forces and Newtonian Mechanics,inclined plane,SCI-APP,Analysis/Evaluation,Moderate,Premium,English,,A frictionless ramp allows a load to be raised with a smaller force than lifting vertically because:,it reduces the work required to zero,it applies a smaller force over a longer distance,it decreases the load's mass,it eliminates gravitational potential energy,,B,An ideal ramp trades force for distance while the required work remains approximately the same.,,Simple machines trade force for distance; they do not create energy.,80,No calculator,False,Passed,Passed,Approved for Distribution
DOST-W1-151,1,Undergraduate,Part II — Power Test,Science,Physics,"PHY3 — Work, Energy, Momentum, and Rotation",kinetic energy,SCI-APP,Single-step Application,Moderate,Free,English,,"If an object's speed doubles while its mass stays constant, its kinetic energy becomes:",half as large,twice as large,four times as large,eight times as large,,C,"K=½mv², so doubling v multiplies K by 2²=4.",,Kinetic energy depends on the square of speed.,80,No calculator,False,Passed,Passed,Approved for Distribution
DOST-W1-152,1,Undergraduate,Part II — Power Test,Science,Physics,"PHY3 — Work, Energy, Momentum, and Rotation",energy conservation,SCI-APP,Analysis/Evaluation,Easy,Premium,English,,A ball falls from rest without air resistance. As it falls:,gravitational potential energy converts to kinetic energy,both potential and kinetic energy decrease,mechanical energy is destroyed,mass converts completely to speed,,A,The decrease in gravitational potential energy equals the increase in kinetic energy.,,Track energy transformations while total mechanical energy is conserved.,80,No calculator,False,Passed,Passed,Approved for Distribution
DOST-W1-153,1,Undergraduate,Part II — Power Test,Science,Physics,"PHY3 — Work, Energy, Momentum, and Rotation",momentum,SCI-APP,Multi-step Application,Moderate,Premium,English,,A 2 kg cart moving at 3 m/s sticks to a 1 kg cart at rest. What is their common speed after collision?,1 m/s,2 m/s,3 m/s,6 m/s,,B,"Initial momentum is 2×3=6 kg·m/s. Total mass is 3 kg, so v=6/3=2 m/s.",p_initial = 6 | v_final = 6/(2+1) = 2 m/s,Momentum is conserved in an isolated collision.,80,No calculator,False,Passed,Passed,Approved for Distribution
DOST-W1-154,1,Undergraduate,Part II — Power Test,Science,Physics,"PHY3 — Work, Energy, Momentum, and Rotation",torque,SCI-APP,Single-step Application,Easy,Premium,English,,The same force is applied perpendicular to a door at two locations. Where does it produce greater torque?,near the hinge,farther from the hinge,at either point equally,only at the center of mass,,B,Torque τ=rF sinθ increases with distance r from the pivot.,,A longer lever arm produces greater torque for the same perpendicular force.,80,No calculator,False,Passed,Passed,Approved for Distribution
DOST-W1-155,1,Undergraduate,Part II — Power Test,Science,Physics,"PHY3 — Work, Energy, Momentum, and Rotation",power,SCI-APP,Single-step Application,Easy,Premium,English,,A machine does 600 J of work in 3 s. What is its average power?,200 W,600 W,"1,800 W",0.005 W,,A,P=W/t=600/3=200 W.,P = 600 J / 3 s = 200 W,Power is the rate of doing work.,80,No calculator,False,Passed,Passed,Approved for Distribution
DOST-W1-156,1,Undergraduate,Part II — Power Test,Science,Physics,PHY4 — Fluids and Pressure,hydrostatic pressure,SCI-APP,Recognition/Recall,Easy,Free,English,,At which point in the same liquid is pressure greatest?,nearest the surface,at the greatest depth,where the container is widest,pressure is independent of depth,,B,Hydrostatic pressure increases with depth: P=P0+ρgh.,,"Depth, density, and gravity determine pressure difference in a static fluid.",80,No calculator,False,Passed,Passed,Approved for Distribution
DOST-W1-157,1,Undergraduate,Part II — Power Test,Science,Physics,PHY4 — Fluids and Pressure,buoyancy,SCI-APP,Analysis/Evaluation,Easy,Premium,English,,An object floats at rest. The buoyant force on it is:,less than its weight,equal to its weight,greater than its weight,zero,,B,"For vertical equilibrium, upward buoyant force equals downward weight.",,A floating object is in force equilibrium.,80,No calculator,False,Passed,Passed,Approved for Distribution
DOST-W1-158,1,Undergraduate,Part II — Power Test,Science,Physics,PHY4 — Fluids and Pressure,Bernoulli/flow,SCI-APP,Analysis/Evaluation,Moderate,Premium,English,,Water exits faster from a hole near the bottom of a tall open tank than from a hole near the surface mainly because:,pressure increases with depth,water near the bottom has less mass,gravity is weaker at the surface,the lower hole is always wider,,A,Greater liquid depth above the lower hole produces greater pressure head and exit speed.,,More pressure head produces greater ideal exit speed.,80,No calculator,False,Passed,Passed,Approved for Distribution
DOST-W1-159,1,Undergraduate,Part II — Power Test,Science,Physics,PHY5 — Heat and Thermodynamics,thermal conductivity,SCI-APP,Recognition/Recall,Easy,Premium,English,,"Equal blocks of copper, wood, and glass connect a hot surface to a cool surface. Which transfers heat fastest, all else equal?",wood,glass,copper,all at the same rate,,C,Copper has much higher thermal conductivity than wood or glass.,,Thermal conductivity describes how readily a material conducts heat.,80,No calculator,False,Passed,Passed,Approved for Distribution
DOST-W1-160,1,Undergraduate,Part II — Power Test,Science,Physics,PHY5 — Heat and Thermodynamics,specific heat,SCI-APP,Analysis/Evaluation,Moderate,Premium,English,,Equal masses of water and sand receive equal heat. Sand warms more because it has:,higher specific heat,lower specific heat,greater mass,no internal energy,,B,"For equal heat and mass, lower specific heat gives a larger temperature increase.",,Specific heat measures energy needed per unit mass per degree.,80,No calculator,False,Passed,Passed,Approved for Distribution
DOST-W1-161,1,Undergraduate,Part II — Power Test,Science,Physics,"PHY6 — Waves, Sound, and Optics",wave speed,SCI-APP,Single-step Application,Easy,Free,English,,A wave has frequency 5 Hz and wavelength 2 m. What is its speed?,2.5 m/s,7 m/s,10 m/s,25 m/s,,C,v=fλ=5×2=10 m/s.,v = 5 Hz × 2 m = 10 m/s,Wave speed equals frequency times wavelength.,80,No calculator,False,Passed,Passed,Approved for Distribution
DOST-W1-162,1,Undergraduate,Part II — Power Test,Science,Physics,"PHY6 — Waves, Sound, and Optics",sound,SCI-APP,Recognition/Recall,Easy,Premium,English,,Pitch is primarily determined by a sound wave's:,amplitude,frequency,speed only,direction,,B,Higher frequency is perceived as higher pitch.,,Amplitude relates mainly to loudness; frequency relates to pitch.,80,No calculator,False,Passed,Passed,Approved for Distribution
DOST-W1-163,1,Undergraduate,Part II — Power Test,Science,Physics,"PHY6 — Waves, Sound, and Optics",reflection,SCI-APP,Single-step Application,Easy,Premium,English,,A light ray strikes a plane mirror at 35° to the normal. What is the angle of reflection?,35°,55°,70°,145°,,A,"The law of reflection states that the angle of reflection equals the angle of incidence, measured from the normal.",,Measure both angles from the normal.,80,No calculator,False,Passed,Passed,Approved for Distribution
DOST-W1-164,1,Undergraduate,Part II — Power Test,Science,Physics,"PHY6 — Waves, Sound, and Optics",refraction,SCI-APP,Analysis/Evaluation,Moderate,Premium,English,,A light ray bends toward the normal when entering a material. What does this indicate about its speed?,It increased.,It decreased.,It became zero.,It is unrelated to refraction.,,B,Bending toward the normal occurs when light enters a medium in which it travels more slowly.,,Refraction results from a change in wave speed.,80,No calculator,False,Passed,Passed,Approved for Distribution
DOST-W1-165,1,Undergraduate,Part II — Power Test,Science,Physics,"PHY6 — Waves, Sound, and Optics",hearing pathway,SCI-APP,Recognition/Recall,Easy,Premium,English,,Which structure directly vibrates when sound waves first reach the middle-ear boundary?,retina,tympanic membrane,cochlea only,Eustachian tube,,B,"Sound waves in the ear canal cause the tympanic membrane, or eardrum, to vibrate.",,Trace the pathway: ear canal → tympanic membrane → ossicles → cochlea.,80,No calculator,False,Passed,Passed,Approved for Distribution
DOST-W1-166,1,Undergraduate,Part II — Power Test,Science,Physics,PHY7 — Electricity and Circuits,current,SCI-APP,Recognition/Recall,Easy,Free,English,,Electric current is the rate of flow of:,mass,charge,energy only,resistance,,B,Current is charge transferred per unit time.,,Current describes moving electric charge.,80,No calculator,False,Passed,Passed,Approved for Distribution
DOST-W1-167,1,Undergraduate,Part II — Power Test,Science,Physics,PHY7 — Electricity and Circuits,Ohm's law,SCI-APP,Single-step Application,Easy,Premium,English,,A 6 Ω resistor is connected across 12 V. What current flows?,0.5 A,2 A,6 A,72 A,,B,I=V/R=12/6=2 A.,I = 12 V / 6 Ω = 2 A,Use V=IR.,80,No calculator,False,Passed,Passed,Approved for Distribution
DOST-W1-168,1,Undergraduate,Part II — Power Test,Science,Physics,PHY7 — Electricity and Circuits,series circuit,SCI-APP,Analysis/Evaluation,Moderate,Premium,English,,"Two identical bulbs are connected in series to a battery. Compared with one identical bulb alone, each series bulb is generally:",brighter because current doubles,dimmer because total resistance is greater,unchanged in every circuit,off because series circuits are open,,B,Adding an identical series bulb increases total resistance and reduces current through the circuit.,,Series components share the same current and increase total resistance.,80,No calculator,False,Passed,Passed,Approved for Distribution
DOST-W1-169,1,Undergraduate,Part II — Power Test,Science,Physics,PHY7 — Electricity and Circuits,parallel circuit,SCI-APP,Analysis/Evaluation,Moderate,Premium,English,,"If one branch bulb in a parallel circuit burns out, the other branch bulb usually:",also goes out because all paths break,remains lit because its branch still forms a complete path,becomes a battery,has zero voltage in all cases,,B,Parallel branches provide independent paths across the source.,,A broken parallel branch does not necessarily open the other branches.,80,No calculator,False,Passed,Passed,Approved for Distribution
DOST-W1-170,1,Undergraduate,Part II — Power Test,Science,Physics,PHY7 — Electricity and Circuits,electromagnet,SCI-APP,Single-step Application,Easy,Premium,English,,"Which change generally makes a simple electromagnet stronger, with the same core and battery?",fewer coil turns,more coil turns,opening the circuit,removing the current,,B,More turns increase the magnetic field produced by the current-carrying coil.,,Electromagnet strength increases with current and number of coil turns.,80,No calculator,False,Passed,Passed,Approved for Distribution
DOST-W1-171,1,Undergraduate,Part II — Power Test,Science,Earth Science,EARTH1 — Earth Materials and Geologic Processes,rock cycle,SCI-APP,Recognition/Recall,Easy,Free,English,,Magma cools and solidifies. What type of rock forms?,sedimentary,igneous,metamorphic,organic only,,B,Cooling and crystallization of molten rock produce igneous rock.,,Rock type depends on formation process.,80,No calculator,False,Passed,Passed,Approved for Distribution
DOST-W1-172,1,Undergraduate,Part II — Power Test,Science,Earth Science,EARTH1 — Earth Materials and Geologic Processes,plate boundaries,SCI-APP,Recognition/Recall,Moderate,Premium,English,,Which feature most commonly forms where two oceanic plates diverge?,mid-ocean ridge,deep continental trench only,fold mountain from continent collision,river delta,,A,Diverging oceanic plates create new crust at a mid-ocean ridge.,,Connect boundary motion to geologic features.,80,No calculator,False,Passed,Passed,Approved for Distribution
DOST-W1-173,1,Undergraduate,Part II — Power Test,Science,Earth Science,EARTH1 — Earth Materials and Geologic Processes,earthquake waves,SCI-APP,Analysis/Evaluation,Difficult,Premium,English,,Why can S-waves not travel through Earth's liquid outer core?,They require a material that can support shear deformation.,They are electromagnetic waves.,They move only through vacuum.,Their speed is always zero below the crust.,,A,"Shear waves require rigidity, which liquids do not provide.",,Seismic-wave behavior reveals Earth's internal state.,120,No calculator,False,Passed,Passed,Approved for Distribution
DOST-W1-174,1,Undergraduate,Part II — Power Test,Science,Earth Science,EARTH1 — Earth Materials and Geologic Processes,weathering,SCI-APP,Recognition/Recall,Easy,Premium,English,,Plant roots widening cracks in rock are an example of:,chemical weathering only,physical weathering aided by biological activity,deposition,melting,,B,Root growth mechanically widens cracks and breaks rock.,,Weathering breaks material in place; erosion transports it.,80,No calculator,False,Passed,Passed,Approved for Distribution
DOST-W1-175,1,Undergraduate,Part II — Power Test,Science,Earth Science,"EARTH2 — Atmosphere, Weather, and Climate",uneven heating,SCI-APP,Analysis/Evaluation,Moderate,Free,English,,Why does the equator receive more intense solar energy per unit area than the poles?,Sunlight strikes more directly near the equator.,Earth is much closer to the Sun at the equator.,The atmosphere exists only at the poles.,The equator produces sunlight.,,A,More direct rays concentrate the same incoming energy over a smaller surface area.,,Solar angle affects energy intensity.,80,No calculator,False,Passed,Passed,Approved for Distribution
DOST-W1-176,1,Undergraduate,Part II — Power Test,Science,Earth Science,"EARTH2 — Atmosphere, Weather, and Climate",air pressure,SCI-APP,Analysis/Evaluation,Moderate,Premium,English,,Rising warm air generally produces lower surface pressure because the air:,becomes denser and sinks,"expands, becomes less dense, and rises",loses all molecules,stops moving,,B,"Warm air expands and becomes less dense, promoting upward motion and reducing surface pressure.",,Temperature influences density and atmospheric circulation.,80,No calculator,False,Passed,Passed,Approved for Distribution
DOST-W1-177,1,Undergraduate,Part II — Power Test,Science,Earth Science,"EARTH2 — Atmosphere, Weather, and Climate",fronts,SCI-APP,Recognition/Recall,Easy,Premium,English,,"A cold air mass advances beneath a warm air mass, forcing the warm air upward rapidly. What boundary is this?",warm front,cold front,stationary ocean current,sea breeze only,,B,A cold front occurs when advancing cold air undercuts warm air.,,Front type is named for the advancing air mass.,80,No calculator,False,Passed,Passed,Approved for Distribution
DOST-W1-178,1,Undergraduate,Part II — Power Test,Science,Earth Science,"EARTH2 — Atmosphere, Weather, and Climate",greenhouse effect,SCI-APP,Analysis/Evaluation,Moderate,Premium,English,,Greenhouse gases warm the lower atmosphere mainly by:,blocking all incoming sunlight,absorbing and re-emitting some outgoing infrared radiation,creating Earth's magnetic field,destroying clouds,,B,They interact strongly with terrestrial infrared radiation and return some energy downward.,,The natural greenhouse effect involves outgoing infrared radiation.,80,No calculator,False,Passed,Passed,Approved for Distribution
DOST-W1-179,1,Undergraduate,Part II — Power Test,Science,Earth Science,EARTH3 — Hydrology and Groundwater,aquifer,SCI-APP,Recognition/Recall,Easy,Free,English,,Which material generally makes a good aquifer?,impermeable unfractured clay,porous and permeable sand or sandstone,solid glass,dry air,,B,An aquifer must store water in pore spaces and allow it to flow.,,Porosity stores water; permeability allows movement.,80,No calculator,False,Passed,Passed,Approved for Distribution
DOST-W1-180,1,Undergraduate,Part II — Power Test,Science,Earth Science,EARTH3 — Hydrology and Groundwater,water table,SCI-APP,Analysis/Evaluation,Moderate,Premium,English,,Heavy groundwater pumping can lower the water table because:,water is removed faster than recharge replaces it,rainfall becomes salt,aquifers move upward,pumps create new groundwater,,A,"When withdrawal exceeds recharge, groundwater storage and the water-table elevation decline.",,Sustainable withdrawal should not persistently exceed recharge.,80,No calculator,False,Passed,Passed,Approved for Distribution
DOST-W1-181,1,Undergraduate,Part II — Power Test,Science,Earth Science,EARTH3 — Hydrology and Groundwater,saltwater intrusion,SCI-APP,Analysis/Evaluation,Difficult,Premium,English,,Why can excessive pumping near a coast cause saltwater intrusion?,It raises freshwater pressure and pushes saltwater away.,"It lowers freshwater pressure, allowing seawater to move inland into the aquifer.",It converts salt into rock.,It stops all groundwater flow.,,B,Lowered freshwater head weakens the seaward pressure gradient and permits denser seawater to intrude.,,Coastal groundwater balance depends on freshwater pressure.,120,No calculator,False,Passed,Passed,Approved for Distribution
DOST-W1-182,1,Undergraduate,Part II — Power Test,Science,Earth Science,EARTH3 — Hydrology and Groundwater,runoff,SCI-APP,Analysis/Evaluation,Moderate,Premium,English,,Replacing a vegetated field with concrete most directly increases:,infiltration,surface runoff,groundwater recharge in all cases,soil formation,,B,"Impermeable concrete reduces infiltration, so more water flows over the surface.",,Urbanization often increases runoff and flood risk.,80,No calculator,False,Passed,Passed,Approved for Distribution
DOST-W1-183,1,Undergraduate,Part II — Power Test,Science,Earth Science,EARTH4 — Astronomy and Earth-Sun-Moon Systems,seasons,SCI-APP,Recognition/Recall,Easy,Free,English,,What is the primary cause of Earth's seasons?,changes in Earth-Sun distance,Earth's axial tilt as it revolves around the Sun,monthly changes in Moon phase,daily rotation alone,,B,Axial tilt changes solar angle and day length in each hemisphere during the year.,,"Seasons are caused mainly by tilt, not distance.",80,No calculator,False,Passed,Passed,Approved for Distribution
DOST-W1-184,1,Undergraduate,Part II — Power Test,Science,Earth Science,EARTH4 — Astronomy and Earth-Sun-Moon Systems,moon phases,SCI-APP,Recognition/Recall,Moderate,Premium,English,,A full moon occurs when:,the Moon is between Earth and the Sun,Earth is approximately between the Sun and Moon,the Moon enters Earth's shadow every month,the Sun is directly above the North Pole,,B,"At full moon, the sunlit side of the Moon largely faces Earth.",,"Moon phases depend on viewing geometry, not Earth's shadow except during eclipses.",80,No calculator,False,Passed,Passed,Approved for Distribution
DOST-W1-185,1,Undergraduate,Part II — Power Test,Science,Earth Science,EARTH4 — Astronomy and Earth-Sun-Moon Systems,eclipse,SCI-APP,Single-step Application,Moderate,Premium,English,,A solar eclipse can occur only near:,full moon,new moon,first quarter only,any phase equally,,B,"A solar eclipse requires the Moon to lie between Earth and the Sun, the new-moon geometry.",,Eclipses also require alignment near orbital nodes.,80,No calculator,False,Passed,Passed,Approved for Distribution
DOST-W1-186,1,Undergraduate,Part II — Power Test,Science,Earth Science,EARTH4 — Astronomy and Earth-Sun-Moon Systems,planetary motion,SCI-APP,Analysis/Evaluation,Difficult,Premium,English,,A planet moves faster near perihelion than near aphelion. Which principle explains this?,conservation of angular momentum / Kepler's second law,Boyle's law,Ohm's law,Archimedes' principle,,A,"The line from the Sun to the planet sweeps equal areas in equal times, requiring greater speed when the planet is nearer.",,Kepler's second law describes changing orbital speed.,120,No calculator,False,Passed,Passed,Approved for Distribution
DOST-W1-187,1,Undergraduate,Part II — Power Test,Science,Earth Science,EARTH5 — Natural Hazards and Environmental Systems,volcanic hazard,SCI-APP,Analysis/Evaluation,Moderate,Premium,English,,Which action best reduces risk from a lahar during heavy rain after an eruption?,Stay in river channels to observe flow.,Move away from valleys and follow official evacuation routes.,Shelter under a bridge.,Approach the volcano for clearer information.,,B,"Lahars follow low-lying channels and valleys, so moving to designated safer ground reduces exposure.",,Hazard response should follow mapped zones and official warnings.,80,No calculator,False,Passed,Passed,Approved for Distribution
DOST-W1-188,1,Undergraduate,Part II — Power Test,Science,Earth Science,EARTH5 — Natural Hazards and Environmental Systems,earthquake preparedness,SCI-APP,Recognition/Recall,Easy,Premium,English,,"During strong shaking indoors, the recommended immediate action is generally to:",run toward glass windows,"drop, cover, and hold on",use an elevator,stand beside unsecured shelves,,B,"Dropping, taking cover, and holding on reduces injury from falling objects and loss of balance.",,Protect yourself during shaking before evacuating when safe.,80,No calculator,False,Passed,Passed,Approved for Distribution
DOST-W1-189,1,Undergraduate,Part II — Power Test,Science,Earth Science,EARTH6 — Earth-Science Data Interpretation,climate graph,SCI-APP,Analysis/Evaluation,Moderate,Premium,English,,A climate graph shows high rainfall every month and little annual temperature variation. Which climate is most consistent?,tropical rainforest,polar desert,midlatitude steppe,high-altitude tundra,,A,Consistently warm temperatures and year-round high rainfall characterize tropical rainforest climates.,,Interpret temperature range and precipitation distribution together.,80,No calculator,False,Passed,Passed,Approved for Distribution
DOST-W1-190,1,Undergraduate,Part II — Power Test,Science,Earth Science,EARTH6 — Earth-Science Data Interpretation,topographic map,SCI-APP,Recognition/Recall,Easy,Premium,English,,Closely spaced contour lines on a topographic map indicate:,a gentle slope,a steep slope,sea level everywhere,no elevation change,,B,Elevation changes rapidly over a short horizontal distance where contours are close.,,Contour spacing indicates slope steepness.,80,No calculator,False,Passed,Passed,Approved for Distribution
DOST-W1-191,1,Undergraduate,Part II — Power Test,Mathematics,Mathematics,MATH1 — Number Sense and Proportional Reasoning,percent,MATH-WP,Multi-step Application,Easy,Free,English,,A jacket priced at ₱800 is discounted by 15%. What is the sale price?,₱120,₱680,₱685,₱920,,B,"Discount = 0.15(800)=120, so sale price=800−120=680.",15% of 800 = 120 | 800 − 120 = 680,Subtract the discount amount from the original price.,80,No calculator,False,Passed,Passed,Approved for Distribution
DOST-W1-192,1,Undergraduate,Part II — Power Test,Mathematics,Mathematics,MATH1 — Number Sense and Proportional Reasoning,ratio,MATH-WP,Multi-step Application,Moderate,Free,English,,"The ratio of red to blue beads is 3:5. If there are 40 beads total, how many are red?",15,16,24,25,,A,"There are 8 ratio parts; each part is 40/8=5, so red=3×5=15.",3+5=8 parts | 40/8=5 | 3×5=15,Convert a part-to-part ratio into total parts.,110,No calculator,False,Passed,Passed,Approved for Distribution
DOST-W1-193,1,Undergraduate,Part II — Power Test,Mathematics,Mathematics,MATH1 — Number Sense and Proportional Reasoning,rate,MATH-WP,Multi-step Application,Easy,Premium,English,,A pump fills 180 L in 12 min at a constant rate. How many liters does it fill in 5 min?,60,75,90,150,,B,Rate=180/12=15 L/min; in 5 min it fills 75 L.,180/12=15 | 15×5=75,Find the unit rate first.,80,No calculator,False,Passed,Passed,Approved for Distribution
DOST-W1-194,1,Undergraduate,Part II — Power Test,Mathematics,Mathematics,MATH1 — Number Sense and Proportional Reasoning,fraction,MATH-WP,Single-step Application,Easy,Premium,English,,What is 3/4 ÷ 2/5?,3/10,5/8,15/8,8/15,,C,Divide by multiplying by the reciprocal: (3/4)(5/2)=15/8.,3/4 × 5/2 = 15/8,"To divide fractions, multiply by the reciprocal.",80,No calculator,False,Passed,Passed,Approved for Distribution
DOST-W1-195,1,Undergraduate,Part II — Power Test,Mathematics,Mathematics,MATH2 — Expressions and Algebraic Manipulation,simplifying expressions,MATH-WP,Multi-step Application,Easy,Free,English,,Simplify 3(2x−5)−2(x+1).,4x−17,4x−13,8x−17,x−7,,A,Expand: 6x−15−2x−2=4x−17.,3(2x−5)=6x−15 | −2(x+1)=−2x−2 | combine = 4x−17,Distribute signs carefully before combining like terms.,80,No calculator,False,Passed,Passed,Approved for Distribution
DOST-W1-196,1,Undergraduate,Part II — Power Test,Mathematics,Mathematics,MATH2 — Expressions and Algebraic Manipulation,factoring,MATH-WP,Single-step Application,Easy,Premium,English,,Factor x²−9.,(x−9)(x+1),(x−3)(x+3),(x−3)²,x(x−9),,B,This is a difference of squares: x²−3²=(x−3)(x+3).,a²−b²=(a−b)(a+b),Recognize standard factoring patterns.,80,No calculator,False,Passed,Passed,Approved for Distribution
DOST-W1-197,1,Undergraduate,Part II — Power Test,Mathematics,Mathematics,MATH2 — Expressions and Algebraic Manipulation,exponents,MATH-WP,Multi-step Application,Moderate,Premium,English,,Simplify (a³b²)(a²b⁻¹).,a⁵b,a⁶b²,a⁵b³,ab,,A,Add exponents for like bases: a^(3+2)b^(2−1)=a⁵b.,a³a²=a⁵ | b²b⁻¹=b,"When multiplying powers with the same base, add exponents.",110,No calculator,False,Passed,Passed,Approved for Distribution
DOST-W1-198,1,Undergraduate,Part II — Power Test,Mathematics,Mathematics,MATH2 — Expressions and Algebraic Manipulation,radicals,MATH-WP,Single-step Application,Moderate,Premium,English,,Simplify √72.,6√2,8√2,12√2,36√2,,A,"72=36×2, so √72=6√2.",√72=√(36×2)=6√2,Extract the largest perfect-square factor.,110,No calculator,False,Passed,Passed,Approved for Distribution
DOST-W1-199,1,Undergraduate,Part II — Power Test,Mathematics,Mathematics,"MATH3 — Equations, Systems, and Inequalities",linear equation,MATH-WP,Multi-step Application,Easy,Free,English,,Solve 5x−7=18.,2.2,5,7,25,,B,"5x=25, so x=5.",5x=25 | x=5,Undo operations in reverse order.,80,No calculator,False,Passed,Passed,Approved for Distribution
DOST-W1-200,1,Undergraduate,Part II — Power Test,Mathematics,Mathematics,"MATH3 — Equations, Systems, and Inequalities",system of equations,MATH-WP,Multi-step Application,Moderate,Premium,English,,Solve x+y=11 and x−y=3.,"x=4, y=7","x=7, y=4","x=8, y=3","x=11, y=3",,B,"Adding equations gives 2x=14, so x=7; then y=4.",2x=14 | x=7 | y=4,Add equations when opposite terms cancel.,110,No calculator,False,Passed,Passed,Approved for Distribution
DOST-W1-201,1,Undergraduate,Part II — Power Test,Mathematics,Mathematics,"MATH3 — Equations, Systems, and Inequalities",inequality,MATH-WP,Multi-step Application,Easy,Premium,English,,Solve 3x+2<14.,x<4,x>4,x<12,x>12,,A,"3x<12, so x<4.",3x<12 | x<4,The inequality direction changes only when multiplying or dividing by a negative number.,80,No calculator,False,Passed,Passed,Approved for Distribution
DOST-W1-202,1,Undergraduate,Part II — Power Test,Mathematics,Mathematics,"MATH3 — Equations, Systems, and Inequalities",word translation,MATH-WP,Multi-step Application,Easy,Premium,English,,Twice a number decreased by 5 is 19. What is the number?,7,12,14,48,,B,"2x−5=19, so 2x=24 and x=12.",2x−5=19 | 2x=24 | x=12,Translate each phrase before solving.,80,No calculator,False,Passed,Passed,Approved for Distribution
DOST-W1-203,1,Undergraduate,Part II — Power Test,Mathematics,Mathematics,"MATH4 — Functions, Relations, and Graphs",function evaluation,MATH-WP,Multi-step Application,Easy,Free,English,,"If f(x)=2x²−3, what is f(−2)?",−11,1,5,11,,C,f(−2)=2(4)−3=5.,(−2)²=4 | 2(4)−3=5,Use parentheses when substituting a negative value.,80,No calculator,False,Passed,Passed,Approved for Distribution
DOST-W1-204,1,Undergraduate,Part II — Power Test,Mathematics,Mathematics,"MATH4 — Functions, Relations, and Graphs",slope,MATH-WP,Single-step Application,Moderate,Premium,English,,"What is the slope of the line through (2,3) and (6,11)?",1/2,2,4,8,,B,m=(11−3)/(6−2)=8/4=2.,m=8/4=2,Slope is change in y divided by change in x.,110,No calculator,False,Passed,Passed,Approved for Distribution
DOST-W1-205,1,Undergraduate,Part II — Power Test,Mathematics,Mathematics,"MATH4 — Functions, Relations, and Graphs",linear relation,MATH-WP,Multi-step Application,Moderate,Premium,English,,"A table shows y values 5, 8, 11, 14 for x values 0,1,2,3. Which rule fits?",y=3x+5,y=5x+3,y=x+5,y=3x−5,,A,"The value rises by 3 for each 1 in x and y=5 when x=0, so y=3x+5.",slope=3 | intercept=5,Use constant difference for slope and the x=0 value for intercept.,110,No calculator,False,Passed,Passed,Approved for Distribution
DOST-W1-206,1,Undergraduate,Part II — Power Test,Mathematics,Mathematics,"MATH4 — Functions, Relations, and Graphs",quadratic vertex,MATH-WP,Single-step Application,Moderate,Premium,English,,What is the vertex of y=(x−2)²+3?,"(−2,3)","(2,3)","(3,2)","(2,−3)",,B,"Vertex form y=(x−h)²+k has vertex (h,k), so (2,3).","h=2, k=3",Read the vertex directly from vertex form.,110,No calculator,False,Passed,Passed,Approved for Distribution
DOST-W1-207,1,Undergraduate,Part II — Power Test,Mathematics,Mathematics,MATH5 — Geometry and Measurement,triangle angles,MATH-WP,Single-step Application,Easy,Free,English,,Two angles of a triangle are 48° and 67°. What is the third angle?,55°,65°,75°,115°,,B,Triangle angles total 180°; 180−48−67=65°.,180−115=65,Interior angles of a triangle sum to 180°.,80,No calculator,False,Passed,Passed,Approved for Distribution
DOST-W1-208,1,Undergraduate,Part II — Power Test,Mathematics,Mathematics,MATH5 — Geometry and Measurement,area,MATH-WP,Multi-step Application,Easy,Premium,English,,A rectangle is 8 cm by 5 cm. A square of side 2 cm is cut from one corner. What area remains?,30 cm²,32 cm²,36 cm²,40 cm²,,C,Rectangle area=40; removed square area=4; remaining area=36 cm².,8×5=40 | 2×2=4 | 40−4=36,"For composite figures, add or subtract component areas.",80,No calculator,False,Passed,Passed,Approved for Distribution
DOST-W1-209,1,Undergraduate,Part II — Power Test,Mathematics,Mathematics,MATH5 — Geometry and Measurement,circle,MATH-WP,Single-step Application,Easy,Premium,English,,A circle has radius 6 cm. What is its circumference?,6π cm,12π cm,18π cm,36π cm,,B,C=2πr=12π cm.,2π(6)=12π,Circumference is 2πr.,80,No calculator,False,Passed,Passed,Approved for Distribution
DOST-W1-210,1,Undergraduate,Part II — Power Test,Mathematics,Mathematics,MATH5 — Geometry and Measurement,coordinate geometry,MATH-WP,Multi-step Application,Moderate,Premium,English,,"What is the midpoint of (−2,4) and (6,10)?","(2,7)","(4,6)","(2,6)","(8,14)",,A,"Average coordinates: ((−2+6)/2,(4+10)/2)=(2,7).",x=(−2+6)/2=2 | y=(4+10)/2=7,The midpoint averages corresponding coordinates.,110,No calculator,False,Passed,Passed,Approved for Distribution
DOST-W1-211,1,Undergraduate,Part II — Power Test,Mathematics,Mathematics,MATH5 — Geometry and Measurement,volume,MATH-WP,Single-step Application,Moderate,Premium,English,,A cylinder has radius 3 cm and height 5 cm. What is its volume?,15π cm³,30π cm³,45π cm³,90π cm³,,C,V=πr²h=π(9)(5)=45π cm³.,π×3²×5=45π,Cylinder volume is base area times height.,110,No calculator,False,Passed,Passed,Approved for Distribution
DOST-W1-212,1,Undergraduate,Part II — Power Test,Mathematics,Mathematics,MATH6 — Trigonometry,right triangle,MATH-WP,Single-step Application,Easy,Free,English,,"In a right triangle, the side opposite angle θ is 6 and the hypotenuse is 10. What is sin θ?",3/5,4/5,5/3,2/3,,A,sinθ=opposite/hypotenuse=6/10=3/5.,sinθ=6/10=3/5,SOH: sine equals opposite over hypotenuse.,80,No calculator,False,Passed,Passed,Approved for Distribution
DOST-W1-213,1,Undergraduate,Part II — Power Test,Mathematics,Mathematics,MATH6 — Trigonometry,special angles,MATH-WP,Single-step Application,Easy,Premium,English,,What is cos 60°?,0,1/2,√2/2,√3/2,,B,The standard exact value is cos60°=1/2.,,Memorize the 30°-60°-90° triangle ratios.,80,No calculator,False,Passed,Passed,Approved for Distribution
DOST-W1-214,1,Undergraduate,Part II — Power Test,Mathematics,Mathematics,MATH6 — Trigonometry,angle of elevation,MATH-WP,Multi-step Application,Moderate,Premium,English,,A pole casts a 10 m shadow when the angle of elevation of the Sun is 45°. How tall is the pole on level ground?,5 m,10 m,10√2 m,20 m,,B,"tan45°=height/10=1, so height=10 m.",tan45°=h/10 | h=10,Use tangent for opposite and adjacent sides.,110,No calculator,False,Passed,Passed,Approved for Distribution
DOST-W1-215,1,Undergraduate,Part II — Power Test,Mathematics,Mathematics,MATH6 — Trigonometry,Pythagorean identity,MATH-WP,Multi-step Application,Moderate,Premium,English,,"If sinθ=3/5 and θ is acute, what is cosθ?",2/5,3/4,4/5,5/3,,C,Using a 3-4-5 triangle or sin²+cos²=1 gives cosθ=4/5.,cos²=1−9/25=16/25 | cos=4/5,"For an acute angle, take the positive square root.",110,No calculator,False,Passed,Passed,Approved for Distribution
DOST-W1-216,1,Undergraduate,Part II — Power Test,Mathematics,Mathematics,MATH7 — Sequences and Pattern Reasoning,arithmetic sequence,MATH-WP,Single-step Application,Moderate,Free,English,,"What is the 10th term of 4, 7, 10, 13, ...?",28,30,31,34,,C,a10=4+(10−1)(3)=31.,a10=4+9×3=31,Arithmetic sequences have a constant difference.,110,No calculator,False,Passed,Passed,Approved for Distribution
DOST-W1-217,1,Undergraduate,Part II — Power Test,Mathematics,Mathematics,MATH7 — Sequences and Pattern Reasoning,geometric sequence,MATH-WP,Single-step Application,Easy,Premium,English,,"What is the next term: 3, 6, 12, 24, ____?",27,36,48,72,,C,"Each term is multiplied by 2, so the next is 48.",,Geometric sequences have a constant ratio.,80,No calculator,False,Passed,Passed,Approved for Distribution
DOST-W1-218,1,Undergraduate,Part II — Power Test,Mathematics,Mathematics,MATH7 — Sequences and Pattern Reasoning,recursive pattern,MATH-WP,Single-step Application,Easy,Premium,English,,"A sequence begins 2, 3, 5, 8, 13. What rule best describes it?",Add 1 every time.,Each term is the sum of the previous two.,Multiply by 2 then subtract 1.,Alternate +1 and +2 only.,,B,"2+3=5, 3+5=8, and 5+8=13.",,Test a rule across several consecutive terms.,80,No calculator,False,Passed,Passed,Approved for Distribution
DOST-W1-219,1,Undergraduate,Part II — Power Test,Mathematics,Mathematics,MATH8 — Statistics and Probability,mean,MATH-WP,Multi-step Application,Moderate,Free,English,,"The mean of 6, 8, 9, and x is 10. What is x?",10,14,17,23,,C,"Total must be 4×10=40; known values total 23, so x=17.",total=40 | x=40−23=17,Mean × number of values gives the total.,110,No calculator,False,Passed,Passed,Approved for Distribution
DOST-W1-220,1,Undergraduate,Part II — Power Test,Mathematics,Mathematics,MATH8 — Statistics and Probability,median,MATH-WP,Single-step Application,Easy,Premium,English,,"What is the median of 3, 8, 4, 12, 9?",4,8,9,12,,B,"Ordered values are 3,4,8,9,12; the middle is 8.",,Order the data before finding the median.,80,No calculator,False,Passed,Passed,Approved for Distribution
DOST-W1-221,1,Undergraduate,Part II — Power Test,Mathematics,Mathematics,MATH8 — Statistics and Probability,simple probability,MATH-WP,Single-step Application,Easy,Premium,English,,"A bag contains 3 red, 2 blue, and 5 green balls. What is the probability of drawing a blue ball?",1/10,1/5,1/2,2/5,,B,"There are 10 balls total and 2 blue, so probability=2/10=1/5.",2/(3+2+5)=2/10=1/5,Probability is favorable outcomes over total equally likely outcomes.,80,No calculator,False,Passed,Passed,Approved for Distribution
DOST-W1-222,1,Undergraduate,Part II — Power Test,Mathematics,Mathematics,MATH8 — Statistics and Probability,counting,MATH-WP,Single-step Application,Moderate,Premium,English,,"How many different two-letter arrangements can be made from A, B, C, and D without repetition?",4,8,12,16,,C,There are 4 choices for the first letter and 3 for the second: 4×3=12.,4P2=4×3=12,"For ordered choices without repetition, multiply decreasing choices.",110,No calculator,False,Passed,Passed,Approved for Distribution
DOST-W1-223,1,Undergraduate,Part II — Power Test,Mathematics,Mathematics,MATH8 — Statistics and Probability,conditional probability,MATH-WP,Multi-step Application,Difficult,Premium,English,,"A card is selected from the numbers 1 to 10. Given that it is even, what is the probability that it is greater than 6?",1/5,2/5,1/2,4/5,,B,"Even numbers are {2,4,6,8,10}; favorable are {8,10}, so 2/5.","conditional sample={2,4,6,8,10} | favorable=2 | P=2/5",Restrict the sample space to the given condition.,150,No calculator,False,Passed,Passed,Approved for Distribution
DOST-W1-224,1,Undergraduate,Part II — Power Test,Mathematics,Mathematics,MATH9 — Applied Quantitative Problems,simple interest,MATH-WP,Single-step Application,Moderate,Free,English,,"What simple interest is earned by ₱5,000 at 4% per year for 3 years?",₱200,₱400,₱600,"₱5,600",,C,I=Prt=5000(0.04)(3)=600.,I=5000×0.04×3=600,Simple interest uses the original principal throughout.,110,No calculator,False,Passed,Passed,Approved for Distribution
DOST-W1-225,1,Undergraduate,Part II — Power Test,Mathematics,Mathematics,MATH9 — Applied Quantitative Problems,work rate,MATH-WP,Multi-step Application,Difficult,Premium,English,,"Ana can finish a task in 6 h and Ben in 3 h. Working together at constant rates, how long will they take?",1 h,2 h,3 h,4.5 h,,B,"Combined rate=1/6+1/3=1/2 task/h, so time=2 h.",rate=1/6+2/6=3/6=1/2 | time=2 h,"Add work rates, not completion times.",150,No calculator,False,Passed,Passed,Approved for Distribution
DOST-W1-226,1,Undergraduate,Part II — Power Test,Mathematics,Mathematics,MATH9 — Applied Quantitative Problems,mixture,MATH-WP,Multi-step Application,Difficult,Premium,English,,How many liters of 30% solution should be mixed with 10 L of 10% solution to make a 20% solution?,5 L,10 L,15 L,20 L,,B,"0.30x+0.10(10)=0.20(x+10), giving 0.10x=1 and x=10.",0.30x+1=0.20x+2 | 0.10x=1 | x=10,Balance the amount of pure substance before and after mixing.,150,No calculator,False,Passed,Passed,Approved for Distribution
DOST-W1-227,1,Undergraduate,Part II — Power Test,Mathematics,Mathematics,MATH9 — Applied Quantitative Problems,distance,MATH-WP,Single-step Application,Moderate,Premium,English,,Two vehicles leave the same point in opposite directions at 50 km/h and 70 km/h. How far apart are they after 2 h?,40 km,120 km,140 km,240 km,,D,Relative speed is 120 km/h; after 2 h separation is 240 km.,(50+70)×2=240,Opposite-direction speeds add.,110,No calculator,False,Passed,Passed,Approved for Distribution
DOST-W1-228,1,Undergraduate,Part II — Power Test,Mathematics,Mathematics,"MATH10 — Tables, Charts, and Quantitative Interpretation",table relationship,MATH-WP,Single-step Application,Easy,Free,English,,"A table shows History scores are always 8 points less than Math scores. If Math score is X and History score is Y, which rule applies?",X=Y−8,Y=X−8,Y=8X,X+Y=8,,B,"History is 8 less than Math, so Y=X−8.",,Translate comparative language into an equation.,80,No calculator,False,Passed,Passed,Approved for Distribution
DOST-W1-229,1,Undergraduate,Part II — Power Test,Mathematics,Mathematics,"MATH10 — Tables, Charts, and Quantitative Interpretation",data comparison,MATH-WP,Single-step Application,Moderate,Premium,English,,A bar chart shows production of 120 units in March and 150 in April. What is the percent increase?,20%,25%,30%,80%,,B,Increase=30; 30/120=0.25=25%.,(150−120)/120×100=25%,Percent change uses the original value as denominator.,110,No calculator,False,Passed,Passed,Approved for Distribution
DOST-W1-230,1,Undergraduate,Part II — Power Test,Mathematics,Mathematics,"MATH10 — Tables, Charts, and Quantitative Interpretation",scatter plot,MATH-WP,Single-step Application,Easy,Premium,English,,A scatter plot shows points rising from left to right with moderate spread. What is the best description?,strong negative association,positive association,no possible relationship,all points have the same x-value,,B,"As x increases, y tends to increase, indicating positive association.",,"Association describes a trend, not necessarily causation.",80,No calculator,False,Passed,Passed,Approved for Distribution
DOST-W1-231,1,Undergraduate,Part II — Power Test,Mechanical-Technical,Mechanical-Technical,MECH1 — Simple Machines,lever,MECH-SYS,Single-step Application,Easy,Free,English,,A worker uses a longer wrench on the same bolt with the same perpendicular force. What happens to the torque?,It decreases.,It increases.,It stays zero.,It becomes independent of force.,,B,"Torque equals force times perpendicular lever arm, so a longer wrench increases torque.",,Longer lever arm means greater turning effect.,85,No calculator,False,Passed,Passed,Approved for Distribution
DOST-W1-232,1,Undergraduate,Part II — Power Test,Mechanical-Technical,Mechanical-Technical,MECH1 — Simple Machines,pulley,MECH-SYS,Single-step Application,Moderate,Premium,English,,An ideal single fixed pulley mainly changes:,the amount of work required,the direction of the applied force,the load's mass,gravity,,B,A fixed pulley redirects the force but has ideal mechanical advantage 1.,,Distinguish direction change from force multiplication.,85,No calculator,False,Passed,Passed,Approved for Distribution
DOST-W1-233,1,Undergraduate,Part II — Power Test,Mechanical-Technical,Mechanical-Technical,MECH1 — Simple Machines,gear direction,MECH-SYS,Single-step Application,Moderate,Premium,English,,"Two meshed external gears rotate. If Gear A turns clockwise, Gear B turns:",clockwise,counterclockwise,not at all,in a random direction,,B,Meshed external gears rotate in opposite directions.,,Each external gear contact reverses rotation direction.,85,No calculator,False,Passed,Passed,Approved for Distribution
DOST-W1-234,1,Undergraduate,Part II — Power Test,Mechanical-Technical,Mechanical-Technical,MECH1 — Simple Machines,gear speed,MECH-SYS,Single-step Application,Moderate,Premium,English,,"A small gear drives a larger gear. Compared with the small gear, the larger gear generally rotates:",faster,slower,at the same angular speed always,without torque,,B,"For meshed gears, the gear with more teeth turns more slowly but with greater torque in an ideal system.",,Gear speed is inversely related to tooth count.,115,No calculator,False,Passed,Passed,Approved for Distribution
DOST-W1-235,1,Undergraduate,Part II — Power Test,Mechanical-Technical,Mechanical-Technical,MECH1 — Simple Machines,inclined plane,MECH-SYS,Single-step Application,Moderate,Free,English,,"A longer ramp raises the same load to the same height. Ideally, it requires:",more force over less distance,less force over more distance,less force and less distance,no work,,B,The ramp trades a lower force for a longer distance.,,Ideal machines conserve work while trading force and distance.,115,No calculator,False,Passed,Passed,Approved for Distribution
DOST-W1-236,1,Undergraduate,Part II — Power Test,Mechanical-Technical,Mechanical-Technical,"MECH2 — Force, Torque, and Equilibrium",balance,MECH-SYS,Single-step Application,Moderate,Premium,English,,A uniform seesaw is balanced with a 30 kg child 2 m from the pivot. Where should a 20 kg child sit on the other side?,1 m,2 m,3 m,4 m,,C,"Balance torques: 30×2=20×d, so d=3 m.",60=20d | d=3 m,"For balance, clockwise and counterclockwise torques are equal.",115,No calculator,False,Passed,Passed,Approved for Distribution
DOST-W1-237,1,Undergraduate,Part II — Power Test,Mechanical-Technical,Mechanical-Technical,"MECH2 — Force, Torque, and Equilibrium",center of mass,MECH-SYS,Single-step Application,Moderate,Premium,English,,A wide base generally makes an object harder to tip because:,its mass disappears,the center of mass can move farther before its line of action leaves the base,gravity becomes smaller,friction is always zero,,B,The object tips only when the line of action of its weight falls outside its support base.,,Stability increases with a wide base and low center of mass.,115,No calculator,False,Passed,Passed,Approved for Distribution
DOST-W1-238,1,Undergraduate,Part II — Power Test,Mechanical-Technical,Mechanical-Technical,MECH3 — Motion and Component Interaction,belt drive,MECH-SYS,Single-step Application,Moderate,Premium,English,,Two pulleys are connected by an uncrossed belt. They rotate in:,the same direction,opposite directions,no fixed relationship,alternating directions every turn,,A,An uncrossed belt preserves rotation direction; a crossed belt reverses it.,,Track how the belt contacts each pulley.,85,No calculator,False,Passed,Passed,Approved for Distribution
DOST-W1-239,1,Undergraduate,Part II — Power Test,Mechanical-Technical,Mechanical-Technical,MECH3 — Motion and Component Interaction,pendulum,MECH-SYS,Single-step Application,Moderate,Premium,English,,"Two ideal pendulums have equal bob masses, but one string is longer. Which has the longer period?",the shorter pendulum,the longer pendulum,both always equal,the heavier bob only,,B,"For small oscillations, period increases with the square root of length and does not depend on bob mass.",,Pendulum period depends mainly on length and gravity.,115,No calculator,False,Passed,Passed,Approved for Distribution
DOST-W1-240,1,Undergraduate,Part II — Power Test,Mechanical-Technical,Mechanical-Technical,MECH3 — Motion and Component Interaction,linked motion,MECH-SYS,Single-step Application,Moderate,Premium,English,,A piston moves upward in a cylinder while both valves are closed. What happens to the trapped gas volume?,It increases.,It decreases.,It remains constant regardless of piston position.,It becomes liquid automatically.,,B,Moving the piston upward into the chamber reduces the available volume.,,Use component motion to predict system-state changes.,85,No calculator,False,Passed,Passed,Approved for Distribution
DOST-W1-241,1,Undergraduate,Part II — Power Test,Mechanical-Technical,Mechanical-Technical,"MECH4 — Fluids, Hydraulics, and Flow",hydraulic press,MECH-SYS,Single-step Application,Moderate,Free,English,,A small force on a small piston can produce a larger force on a larger piston because pressure is:,destroyed in the fluid,transmitted through the enclosed fluid,proportional only to height,zero in liquids,,B,Pascal's principle states that applied pressure is transmitted throughout an enclosed fluid.,,Hydraulic systems multiply force using different piston areas.,115,No calculator,False,Passed,Passed,Approved for Distribution
DOST-W1-242,1,Undergraduate,Part II — Power Test,Mechanical-Technical,Mechanical-Technical,"MECH4 — Fluids, Hydraulics, and Flow",water tank,MECH-SYS,Single-step Application,Moderate,Premium,English,,Which change most reliably increases water pressure at a faucet supplied by an open elevated tank?,lower the tank,raise the tank,paint the tank darker,reduce the water density to zero,,B,Greater vertical head raises hydrostatic pressure at the faucet.,,Pressure head depends on vertical height difference.,85,No calculator,False,Passed,Passed,Approved for Distribution
DOST-W1-243,1,Undergraduate,Part II — Power Test,Mechanical-Technical,Mechanical-Technical,"MECH4 — Fluids, Hydraulics, and Flow",pipe flow,MECH-SYS,Analysis/Evaluation,Difficult,Premium,English,,"For steady incompressible flow, water moves faster through a narrower section of pipe because:",mass flow must be conserved,gravity disappears,pressure and speed are always identical,narrow pipes create water,,A,"Continuity requires approximately constant volume flow rate, so smaller area means greater speed.",,"For steady incompressible flow, A₁v₁=A₂v₂.",150,No calculator,False,Passed,Passed,Approved for Distribution
DOST-W1-244,1,Undergraduate,Part II — Power Test,Mechanical-Technical,Mechanical-Technical,"MECH5 — Heat, Materials, and Thermal Response",material selection,MECH-SYS,Single-step Application,Moderate,Premium,English,,A cooking-pot handle should preferably be made from a material with:,high thermal conductivity,low thermal conductivity,zero strength,high electrical current,,B,Low thermal conductivity reduces heat transfer to the user's hand.,,Material selection depends on the desired heat-transfer rate.,85,No calculator,False,Passed,Passed,Approved for Distribution
DOST-W1-245,1,Undergraduate,Part II — Power Test,Mechanical-Technical,Mechanical-Technical,"MECH5 — Heat, Materials, and Thermal Response",thermal expansion,MECH-SYS,Single-step Application,Moderate,Premium,English,,Why are small gaps left between some bridge sections?,To allow thermal expansion without buckling,To reduce gravity,To make the bridge heavier,To increase electrical current,,A,Materials expand when heated; gaps accommodate length changes.,,Design must account for thermal expansion.,85,No calculator,False,Passed,Passed,Approved for Distribution
DOST-W1-246,1,Undergraduate,Part II — Power Test,Mechanical-Technical,Mechanical-Technical,MECH6 — Engines and Cycles,four-stroke engine,MECH-SYS,Single-step Application,Moderate,Free,English,,"In a four-stroke gasoline engine, which stroke normally follows the power stroke?",intake,compression,exhaust,ignition only,,C,The piston expels combustion products during the exhaust stroke after power.,,Sequence: intake → compression → power → exhaust.,85,No calculator,False,Passed,Passed,Approved for Distribution
DOST-W1-247,1,Undergraduate,Part II — Power Test,Mechanical-Technical,Mechanical-Technical,MECH6 — Engines and Cycles,compression,MECH-SYS,Single-step Application,Moderate,Premium,English,,"During the compression stroke of an idealized engine, the piston moves upward while valves are closed. The gas pressure generally:",decreases,increases,stays zero,becomes unrelated to volume,,B,Compressing gas into a smaller volume raises its pressure and often its temperature.,,Compression decreases volume and raises pressure.,115,No calculator,False,Passed,Passed,Approved for Distribution
DOST-W1-248,1,Undergraduate,Part II — Power Test,Mechanical-Technical,Mechanical-Technical,MECH7 — Electrical and Electromagnetic Systems,closed circuit,MECH-SYS,Single-step Application,Moderate,Premium,English,,Which condition is necessary for a bulb to light in a simple battery circuit?,A complete conducting path through the bulb,Two disconnected wires,An open switch only,No potential difference,,A,Charge can flow only through a closed conducting loop that includes the source and bulb.,,A circuit must be closed for steady current.,85,No calculator,False,Passed,Passed,Approved for Distribution
DOST-W1-249,1,Undergraduate,Part II — Power Test,Mechanical-Technical,Mechanical-Technical,MECH7 — Electrical and Electromagnetic Systems,bulb network,MECH-SYS,Single-step Application,Moderate,Premium,English,,"Three identical bulbs are in parallel across an ideal battery. If one bulb is removed, what happens to the brightness of the remaining bulbs?",They go out.,They remain approximately unchanged.,They become infinitely bright.,They alternate on and off.,,B,Each remaining branch still receives the same battery voltage in an ideal parallel circuit.,,Parallel branches operate independently across the source.,115,No calculator,False,Passed,Passed,Approved for Distribution
DOST-W1-250,1,Undergraduate,Part II — Power Test,Mechanical-Technical,Mechanical-Technical,"MECH8 — Tools, Structures, and Applied Design",structure,MECH-SYS,Single-step Application,Moderate,Premium,English,,Triangular bracing is commonly used in frames because a triangle:,changes shape easily without changing side lengths,is rigid when its side lengths are fixed,has no forces,always weighs less than any other shape,,B,"A triangle cannot change shape without changing a side length, making it useful for rigid frames.",,Triangulation improves structural rigidity.,115,No calculator,False,Passed,Passed,Approved for Distribution
DOST-W1-251,1,Undergraduate,Part I — Logical Reasoning,Non-Verbal Reasoning,Non-Verbal Reasoning,"NVR1 — Identical Figure, Rotation, and Reflection",mental rotation,NVR-ROT,Analysis/Evaluation,Moderate,Free,English,NVR-ROT-005,Which option shows the reference figure after rotation only?,[visual choice],[visual choice],[visual choice],[visual choice],,A,The correct option preserves the order and handedness of every feature while changing only orientation.,,Track one asymmetric tail and the relative positions of the filled and unfilled markers.,75,No calculator,True,Passed,Passed,Approved for Distribution
DOST-W1-252,1,Undergraduate,Part I — Logical Reasoning,Non-Verbal Reasoning,Non-Verbal Reasoning,"NVR1 — Identical Figure, Rotation, and Reflection",mental rotation,NVR-ROT,Analysis/Evaluation,Moderate,Free,English,NVR-ROT-006,Select the option identical to the reference under rotation.,[visual choice],[visual choice],[visual choice],[visual choice],,D,The correct option preserves the order and handedness of every feature while changing only orientation.,,Track one asymmetric tail and the relative positions of the filled and unfilled markers.,75,No calculator,True,Passed,Passed,Approved for Distribution
DOST-W1-253,1,Undergraduate,Part I — Logical Reasoning,Non-Verbal Reasoning,Non-Verbal Reasoning,"NVR1 — Identical Figure, Rotation, and Reflection",mental rotation,NVR-ROT,Analysis/Evaluation,Moderate,Free,English,NVR-ROT-007,Which choice preserves the figure's handedness and marker positions?,[visual choice],[visual choice],[visual choice],[visual choice],,C,The correct option preserves the order and handedness of every feature while changing only orientation.,,Track one asymmetric tail and the relative positions of the filled and unfilled markers.,75,No calculator,True,Passed,Passed,Approved for Distribution
DOST-W1-254,1,Undergraduate,Part I — Logical Reasoning,Non-Verbal Reasoning,Non-Verbal Reasoning,"NVR1 — Identical Figure, Rotation, and Reflection",mental rotation,NVR-ROT,Analysis/Evaluation,Moderate,Free,English,NVR-ROT-008,Which option can be obtained by turning the reference figure without flipping it?,[visual choice],[visual choice],[visual choice],[visual choice],,B,The correct option preserves the order and handedness of every feature while changing only orientation.,,Track one asymmetric tail and the relative positions of the filled and unfilled markers.,75,No calculator,True,Passed,Passed,Approved for Distribution
DOST-W1-255,1,Undergraduate,Part I — Logical Reasoning,Non-Verbal Reasoning,Non-Verbal Reasoning,"NVR1 — Identical Figure, Rotation, and Reflection",mental rotation,NVR-ROT,Analysis/Evaluation,Moderate,Premium,English,NVR-ROT-009,Which option shows the reference figure after rotation only?,[visual choice],[visual choice],[visual choice],[visual choice],,A,The correct option preserves the order and handedness of every feature while changing only orientation.,,Track one asymmetric tail and the relative positions of the filled and unfilled markers.,75,No calculator,True,Passed,Passed,Approved for Distribution
DOST-W1-256,1,Undergraduate,Part I — Logical Reasoning,Non-Verbal Reasoning,Non-Verbal Reasoning,"NVR1 — Identical Figure, Rotation, and Reflection",mental rotation,NVR-ROT,Analysis/Evaluation,Moderate,Premium,English,NVR-ROT-010,Select the option identical to the reference under rotation.,[visual choice],[visual choice],[visual choice],[visual choice],,D,The correct option preserves the order and handedness of every feature while changing only orientation.,,Track one asymmetric tail and the relative positions of the filled and unfilled markers.,75,No calculator,True,Passed,Passed,Approved for Distribution
DOST-W1-257,1,Undergraduate,Part I — Logical Reasoning,Non-Verbal Reasoning,Non-Verbal Reasoning,"NVR1 — Identical Figure, Rotation, and Reflection",mental rotation,NVR-ROT,Analysis/Evaluation,Difficult,Premium,English,NVR-ROT-011,Which choice preserves the figure's handedness and marker positions?,[visual choice],[visual choice],[visual choice],[visual choice],,C,The correct option preserves the order and handedness of every feature while changing only orientation.,,Track one asymmetric tail and the relative positions of the filled and unfilled markers.,75,No calculator,True,Passed,Passed,Approved for Distribution
DOST-W1-258,1,Undergraduate,Part I — Logical Reasoning,Non-Verbal Reasoning,Non-Verbal Reasoning,"NVR1 — Identical Figure, Rotation, and Reflection",mental rotation,NVR-ROT,Analysis/Evaluation,Difficult,Premium,English,NVR-ROT-012,Which option can be obtained by turning the reference figure without flipping it?,[visual choice],[visual choice],[visual choice],[visual choice],,B,The correct option preserves the order and handedness of every feature while changing only orientation.,,Track one asymmetric tail and the relative positions of the filled and unfilled markers.,75,No calculator,True,Passed,Passed,Approved for Distribution
DOST-W1-259,1,Undergraduate,Part I — Logical Reasoning,Non-Verbal Reasoning,Non-Verbal Reasoning,"NVR1 — Identical Figure, Rotation, and Reflection",mental rotation,NVR-ROT,Analysis/Evaluation,Difficult,Premium,English,NVR-ROT-013,Which option shows the reference figure after rotation only?,[visual choice],[visual choice],[visual choice],[visual choice],,A,The correct option preserves the order and handedness of every feature while changing only orientation.,,Track one asymmetric tail and the relative positions of the filled and unfilled markers.,75,No calculator,True,Passed,Passed,Approved for Distribution
DOST-W1-260,1,Undergraduate,Part I — Logical Reasoning,Non-Verbal Reasoning,Non-Verbal Reasoning,"NVR1 — Identical Figure, Rotation, and Reflection",mental rotation,NVR-ROT,Analysis/Evaluation,Difficult,Premium,English,NVR-ROT-014,Select the option identical to the reference under rotation.,[visual choice],[visual choice],[visual choice],[visual choice],,D,The correct option preserves the order and handedness of every feature while changing only orientation.,,Track one asymmetric tail and the relative positions of the filled and unfilled markers.,75,No calculator,True,Passed,Passed,Approved for Distribution
DOST-W1-261,1,Undergraduate,Part I — Logical Reasoning,Non-Verbal Reasoning,Non-Verbal Reasoning,NVR2 — Figure Series and Matrices,multi-rule inductive sequence,NVR-SER,Multi-step Application,Difficult,Premium,English,TD-VR-PI-P2-04,Which shield belongs in the missing position?,Figure A,Figure B,Figure C,Figure D,Figure E,E,"The hatched quadrant moves one position counterclockwise, the dot total increases by one, and the hatch orientation changes by 45° each step. The missing shield must therefore have four dots and the hatch in the lower-right quadrant with the next line orientation.",,"Track each changing feature independently, then combine the rules only after each pattern is clear.",80,No calculator,True,Passed,Passed,Approved for Distribution
DOST-W1-262,1,Undergraduate,Part I — Logical Reasoning,Non-Verbal Reasoning,Non-Verbal Reasoning,NVR2 — Figure Series and Matrices,multi-rule inductive sequence,NVR-SER,Multi-step Application,Difficult,Premium,English,TD-VR-PI-P2-05,Which figure comes next?,Figure A,Figure B,Figure C,Figure D,Figure E,B,"The arch rotates 90° each step, the heavy band moves from the middle ring to the outer ring to the inner ring cyclically, and the slash inside the circle rotates 45° each step. B is the only option satisfying all three.",,"Track each changing feature independently, then combine the rules only after each pattern is clear.",80,No calculator,True,Passed,Passed,Approved for Distribution
DOST-W1-263,1,Undergraduate,Part I — Logical Reasoning,Non-Verbal Reasoning,Non-Verbal Reasoning,NVR2 — Figure Series and Matrices,multi-rule inductive sequence,NVR-SER,Multi-step Application,Moderate,Premium,English,TD-VR-PI-P2-06,Which figure completes the sequence?,Figure A,Figure B,Figure C,Figure D,Figure E,C,"The filled corner marker moves one corner clockwise each step, the open marker jumps two corners each step, and the centre alternates open/filled. The fifth frame returns the markers to their starting corner relationship with an open centre.",,"Track each changing feature independently, then combine the rules only after each pattern is clear.",60,No calculator,True,Passed,Passed,Approved for Distribution
DOST-W1-264,1,Undergraduate,Part I — Logical Reasoning,Non-Verbal Reasoning,Non-Verbal Reasoning,NVR2 — Figure Series and Matrices,two-rule visual series,NVR-SER,Multi-step Application,Moderate,Premium,English,NVR-SER-018,Select the best completion for the sequence.,[visual choice],[visual choice],[visual choice],[visual choice],,A,The square alternates filled/unfilled while the red marker moves one position clockwise in each frame.,,"Separate simultaneous rules such as fill, count, and position.",75,No calculator,True,Passed,Passed,Approved for Distribution
DOST-W1-265,1,Undergraduate,Part I — Logical Reasoning,Non-Verbal Reasoning,Non-Verbal Reasoning,NVR2 — Figure Series and Matrices,two-rule visual series,NVR-SER,Multi-step Application,Moderate,Premium,English,NVR-SER-019,Study the sequence and select the missing figure.,[visual choice],[visual choice],[visual choice],[visual choice],,A,The square alternates filled/unfilled while the red marker moves one position clockwise in each frame.,,"Separate simultaneous rules such as fill, count, and position.",75,No calculator,True,Passed,Passed,Approved for Distribution
DOST-W1-266,1,Undergraduate,Part I — Logical Reasoning,Non-Verbal Reasoning,Non-Verbal Reasoning,NVR2 — Figure Series and Matrices,two-rule visual series,NVR-SER,Multi-step Application,Moderate,Premium,English,NVR-SER-020,Which option belongs in the blank position?,[visual choice],[visual choice],[visual choice],[visual choice],,A,The square alternates filled/unfilled while the red marker moves one position clockwise in each frame.,,"Separate simultaneous rules such as fill, count, and position.",75,No calculator,True,Passed,Passed,Approved for Distribution
DOST-W1-267,1,Undergraduate,Part I — Logical Reasoning,Non-Verbal Reasoning,Non-Verbal Reasoning,NVR2 — Figure Series and Matrices,rotation and count series,NVR-SER,Multi-step Application,Moderate,Premium,English,NVR-SER-021,Choose the figure that continues the visual pattern.,[visual choice],[visual choice],[visual choice],[visual choice],,A,"The line rotates by 45° each step, while the number of dots increases by one.",,Check both orientation and quantity.,80,No calculator,True,Passed,Passed,Approved for Distribution
DOST-W1-268,1,Undergraduate,Part I — Logical Reasoning,Non-Verbal Reasoning,Non-Verbal Reasoning,NVR2 — Figure Series and Matrices,rotation and count series,NVR-SER,Multi-step Application,Moderate,Premium,English,NVR-SER-022,Select the best completion for the sequence.,[visual choice],[visual choice],[visual choice],[visual choice],,A,"The line rotates by 45° each step, while the number of dots increases by one.",,Check both orientation and quantity.,80,No calculator,True,Passed,Passed,Approved for Distribution
DOST-W1-269,1,Undergraduate,Part I — Logical Reasoning,Non-Verbal Reasoning,Non-Verbal Reasoning,NVR2 — Figure Series and Matrices,rotation and count series,NVR-SER,Multi-step Application,Moderate,Premium,English,NVR-SER-023,Study the sequence and select the missing figure.,[visual choice],[visual choice],[visual choice],[visual choice],,A,"The line rotates by 45° each step, while the number of dots increases by one.",,Check both orientation and quantity.,80,No calculator,True,Passed,Passed,Approved for Distribution
DOST-W1-270,1,Undergraduate,Part I — Logical Reasoning,Non-Verbal Reasoning,Non-Verbal Reasoning,NVR2 — Figure Series and Matrices,rotation and count series,NVR-SER,Multi-step Application,Moderate,Premium,English,NVR-SER-024,Which option belongs in the blank position?,[visual choice],[visual choice],[visual choice],[visual choice],,A,"The line rotates by 45° each step, while the number of dots increases by one.",,Check both orientation and quantity.,80,No calculator,True,Passed,Passed,Approved for Distribution
DOST-W1-271,1,Undergraduate,Part I — Logical Reasoning,Non-Verbal Reasoning,Non-Verbal Reasoning,NVR3 — Odd One Out and Classification,reflection among rotations,NVR-ROT,Analysis/Evaluation,Difficult,Premium,English,,Which option cannot be obtained from the others by rotation alone?,[visual choice],[visual choice],[visual choice],[visual choice],,A,The odd option reverses the handed arrangement of the notch and markers; rotation cannot produce that reversal.,,A reflection reverses clockwise order; a rotation preserves it.,85,No calculator,True,Passed,Passed,Approved for Distribution
DOST-W1-272,1,Undergraduate,Part I — Logical Reasoning,Non-Verbal Reasoning,Non-Verbal Reasoning,NVR3 — Odd One Out and Classification,reflection among rotations,NVR-ROT,Analysis/Evaluation,Difficult,Premium,English,,Identify the reflected figure among the rotated versions.,[visual choice],[visual choice],[visual choice],[visual choice],,B,The odd option reverses the handed arrangement of the notch and markers; rotation cannot produce that reversal.,,A reflection reverses clockwise order; a rotation preserves it.,85,No calculator,True,Passed,Passed,Approved for Distribution
DOST-W1-273,1,Undergraduate,Part I — Logical Reasoning,Non-Verbal Reasoning,Non-Verbal Reasoning,NVR3 — Odd One Out and Classification,reflection among rotations,NVR-ROT,Analysis/Evaluation,Difficult,Premium,English,,Which figure reverses the handed arrangement and does not belong?,[visual choice],[visual choice],[visual choice],[visual choice],,C,The odd option reverses the handed arrangement of the notch and markers; rotation cannot produce that reversal.,,A reflection reverses clockwise order; a rotation preserves it.,85,No calculator,True,Passed,Passed,Approved for Distribution
DOST-W1-274,1,Undergraduate,Part I — Logical Reasoning,Non-Verbal Reasoning,Non-Verbal Reasoning,NVR3 — Odd One Out and Classification,reflection among rotations,NVR-ROT,Analysis/Evaluation,Difficult,Premium,English,,Three choices preserve the same orientation pattern under rotation. Which one does not?,[visual choice],[visual choice],[visual choice],[visual choice],,D,The odd option reverses the handed arrangement of the notch and markers; rotation cannot produce that reversal.,,A reflection reverses clockwise order; a rotation preserves it.,85,No calculator,True,Passed,Passed,Approved for Distribution
DOST-W1-275,1,Undergraduate,Part I — Logical Reasoning,Non-Verbal Reasoning,Non-Verbal Reasoning,NVR3 — Odd One Out and Classification,reflection among rotations,NVR-ROT,Analysis/Evaluation,Difficult,Premium,English,,Which option cannot be obtained from the others by rotation alone?,[visual choice],[visual choice],[visual choice],[visual choice],,A,The odd option reverses the handed arrangement of the notch and markers; rotation cannot produce that reversal.,,A reflection reverses clockwise order; a rotation preserves it.,85,No calculator,True,Passed,Passed,Approved for Distribution
DOST-W1-276,1,Undergraduate,Part I — Logical Reasoning,Non-Verbal Reasoning,Non-Verbal Reasoning,NVR3 — Odd One Out and Classification,reflection among rotations,NVR-ROT,Analysis/Evaluation,Difficult,Premium,English,,Identify the reflected figure among the rotated versions.,[visual choice],[visual choice],[visual choice],[visual choice],,B,The odd option reverses the handed arrangement of the notch and markers; rotation cannot produce that reversal.,,A reflection reverses clockwise order; a rotation preserves it.,85,No calculator,True,Passed,Passed,Approved for Distribution
DOST-W1-277,1,Undergraduate,Part I — Logical Reasoning,Non-Verbal Reasoning,Non-Verbal Reasoning,NVR3 — Odd One Out and Classification,reflection among rotations,NVR-ROT,Analysis/Evaluation,Difficult,Premium,English,,Which figure reverses the handed arrangement and does not belong?,[visual choice],[visual choice],[visual choice],[visual choice],,C,The odd option reverses the handed arrangement of the notch and markers; rotation cannot produce that reversal.,,A reflection reverses clockwise order; a rotation preserves it.,85,No calculator,True,Passed,Passed,Approved for Distribution
DOST-W1-278,1,Undergraduate,Part I — Logical Reasoning,Non-Verbal Reasoning,Non-Verbal Reasoning,NVR3 — Odd One Out and Classification,reflection among rotations,NVR-ROT,Analysis/Evaluation,Difficult,Premium,English,,Three choices preserve the same orientation pattern under rotation. Which one does not?,[visual choice],[visual choice],[visual choice],[visual choice],,D,The odd option reverses the handed arrangement of the notch and markers; rotation cannot produce that reversal.,,A reflection reverses clockwise order; a rotation preserves it.,85,No calculator,True,Passed,Passed,Approved for Distribution
DOST-W1-279,1,Undergraduate,Part I — Logical Reasoning,Non-Verbal Reasoning,Non-Verbal Reasoning,NVR4 — Paper Folding and Hole Punching,symmetry after unfolding,NVR-FOLD,Multi-step Application,Moderate,Premium,English,NVR-FOLD-025,"After the folds are opened completely, which hole pattern appears?",[visual choice],[visual choice],[visual choice],[visual choice],,D,Every fold reflects each punch across the fold line. One fold doubles a punch; two perpendicular folds can create four symmetric copies.,,Unfold in reverse order and reflect every existing hole at each step.,100,No calculator,True,Passed,Passed,Approved for Distribution
DOST-W1-280,1,Undergraduate,Part I — Logical Reasoning,Non-Verbal Reasoning,Non-Verbal Reasoning,NVR4 — Paper Folding and Hole Punching,symmetry after unfolding,NVR-FOLD,Multi-step Application,Moderate,Premium,English,NVR-FOLD-026,Which option shows the final pattern on the unfolded sheet?,[visual choice],[visual choice],[visual choice],[visual choice],,C,Every fold reflects each punch across the fold line. One fold doubles a punch; two perpendicular folds can create four symmetric copies.,,Unfold in reverse order and reflect every existing hole at each step.,100,No calculator,True,Passed,Passed,Approved for Distribution
DOST-W1-281,1,Undergraduate,Part I — Logical Reasoning,Non-Verbal Reasoning,Non-Verbal Reasoning,NVR4 — Paper Folding and Hole Punching,symmetry after unfolding,NVR-FOLD,Multi-step Application,Difficult,Premium,English,NVR-FOLD-027,Reverse the folding process. Which completed pattern results?,[visual choice],[visual choice],[visual choice],[visual choice],,B,Every fold reflects each punch across the fold line. One fold doubles a punch; two perpendicular folds can create four symmetric copies.,,Unfold in reverse order and reflect every existing hole at each step.,100,No calculator,True,Passed,Passed,Approved for Distribution
DOST-W1-282,1,Undergraduate,Part I — Logical Reasoning,Non-Verbal Reasoning,Non-Verbal Reasoning,NVR4 — Paper Folding and Hole Punching,symmetry after unfolding,NVR-FOLD,Multi-step Application,Difficult,Premium,English,NVR-FOLD-028,Select the arrangement of holes after full unfolding.,[visual choice],[visual choice],[visual choice],[visual choice],,A,Every fold reflects each punch across the fold line. One fold doubles a punch; two perpendicular folds can create four symmetric copies.,,Unfold in reverse order and reflect every existing hole at each step.,100,No calculator,True,Passed,Passed,Approved for Distribution
DOST-W1-283,1,Undergraduate,Part I — Logical Reasoning,Non-Verbal Reasoning,Non-Verbal Reasoning,NVR4 — Paper Folding and Hole Punching,symmetry after unfolding,NVR-FOLD,Multi-step Application,Difficult,Premium,English,NVR-FOLD-029,"After the folds are opened completely, which hole pattern appears?",[visual choice],[visual choice],[visual choice],[visual choice],,D,Every fold reflects each punch across the fold line. One fold doubles a punch; two perpendicular folds can create four symmetric copies.,,Unfold in reverse order and reflect every existing hole at each step.,100,No calculator,True,Passed,Passed,Approved for Distribution
DOST-W1-284,1,Undergraduate,Part I — Logical Reasoning,Non-Verbal Reasoning,Non-Verbal Reasoning,NVR4 — Paper Folding and Hole Punching,symmetry after unfolding,NVR-FOLD,Multi-step Application,Difficult,Premium,English,NVR-FOLD-030,Which option shows the final pattern on the unfolded sheet?,[visual choice],[visual choice],[visual choice],[visual choice],,C,Every fold reflects each punch across the fold line. One fold doubles a punch; two perpendicular folds can create four symmetric copies.,,Unfold in reverse order and reflect every existing hole at each step.,100,No calculator,True,Passed,Passed,Approved for Distribution
DOST-W1-285,1,Undergraduate,Part I — Logical Reasoning,Non-Verbal Reasoning,Non-Verbal Reasoning,NVR5 — Cube Nets and Solid Rotation,opposite faces,NVR-VIEW,Multi-step Application,Moderate,Premium,English,NVR-CUBE-031,"When the net is folded into a cube, which face is opposite face A?",F,B,C,D,,A,"In this cross-shaped net, the opposite pairs are A–F, B–E, and C–D. Therefore F is opposite A.",,Mark the four faces that wrap around the center; the remaining face closes opposite the center.,85,No calculator,True,Passed,Passed,Approved for Distribution
DOST-W1-286,1,Undergraduate,Part I — Logical Reasoning,Non-Verbal Reasoning,Non-Verbal Reasoning,NVR5 — Cube Nets and Solid Rotation,opposite faces,NVR-VIEW,Multi-step Application,Moderate,Premium,English,NVR-CUBE-032,"When the net is folded into a cube, which face is opposite face B?",A,C,D,E,,D,"In this cross-shaped net, the opposite pairs are A–F, B–E, and C–D. Therefore E is opposite B.",,Mark the four faces that wrap around the center; the remaining face closes opposite the center.,85,No calculator,True,Passed,Passed,Approved for Distribution
DOST-W1-287,1,Undergraduate,Part I — Logical Reasoning,Non-Verbal Reasoning,Non-Verbal Reasoning,NVR5 — Cube Nets and Solid Rotation,opposite faces,NVR-VIEW,Multi-step Application,Moderate,Premium,English,NVR-CUBE-033,"When the net is folded into a cube, which face is opposite face C?",B,E,D,A,,C,"In this cross-shaped net, the opposite pairs are A–F, B–E, and C–D. Therefore D is opposite C.",,Mark the four faces that wrap around the center; the remaining face closes opposite the center.,85,No calculator,True,Passed,Passed,Approved for Distribution
DOST-W1-288,1,Undergraduate,Part I — Logical Reasoning,Non-Verbal Reasoning,Non-Verbal Reasoning,NVR5 — Cube Nets and Solid Rotation,opposite faces,NVR-VIEW,Multi-step Application,Moderate,Premium,English,NVR-CUBE-034,"When the net is folded into a cube, which face is opposite face F?",D,A,B,C,,B,"In this cross-shaped net, the opposite pairs are A–F, B–E, and C–D. Therefore A is opposite F.",,Mark the four faces that wrap around the center; the remaining face closes opposite the center.,85,No calculator,True,Passed,Passed,Approved for Distribution
DOST-W1-289,1,Undergraduate,Part I — Logical Reasoning,Non-Verbal Reasoning,Non-Verbal Reasoning,NVR5 — Cube Nets and Solid Rotation,opposite faces,NVR-VIEW,Multi-step Application,Moderate,Premium,English,NVR-CUBE-035,"When the net is folded into a cube, which face is opposite face E?",B,A,C,D,,A,"In this cross-shaped net, the opposite pairs are A–F, B–E, and C–D. Therefore B is opposite E.",,Mark the four faces that wrap around the center; the remaining face closes opposite the center.,85,No calculator,True,Passed,Passed,Approved for Distribution
DOST-W1-290,1,Undergraduate,Part I — Logical Reasoning,Non-Verbal Reasoning,Non-Verbal Reasoning,NVR5 — Cube Nets and Solid Rotation,opposite faces,NVR-VIEW,Multi-step Application,Moderate,Premium,English,NVR-CUBE-036,"When the net is folded into a cube, which face is opposite face D?",A,B,E,C,,D,"In this cross-shaped net, the opposite pairs are A–F, B–E, and C–D. Therefore C is opposite D.",,Mark the four faces that wrap around the center; the remaining face closes opposite the center.,85,No calculator,True,Passed,Passed,Approved for Distribution
DOST-W1-291,1,Undergraduate,Part I — Logical Reasoning,Non-Verbal Reasoning,Non-Verbal Reasoning,NVR6 — Block Counting and Orthographic Views,block counting,NVR-VIEW,Multi-step Application,Moderate,Premium,English,NVR-BLOCK-037,Each grid number is the height of a vertical stack of unit cubes. What is the total number of cubes?,9,10,8,12,,A,Add the heights of all stacks shown in the top-view grid.,Sum of stack heights = 9.,A top-view height map converts a 3D count into a sum of column heights.,70,No calculator,True,Passed,Passed,Approved for Distribution
DOST-W1-292,1,Undergraduate,Part I — Logical Reasoning,Non-Verbal Reasoning,Non-Verbal Reasoning,NVR6 — Block Counting and Orthographic Views,block counting,NVR-VIEW,Multi-step Application,Moderate,Premium,English,NVR-BLOCK-038,"Using the top-view height map, determine the solid's total cube count.",9,7,11,8,,D,Add the heights of all stacks shown in the top-view grid.,Sum of stack heights = 8.,A top-view height map converts a 3D count into a sum of column heights.,70,No calculator,True,Passed,Passed,Approved for Distribution
DOST-W1-293,1,Undergraduate,Part I — Logical Reasoning,Non-Verbal Reasoning,Non-Verbal Reasoning,NVR6 — Block Counting and Orthographic Views,block counting,NVR-VIEW,Multi-step Application,Moderate,Premium,English,NVR-BLOCK-039,Add the vertical stacks represented in the diagram. How many unit cubes form the solid?,10,14,11,12,,C,Add the heights of all stacks shown in the top-view grid.,Sum of stack heights = 11.,A top-view height map converts a 3D count into a sum of column heights.,70,No calculator,True,Passed,Passed,Approved for Distribution
DOST-W1-294,1,Undergraduate,Part I — Logical Reasoning,Non-Verbal Reasoning,Non-Verbal Reasoning,NVR6 — Block Counting and Orthographic Views,block counting,NVR-VIEW,Multi-step Application,Moderate,Premium,English,NVR-BLOCK-040,"What is the volume of the solid in unit cubes, based on the stack-height grid?",13,10,11,9,,B,Add the heights of all stacks shown in the top-view grid.,Sum of stack heights = 10.,A top-view height map converts a 3D count into a sum of column heights.,70,No calculator,True,Passed,Passed,Approved for Distribution
DOST-W1-295,1,Undergraduate,Part I — Logical Reasoning,Non-Verbal Reasoning,Non-Verbal Reasoning,NVR6 — Block Counting and Orthographic Views,block counting,NVR-VIEW,Multi-step Application,Moderate,Premium,English,NVR-BLOCK-041,Each grid number is the height of a vertical stack of unit cubes. What is the total number of cubes?,11,12,10,14,,A,Add the heights of all stacks shown in the top-view grid.,Sum of stack heights = 11.,A top-view height map converts a 3D count into a sum of column heights.,70,No calculator,True,Passed,Passed,Approved for Distribution
DOST-W1-296,1,Undergraduate,Part I — Logical Reasoning,Non-Verbal Reasoning,Non-Verbal Reasoning,NVR8 — Navigation and Rule-Following,coordinate route tracing,NVR-PATH,Multi-step Application,Moderate,Premium,English,NVR-PATH-042,Trace the route from the orange point. Which coordinate marks the endpoint?,"(1, 1)","(2, 2)","(2, 1)","(1, 2)",,C,"Following the path step by step ends at coordinate (2, 1).",,Keep horizontal and vertical coordinates separate while tracing each segment.,65,No calculator,True,Passed,Passed,Approved for Distribution
DOST-W1-297,1,Undergraduate,Part I — Logical Reasoning,Non-Verbal Reasoning,Non-Verbal Reasoning,NVR8 — Navigation and Rule-Following,coordinate route tracing,NVR-PATH,Multi-step Application,Moderate,Premium,English,NVR-PATH-043,"Follow every blue segment. Where does the path finish in (horizontal, vertical) form?","(2, 4)","(2, 3)","(3, 2)","(1, 3)",,B,"Following the path step by step ends at coordinate (2, 3).",,Keep horizontal and vertical coordinates separate while tracing each segment.,65,No calculator,True,Passed,Passed,Approved for Distribution
DOST-W1-298,1,Undergraduate,Part I — Logical Reasoning,Non-Verbal Reasoning,Non-Verbal Reasoning,NVR8 — Navigation and Rule-Following,coordinate route tracing,NVR-PATH,Multi-step Application,Moderate,Premium,English,NVR-PATH-044,Which ordered pair identifies the final point of the route?,"(2, 1)","(1, 2)","(1, 1)","(2, 2)",,A,"Following the path step by step ends at coordinate (2, 1).",,Keep horizontal and vertical coordinates separate while tracing each segment.,65,No calculator,True,Passed,Passed,Approved for Distribution
DOST-W1-299,1,Undergraduate,Part I — Logical Reasoning,Non-Verbal Reasoning,Non-Verbal Reasoning,NVR8 — Navigation and Rule-Following,coordinate route tracing,NVR-PATH,Multi-step Application,Moderate,Premium,English,NVR-PATH-045,"Starting from the orange marker, determine the path's ending coordinate.","(3, 2)","(1, 3)","(2, 4)","(2, 3)",,D,"Following the path step by step ends at coordinate (2, 3).",,Keep horizontal and vertical coordinates separate while tracing each segment.,65,No calculator,True,Passed,Passed,Approved for Distribution
DOST-W1-300,1,Undergraduate,Part I — Logical Reasoning,Non-Verbal Reasoning,Non-Verbal Reasoning,NVR8 — Navigation and Rule-Following,coordinate route tracing,NVR-PATH,Multi-step Application,Moderate,Premium,English,NVR-PATH-046,Trace the route from the orange point. Which coordinate marks the endpoint?,"(0, 3)","(1, 4)","(1, 3)","(3, 1)",,C,"Following the path step by step ends at coordinate (1, 3).",,Keep horizontal and vertical coordinates separate while tracing each segment.,65,No calculator,True,Passed,Passed,Approved for Distribution
DOST-W2-001,2,Undergraduate,Part I — Logical Reasoning,Verbal Reasoning,Verbal Reasoning,VR1 — Analogies and Semantic Relationships,plan-to-product,VR-ANA,Recognition/Recall,Easy,Free,English,,BLUEPRINT : BUILDING :: RECIPE : ____,meal,kitchen,ingredient,chef,,A,A blueprint guides the creation of a building; a recipe guides the preparation of a meal.,,State the precise relationship in the first pair before testing the second pair.,45,No calculator,False,Passed,Passed,Approved for Distribution
DOST-W2-002,2,Undergraduate,Part I — Logical Reasoning,Verbal Reasoning,Verbal Reasoning,VR1 — Analogies and Semantic Relationships,supporting base,VR-ANA,Recognition/Recall,Easy,Free,English,,ROOT : TREE :: FOUNDATION : ____,roof,building,window,paint,,B,A root supports and anchors a tree; a foundation supports and anchors a building.,,State the precise relationship in the first pair before testing the second pair.,45,No calculator,False,Passed,Passed,Approved for Distribution
DOST-W2-003,2,Undergraduate,Part I — Logical Reasoning,Verbal Reasoning,Verbal Reasoning,VR1 — Analogies and Semantic Relationships,means-to-developed-capacity,VR-ANA,Recognition/Recall,Easy,Free,English,,VACCINE : IMMUNITY :: PRACTICE : ____,fatigue,competition,skill,memory only,,C,A vaccine develops immunity; practice develops skill.,,State the precise relationship in the first pair before testing the second pair.,45,No calculator,False,Passed,Passed,Approved for Distribution
DOST-W2-004,2,Undergraduate,Part I — Logical Reasoning,Verbal Reasoning,Verbal Reasoning,VR1 — Analogies and Semantic Relationships,unit-to-quantity,VR-ANA,Recognition/Recall,Easy,Free,English,,DECIBEL : SOUND :: LUMEN : ____,mass,pressure,heat,light,,D,Decibel is used to express sound level; lumen is used to express luminous output.,,State the precise relationship in the first pair before testing the second pair.,45,No calculator,False,Passed,Passed,Approved for Distribution
DOST-W2-005,2,Undergraduate,Part I — Logical Reasoning,Verbal Reasoning,Verbal Reasoning,VR1 — Analogies and Semantic Relationships,feature-within-environment,VR-ANA,Recognition/Recall,Easy,Free,English,,OASIS : DESERT :: ISLAND : ____,ocean,forest,river,mountain,,A,An oasis is a distinct area within a desert; an island is a distinct land area within an ocean.,,State the precise relationship in the first pair before testing the second pair.,45,No calculator,False,Passed,Passed,Approved for Distribution
DOST-W2-006,2,Undergraduate,Part I — Logical Reasoning,Verbal Reasoning,Verbal Reasoning,VR1 — Analogies and Semantic Relationships,professional-to-object,VR-ANA,Recognition/Recall,Easy,Free,English,,EDITOR : MANUSCRIPT :: MECHANIC : ____,garage,engine,driver,fuel,,B,An editor works on a manuscript; a mechanic works on an engine.,,State the precise relationship in the first pair before testing the second pair.,45,No calculator,False,Passed,Passed,Approved for Distribution
DOST-W2-007,2,Undergraduate,Part I — Logical Reasoning,Verbal Reasoning,Verbal Reasoning,VR1 — Analogies and Semantic Relationships,facilitator-to-process,VR-ANA,Recognition/Recall,Easy,Premium,English,,CATALYST : REACTION :: MEDIATOR : ____,agreement,silence,conflict,meeting room,,C,A catalyst facilitates a reaction; a mediator facilitates resolution of a conflict.,,State the precise relationship in the first pair before testing the second pair.,45,No calculator,False,Passed,Passed,Approved for Distribution
DOST-W2-008,2,Undergraduate,Part I — Logical Reasoning,Verbal Reasoning,Verbal Reasoning,VR1 — Analogies and Semantic Relationships,analogous regulating part,VR-ANA,Recognition/Recall,Easy,Premium,English,,PUPIL : EYE :: DIAPHRAGM : ____,microphone,speaker,thermometer,camera,,D,The pupil regulates light entering the eye; a diaphragm regulates light entering a camera.,,State the precise relationship in the first pair before testing the second pair.,45,No calculator,False,Passed,Passed,Approved for Distribution
DOST-W2-009,2,Undergraduate,Part I — Logical Reasoning,Verbal Reasoning,Verbal Reasoning,VR1 — Analogies and Semantic Relationships,process-to-affected-material,VR-ANA,Recognition/Recall,Easy,Premium,English,,ERODE : ROCK :: CORRODE : ____,metal,water,soil,air,,A,Erosion wears away rock; corrosion chemically wears away metal.,,State the precise relationship in the first pair before testing the second pair.,45,No calculator,False,Passed,Passed,Approved for Distribution
DOST-W2-010,2,Undergraduate,Part I — Logical Reasoning,Verbal Reasoning,Verbal Reasoning,VR1 — Analogies and Semantic Relationships,attitude-to-associated-state,VR-ANA,Recognition/Recall,Easy,Premium,English,,SKEPTICAL : DOUBT :: OPTIMISTIC : ____,certainty,hope,fear,silence,,B,Skepticism is associated with doubt; optimism is associated with hope.,,State the precise relationship in the first pair before testing the second pair.,45,No calculator,False,Passed,Passed,Approved for Distribution
DOST-W2-011,2,Undergraduate,Part I — Logical Reasoning,Verbal Reasoning,Verbal Reasoning,VR2 — Coded Words and Transformations,multi-rule coding,VR-COD,Multi-step Application,Easy,Free,English,,"In a code, letters in odd positions move one place forward while letters in even positions move one place backward. How is MATH coded?",NZSG,LZUG,NZUG,MBTI,,C,"M→N, A→Z, T→U, H→G, producing NZUG.",,Apply each transformation in the stated order and verify every character.,65,No calculator,False,Passed,Passed,Approved for Distribution
DOST-W2-012,2,Undergraduate,Part I — Logical Reasoning,Verbal Reasoning,Verbal Reasoning,VR2 — Coded Words and Transformations,multi-rule coding,VR-COD,Multi-step Application,Easy,Premium,English,,A word is coded by reversing it and then moving the first coded letter one place forward. How is LAMP coded?,PNAL,QMBL,PMAL,QMAL,,D,LAMP reversed is PMAL; moving the first coded letter P forward gives QMAL.,,Apply each transformation in the stated order and verify every character.,65,No calculator,False,Passed,Passed,Approved for Distribution
DOST-W2-013,2,Undergraduate,Part I — Logical Reasoning,Verbal Reasoning,Verbal Reasoning,VR2 — Coded Words and Transformations,multi-rule coding,VR-COD,Multi-step Application,Moderate,Premium,English,,"If every consonant is replaced by the previous alphabet letter and vowels remain unchanged, how is CODE written?",BOCE,BNCD,CNDE,BODE,,A,"C→B, O remains O, D→C, and E remains E, giving BOCE.",,Apply each transformation in the stated order and verify every character.,65,No calculator,False,Passed,Passed,Approved for Distribution
DOST-W2-014,2,Undergraduate,Part I — Logical Reasoning,Verbal Reasoning,Verbal Reasoning,VR2 — Coded Words and Transformations,multi-rule coding,VR-COD,Multi-step Application,Moderate,Premium,English,,A code writes the alphabet position of each letter and adds 1 to each number. What code represents BAD?,2-1-4,3-2-5,4-3-6,3-1-5,,B,"B=2, A=1, D=4; adding 1 gives 3-2-5.",,Apply each transformation in the stated order and verify every character.,65,No calculator,False,Passed,Passed,Approved for Distribution
DOST-W2-015,2,Undergraduate,Part I — Logical Reasoning,Verbal Reasoning,Verbal Reasoning,VR2 — Coded Words and Transformations,multi-rule coding,VR-COD,Multi-step Application,Moderate,Premium,English,,"If SCIENCE is coded as ECNEICS by reversing the word, how is REASON coded?",NOREAS,NOSEAR,NOSAER,REASON,,C,Reversing REASON gives NOSAER.,,Apply each transformation in the stated order and verify every character.,65,No calculator,False,Passed,Passed,Approved for Distribution
DOST-W2-016,2,Undergraduate,Part I — Logical Reasoning,Verbal Reasoning,Verbal Reasoning,VR2 — Coded Words and Transformations,multi-rule coding,VR-COD,Multi-step Application,Moderate,Premium,English,,"A code changes A↔Z, B↔Y, C↔X, and so on. How is MATH coded?",MZGS,NZTH,OZGS,NZGS,,D,"Using opposite alphabet positions: M→N, A→Z, T→G, H→S, so NZGS.",,Apply each transformation in the stated order and verify every character.,65,No calculator,False,Passed,Passed,Approved for Distribution
DOST-W2-017,2,Undergraduate,Part I — Logical Reasoning,Verbal Reasoning,Verbal Reasoning,VR2 — Coded Words and Transformations,multi-rule coding,VR-COD,Multi-step Application,Moderate,Premium,English,,"In a number code, the value of a word is the sum of its letter positions. What is the value of CAT?",24,21,26,30,,A,"C=3, A=1, T=20; total=24.",,Apply each transformation in the stated order and verify every character.,65,No calculator,False,Passed,Passed,Approved for Distribution
DOST-W2-018,2,Undergraduate,Part I — Logical Reasoning,Verbal Reasoning,Verbal Reasoning,VR2 — Coded Words and Transformations,multi-rule coding,VR-COD,Multi-step Application,Moderate,Premium,English,,A code duplicates every vowel and deletes the final consonant. How is PLANET coded?,PLAANEET,PLAANEE,PLANEET,PAANE,,B,"Duplicate A and E in PLANET to obtain PLAANEET, then delete the final consonant T, giving PLAANEE.",,Apply each transformation in the stated order and verify every character.,65,No calculator,False,Passed,Passed,Approved for Distribution
DOST-W2-019,2,Undergraduate,Part I — Logical Reasoning,Verbal Reasoning,Verbal Reasoning,VR2 — Coded Words and Transformations,multi-rule coding,VR-COD,Multi-step Application,Moderate,Premium,English,,A code moves the first letter to the end and then shifts every letter one place forward. How is FARM coded?,BSNE,GBSN,BSNG,ARME,,C,FARM → ARMF; shifting gives BSNG.,,Apply each transformation in the stated order and verify every character.,65,No calculator,False,Passed,Passed,Approved for Distribution
DOST-W2-020,2,Undergraduate,Part I — Logical Reasoning,Verbal Reasoning,Verbal Reasoning,VR2 — Coded Words and Transformations,multi-rule coding,VR-COD,Multi-step Application,Moderate,Premium,English,,"If NORTH becomes OPSUI by moving every letter one place forward, how is SOUTH coded?",TPVTH,RNTUG,UPWVI,TPVUI,,D,"S→T, O→P, U→V, T→U, H→I, giving TPVUI.",,Apply each transformation in the stated order and verify every character.,65,No calculator,False,Passed,Passed,Approved for Distribution
DOST-W2-021,2,Undergraduate,Part I — Logical Reasoning,Verbal Reasoning,Verbal Reasoning,VR3 — Syllogisms and Deductive Logic,conditional and categorical logic,VR-LOG,Analysis/Evaluation,Moderate,Free,English,,All copper wires conduct electricity. Some laboratory samples are copper wires. Which conclusion must follow?,Some laboratory samples conduct electricity.,All laboratory samples conduct electricity.,Only copper wires conduct electricity.,No samples are insulators.,,A,The samples that are copper wires inherit the stated property of conducting electricity.,,Separate what must be true from what is merely possible.,75,No calculator,False,Passed,Passed,Approved for Distribution
DOST-W2-022,2,Undergraduate,Part I — Logical Reasoning,Verbal Reasoning,Verbal Reasoning,VR3 — Syllogisms and Deductive Logic,conditional and categorical logic,VR-LOG,Analysis/Evaluation,Moderate,Premium,English,,No renewable source is a fossil fuel. Some power plants use renewable sources. Which conclusion must follow?,All power plants avoid fossil fuels.,Some power plants do not use fossil fuels as the cited source.,No power plant uses more than one source.,Every renewable source is solar.,,B,The power plants using renewable sources use something that is not a fossil fuel.,,Separate what must be true from what is merely possible.,75,No calculator,False,Passed,Passed,Approved for Distribution
DOST-W2-023,2,Undergraduate,Part I — Logical Reasoning,Verbal Reasoning,Verbal Reasoning,VR3 — Syllogisms and Deductive Logic,conditional and categorical logic,VR-LOG,Analysis/Evaluation,Moderate,Premium,English,,"If a sample contains starch, iodine solution turns blue-black. The solution did not turn blue-black. Which conclusion is valid under the stated rule?",The sample definitely contained sugar.,The iodine was colorless.,The sample did not contain starch.,All starch tests are unreliable.,,C,"By contraposition, failure of the stated result supports absence of starch under the assumed valid test conditions.",,Separate what must be true from what is merely possible.,75,No calculator,False,Passed,Passed,Approved for Distribution
DOST-W2-024,2,Undergraduate,Part I — Logical Reasoning,Verbal Reasoning,Verbal Reasoning,VR3 — Syllogisms and Deductive Logic,conditional and categorical logic,VR-LOG,Analysis/Evaluation,Moderate,Premium,English,,Every applicant who passed the screening submitted a valid ID. Mara submitted a valid ID. What follows?,Mara passed the screening.,Mara failed the screening.,Only Mara submitted a valid ID.,Mara may or may not have passed the screening.,,D,"Submitting a valid ID is necessary for passers, but it is not stated to be sufficient.",,Separate what must be true from what is merely possible.,75,No calculator,False,Passed,Passed,Approved for Distribution
DOST-W2-025,2,Undergraduate,Part I — Logical Reasoning,Verbal Reasoning,Verbal Reasoning,VR3 — Syllogisms and Deductive Logic,conditional and categorical logic,VR-LOG,Analysis/Evaluation,Moderate,Premium,English,,Some efficient engines are quiet. No quiet engine in the test emitted visible smoke. Which conclusion follows?,Some efficient engines did not emit visible smoke.,All efficient engines are quiet.,No engine emitted smoke.,All smoky engines are inefficient.,,A,The efficient engines that are quiet belong to the class that emitted no visible smoke.,,Separate what must be true from what is merely possible.,75,No calculator,False,Passed,Passed,Approved for Distribution
DOST-W2-026,2,Undergraduate,Part I — Logical Reasoning,Verbal Reasoning,Verbal Reasoning,VR3 — Syllogisms and Deductive Logic,conditional and categorical logic,VR-LOG,Analysis/Evaluation,Moderate,Premium,English,,All coded messages require a key. Message P requires a key. Which conclusion is justified?,P is definitely coded.,"P may be coded, but the premise does not prove it.",P is not coded.,Only coded messages require keys.,,B,The premise states a one-way condition; requiring a key does not prove that P is coded.,,Separate what must be true from what is merely possible.,75,No calculator,False,Passed,Passed,Approved for Distribution
DOST-W2-027,2,Undergraduate,Part I — Logical Reasoning,Verbal Reasoning,Verbal Reasoning,VR3 — Syllogisms and Deductive Logic,conditional and categorical logic,VR-LOG,Analysis/Evaluation,Moderate,Premium,English,,No metal object in the set is transparent. Object X is transparent. Which conclusion must be true?,X is glass.,All transparent objects are nonmetals.,X is not a metal object in the set.,X is outside the laboratory.,,C,X cannot belong to a class whose members are all nontransparent.,,Separate what must be true from what is merely possible.,75,No calculator,False,Passed,Passed,Approved for Distribution
DOST-W2-028,2,Undergraduate,Part I — Logical Reasoning,Verbal Reasoning,Verbal Reasoning,VR3 — Syllogisms and Deductive Logic,conditional and categorical logic,VR-LOG,Analysis/Evaluation,Difficult,Premium,English,,"If the pump fails, water pressure drops. Water pressure did not drop. Which conclusion follows?",The pump failed briefly.,A second pump was present.,The water tank was empty.,The pump did not fail.,,D,Contraposition gives: no pressure drop implies the stated pump-failure condition did not occur.,,Separate what must be true from what is merely possible.,75,No calculator,False,Passed,Passed,Approved for Distribution
DOST-W2-029,2,Undergraduate,Part I — Logical Reasoning,Verbal Reasoning,Verbal Reasoning,VR3 — Syllogisms and Deductive Logic,conditional and categorical logic,VR-LOG,Analysis/Evaluation,Difficult,Premium,English,,All students in Group R completed the survey. Some students who completed the survey also attended the seminar. Which statement must be true?,Some seminar attendees completed the survey.,All Group R students attended the seminar.,Only Group R completed the survey.,No seminar attendee belonged to Group R.,,A,The second premise directly states that some survey completers attended the seminar.,,Separate what must be true from what is merely possible.,75,No calculator,False,Passed,Passed,Approved for Distribution
DOST-W2-030,2,Undergraduate,Part I — Logical Reasoning,Verbal Reasoning,Verbal Reasoning,VR3 — Syllogisms and Deductive Logic,conditional and categorical logic,VR-LOG,Analysis/Evaluation,Difficult,Premium,English,,Some biodegradable materials decompose slowly. All materials that decompose slowly remain in the environment for a long time. Which conclusion follows?,All biodegradable materials decompose slowly.,Some biodegradable materials remain in the environment for a long time.,No biodegradable material is useful.,Only biodegradable materials persist.,,B,The biodegradable materials that decompose slowly also satisfy the stated persistence condition.,,Separate what must be true from what is merely possible.,75,No calculator,False,Passed,Passed,Approved for Distribution
DOST-W2-031,2,Undergraduate,Part I — Logical Reasoning,Verbal Reasoning,Verbal Reasoning,VR4 — Ordering and Comparative Logic,ranking and spatial ordering,VR-LOG,Multi-step Application,Moderate,Free,English,,Lena finished before Omar. Pia finished after Omar but before Rina. Who finished first?,Omar,Pia,Lena,Rina,,C,"The order is Lena < Omar < Pia < Rina in finishing time, so Lena was first.",,Rewrite each statement as an ordered chain or direction map.,70,No calculator,False,Passed,Passed,Approved for Distribution
DOST-W2-032,2,Undergraduate,Part I — Logical Reasoning,Verbal Reasoning,Verbal Reasoning,VR4 — Ordering and Comparative Logic,ranking and spatial ordering,VR-LOG,Multi-step Application,Moderate,Premium,English,,Box A is heavier than Box C. Box B is lighter than Box D but heavier than Box A. Which box is heaviest?,A,B,C,D,,D,"D > B > A > C, so D is heaviest.",,Rewrite each statement as an ordered chain or direction map.,70,No calculator,False,Passed,Passed,Approved for Distribution
DOST-W2-033,2,Undergraduate,Part I — Logical Reasoning,Verbal Reasoning,Verbal Reasoning,VR4 — Ordering and Comparative Logic,ranking and spatial ordering,VR-LOG,Multi-step Application,Moderate,Premium,English,,"Town Q is south of Town P. Town R is east of Town Q. From Town P, Town R is generally:",southeast,northeast,northwest,southwest,,A,"From P, move south to Q and east to R, placing R southeast of P.",,Rewrite each statement as an ordered chain or direction map.,70,No calculator,False,Passed,Passed,Approved for Distribution
DOST-W2-034,2,Undergraduate,Part I — Logical Reasoning,Verbal Reasoning,Verbal Reasoning,VR4 — Ordering and Comparative Logic,ranking and spatial ordering,VR-LOG,Multi-step Application,Moderate,Premium,English,,Sensor K activates before Sensor L. Sensor M activates after Sensor N but before K. Which activates last?,K,L,M,N,,B,"N → M → K → L, so L activates last.",,Rewrite each statement as an ordered chain or direction map.,70,No calculator,False,Passed,Passed,Approved for Distribution
DOST-W2-035,2,Undergraduate,Part I — Logical Reasoning,Verbal Reasoning,Verbal Reasoning,VR4 — Ordering and Comparative Logic,ranking and spatial ordering,VR-LOG,Multi-step Application,Moderate,Premium,English,,Vera is taller than Wena. Yana is shorter than Xena but taller than Vera. Who is tallest?,Vera,Wena,Xena,Yana,,C,Xena > Yana > Vera > Wena.,,Rewrite each statement as an ordered chain or direction map.,70,No calculator,False,Passed,Passed,Approved for Distribution
DOST-W2-036,2,Undergraduate,Part I — Logical Reasoning,Verbal Reasoning,Verbal Reasoning,VR4 — Ordering and Comparative Logic,ranking and spatial ordering,VR-LOG,Multi-step Application,Moderate,Premium,English,,A tank fills faster than B. C fills slower than B but faster than D. Which order is correct from fastest to slowest?,"A, C, B, D","B, A, C, D","A, B, D, C","A, B, C, D",,D,A > B > C > D.,,Rewrite each statement as an ordered chain or direction map.,70,No calculator,False,Passed,Passed,Approved for Distribution
DOST-W2-037,2,Undergraduate,Part I — Logical Reasoning,Verbal Reasoning,Verbal Reasoning,VR4 — Ordering and Comparative Logic,ranking and spatial ordering,VR-LOG,Multi-step Application,Moderate,Premium,English,,Four samples are arranged by acidity. P is more acidic than Q. R is less acidic than S but more acidic than P. Which is least acidic?,Q,P,R,S,,A,"S > R > P > Q in acidity, so Q is least acidic.",,Rewrite each statement as an ordered chain or direction map.,70,No calculator,False,Passed,Passed,Approved for Distribution
DOST-W2-038,2,Undergraduate,Part I — Logical Reasoning,Verbal Reasoning,Verbal Reasoning,VR4 — Ordering and Comparative Logic,ranking and spatial ordering,VR-LOG,Multi-step Application,Moderate,Premium,English,,A runner completes Lap 1 before Lap 3. Lap 2 occurs after Lap 4 but before Lap 1. Which lap occurs first?,Lap 1,Lap 4,Lap 2,Lap 3,,B,"Lap 4 precedes Lap 2, which precedes Lap 1, which precedes Lap 3.",,Rewrite each statement as an ordered chain or direction map.,70,No calculator,False,Passed,Passed,Approved for Distribution
DOST-W2-039,2,Undergraduate,Part I — Logical Reasoning,Verbal Reasoning,Verbal Reasoning,VR4 — Ordering and Comparative Logic,ranking and spatial ordering,VR-LOG,Multi-step Application,Moderate,Premium,English,,"Point B is west of A. Point C is north of B. Point D is east of C. Relative to A, D could be:",south only,west only,"north, depending on equal east-west distances",at the same point in all cases,,C,"The westward and eastward displacements can cancel, leaving D north of A if equal.",,Rewrite each statement as an ordered chain or direction map.,70,No calculator,False,Passed,Passed,Approved for Distribution
DOST-W2-040,2,Undergraduate,Part I — Logical Reasoning,Verbal Reasoning,Verbal Reasoning,VR4 — Ordering and Comparative Logic,ranking and spatial ordering,VR-LOG,Multi-step Application,Moderate,Premium,English,,Device H uses less power than J but more than G. Device K uses more than J. Which device uses the least power?,H,J,K,G,,D,K > J > H > G.,,Rewrite each statement as an ordered chain or direction map.,70,No calculator,False,Passed,Passed,Approved for Distribution
DOST-W2-041,2,Undergraduate,Part I — Logical Reasoning,Verbal Reasoning,Verbal Reasoning,VR5 — Inference and Argument Analysis,"assumption, evidence, and conclusion",VR-LOG,Analysis/Evaluation,Difficult,Free,English,,A town claims that installing more streetlights reduced nighttime accidents. Which evidence most strongly supports the claim?,Accidents fell on illuminated roads while comparable unlit roads showed little change.,Residents said the new lights looked attractive.,Electricity use increased.,The lights were installed during summer.,,A,A comparison with similar unlit roads helps isolate the effect of the intervention.,,Match the strength of the conclusion to the design and evidence.,95,No calculator,False,Passed,Passed,Approved for Distribution
DOST-W2-042,2,Undergraduate,Part I — Logical Reasoning,Verbal Reasoning,Verbal Reasoning,VR5 — Inference and Argument Analysis,"assumption, evidence, and conclusion",VR-LOG,Analysis/Evaluation,Difficult,Premium,English,,A researcher concludes that a study app improves scores because users scored higher than nonusers. Which fact most weakens the conclusion?,The app used blue icons.,Users had higher prior grades and studied more hours before using the app.,The test had 50 items.,Some users studied in the library.,,B,Pre-existing achievement and study time are confounders that may explain the score difference.,,Match the strength of the conclusion to the design and evidence.,95,No calculator,False,Passed,Passed,Approved for Distribution
DOST-W2-043,2,Undergraduate,Part I — Logical Reasoning,Verbal Reasoning,Verbal Reasoning,VR5 — Inference and Argument Analysis,"assumption, evidence, and conclusion",VR-LOG,Analysis/Evaluation,Difficult,Premium,English,,"Which assumption is necessary for the claim, “Extending library hours will increase student use of the library”?",Every student enjoys reading fiction.,The library will remove all books.,Current closing times prevent some students from visiting.,Students never study elsewhere.,,C,The claim depends on limited hours being a genuine barrier for at least some students.,,Match the strength of the conclusion to the design and evidence.,95,No calculator,False,Passed,Passed,Approved for Distribution
DOST-W2-044,2,Undergraduate,Part I — Logical Reasoning,Verbal Reasoning,Verbal Reasoning,VR5 — Inference and Argument Analysis,"assumption, evidence, and conclusion",VR-LOG,Analysis/Evaluation,Difficult,Premium,English,,A pilot test found that a filter removed 92% of particles in three trials. Which conclusion is most responsible?,The filter is perfect in every environment.,The filter removes all viruses.,No other filter can perform better.,"Under the tested conditions, the filter removed most measured particles, but further testing is needed.",,D,The cautious conclusion matches the limited number and scope of trials.,,Match the strength of the conclusion to the design and evidence.,95,No calculator,False,Passed,Passed,Approved for Distribution
DOST-W2-045,2,Undergraduate,Part I — Logical Reasoning,Verbal Reasoning,Verbal Reasoning,VR5 — Inference and Argument Analysis,"assumption, evidence, and conclusion",VR-LOG,Analysis/Evaluation,Difficult,Premium,English,,A school wants to replace printed notices with a mobile app. Which information is most important before implementation?,Whether all intended users have reliable access to compatible devices and connectivity.,The color of the school gate.,The number of classroom chairs.,The principal's favorite font.,,A,Access determines whether the proposed channel can reach the intended audience.,,Match the strength of the conclusion to the design and evidence.,95,No calculator,False,Passed,Passed,Approved for Distribution
DOST-W2-046,2,Undergraduate,Part I — Logical Reasoning,Verbal Reasoning,Verbal Reasoning,VR5 — Inference and Argument Analysis,"assumption, evidence, and conclusion",VR-LOG,Analysis/Evaluation,Difficult,Premium,English,,Which evidence best supports the argument that tree cover cools urban areas?,Trees have green leaves.,Temperature measurements are consistently lower under tree-covered streets than nearby exposed streets at the same time.,Some streets are narrow.,Urban areas contain vehicles.,,B,Matched temperature comparisons directly address cooling.,,Match the strength of the conclusion to the design and evidence.,95,No calculator,False,Passed,Passed,Approved for Distribution
DOST-W2-047,2,Undergraduate,Part I — Logical Reasoning,Verbal Reasoning,Verbal Reasoning,VR5 — Inference and Argument Analysis,"assumption, evidence, and conclusion",VR-LOG,Analysis/Evaluation,Difficult,Premium,English,,"A report states, “Students who sleep eight hours score better; therefore eight hours of sleep causes higher scores.” What is the main weakness?",It uses a number.,It compares students.,It assumes correlation proves causation without controlling other factors.,It mentions sleep.,,C,"Other variables such as health, schedule, or study habits could explain the association.",,Match the strength of the conclusion to the design and evidence.,95,No calculator,False,Passed,Passed,Approved for Distribution
DOST-W2-048,2,Undergraduate,Part I — Logical Reasoning,Verbal Reasoning,Verbal Reasoning,VR5 — Inference and Argument Analysis,"assumption, evidence, and conclusion",VR-LOG,Analysis/Evaluation,Difficult,Premium,English,,A device manufacturer claims a battery lasts twice as long as a competitor's. Which test is fairest?,Ask employees which battery they prefer.,Test one battery in a flashlight and another in a motor.,Compare batteries bought in different years without controls.,Operate identical devices under the same conditions using each battery type.,,D,A fair comparison controls device type and operating conditions.,,Match the strength of the conclusion to the design and evidence.,95,No calculator,False,Passed,Passed,Approved for Distribution
DOST-W2-049,2,Undergraduate,Part I — Logical Reasoning,Verbal Reasoning,Verbal Reasoning,VR5 — Inference and Argument Analysis,"assumption, evidence, and conclusion",VR-LOG,Analysis/Evaluation,Difficult,Premium,English,,Which statement best strengthens the proposal to add a pedestrian crossing near a school?,Traffic counts show many students cross there daily and vehicles often approach at high speed.,The road was painted last year.,Some students live far away.,The school has a garden.,,A,Frequency of crossing and vehicle speed directly establish the safety need.,,Match the strength of the conclusion to the design and evidence.,95,No calculator,False,Passed,Passed,Approved for Distribution
DOST-W2-050,2,Undergraduate,Part I — Logical Reasoning,Verbal Reasoning,Verbal Reasoning,VR5 — Inference and Argument Analysis,"assumption, evidence, and conclusion",VR-LOG,Analysis/Evaluation,Difficult,Premium,English,,A study found that seedlings under red light grew taller but had fewer leaves than those under white light. Which conclusion is best?,Red light improved every aspect of growth.,Light color affected different growth measures in different ways.,White light prevented growth.,Leaf number is unrelated to growth.,,B,The results show a trade-off: greater height but fewer leaves under red light.,,Match the strength of the conclusion to the design and evidence.,95,No calculator,False,Passed,Passed,Approved for Distribution
DOST-W2-051,2,Undergraduate,Part II — Power Test,English,English,ENG1 — Error Identification,"grammar, agreement, and modifiers",ENG-ERR,Single-step Application,Easy,Free,English,,Which underlined segment contains an error? The set of instructions **were revised** after the trial **to make** each step **more explicit**.,after the trial,to make,were revised,more explicit,,C,The singular subject 'set' requires 'was revised.',,"Identify the grammatical head, tense relationship, and modifier target.",65,No calculator,False,Passed,Passed,Approved for Distribution
DOST-W2-052,2,Undergraduate,Part II — Power Test,English,English,ENG1 — Error Identification,"grammar, agreement, and modifiers",ENG-ERR,Single-step Application,Easy,Free,English,,Which underlined segment contains an error? Neither the teacher nor the assistants **was available** to check the equipment **before noon**.,Neither the teacher nor the assistants,to check the equipment,before noon,was available,,D,"The verb agrees with the nearer plural subject 'assistants,' so 'were available' is required.",,"Identify the grammatical head, tense relationship, and modifier target.",65,No calculator,False,Passed,Passed,Approved for Distribution
DOST-W2-053,2,Undergraduate,Part II — Power Test,English,English,ENG1 — Error Identification,"grammar, agreement, and modifiers",ENG-ERR,Single-step Application,Easy,Free,English,,Which underlined segment contains an error? The report compares the new process **with the old one** and explains **why it is more efficient**.,why it is more efficient,The report compares,with the old one,and explains,,A,The pronoun 'it' can ambiguously refer to either process. The sentence should name 'the new process.',,"Identify the grammatical head, tense relationship, and modifier target.",65,No calculator,False,Passed,Passed,Approved for Distribution
DOST-W2-054,2,Undergraduate,Part II — Power Test,English,English,ENG1 — Error Identification,"grammar, agreement, and modifiers",ENG-ERR,Single-step Application,Moderate,Free,English,,"Which underlined segment contains an error? By the time the technician arrived, the system **has already shut down**.",By the time,has already shut down,the technician arrived,the system,,B,The earlier past action requires past perfect: 'had already shut down.',,"Identify the grammatical head, tense relationship, and modifier target.",65,No calculator,False,Passed,Passed,Approved for Distribution
DOST-W2-055,2,Undergraduate,Part II — Power Test,English,English,ENG1 — Error Identification,"grammar, agreement, and modifiers",ENG-ERR,Single-step Application,Moderate,Free,English,,"Which underlined segment contains an error? The data were collected carefully, **analyzed objectively, and the findings were reported clearly**.",The data were collected,carefully,and the findings were reported clearly,analyzed objectively,,C,"The series is not parallel. It should read 'collected carefully, analyzed objectively, and reported clearly.'",,"Identify the grammatical head, tense relationship, and modifier target.",65,No calculator,False,Passed,Passed,Approved for Distribution
DOST-W2-056,2,Undergraduate,Part II — Power Test,English,English,ENG1 — Error Identification,"grammar, agreement, and modifiers",ENG-ERR,Single-step Application,Moderate,Free,English,,Which underlined segment contains an error? Every student **must brings** a calculator **if the instructions** permit its use.,Every student,a calculator,if the instructions,must brings,,D,"A modal verb such as 'must' is followed by the base form, so the phrase should be 'must bring.'",,"Identify the grammatical head, tense relationship, and modifier target.",65,No calculator,False,Passed,Passed,Approved for Distribution
DOST-W2-057,2,Undergraduate,Part II — Power Test,English,English,ENG1 — Error Identification,"grammar, agreement, and modifiers",ENG-ERR,Single-step Application,Moderate,Premium,English,,Which underlined segment contains an error? The committee requested **that the revised plan is submitted** before Friday.,that the revised plan is submitted,The committee requested,before Friday,revised plan,,A,"After 'requested that,' formal English uses the base form: 'be submitted.'",,"Identify the grammatical head, tense relationship, and modifier target.",65,No calculator,False,Passed,Passed,Approved for Distribution
DOST-W2-058,2,Undergraduate,Part II — Power Test,English,English,ENG1 — Error Identification,"grammar, agreement, and modifiers",ENG-ERR,Single-step Application,Moderate,Premium,English,,"Which underlined segment contains an error? Walking through the laboratory, **the broken flask was noticed** by Paolo.",Walking through the laboratory,the broken flask was noticed,by Paolo,laboratory,,B,"The introductory participial phrase should modify Paolo, not the flask.",,"Identify the grammatical head, tense relationship, and modifier target.",65,No calculator,False,Passed,Passed,Approved for Distribution
DOST-W2-059,2,Undergraduate,Part II — Power Test,English,English,ENG1 — Error Identification,"grammar, agreement, and modifiers",ENG-ERR,Single-step Application,Moderate,Premium,English,,Which underlined segment contains an error? The number of participants **have increased** since the registration period opened.,The number,of participants,have increased,since the registration period opened,,C,"The subject is the singular noun 'number,' so use 'has increased.'",,"Identify the grammatical head, tense relationship, and modifier target.",65,No calculator,False,Passed,Passed,Approved for Distribution
DOST-W2-060,2,Undergraduate,Part II — Power Test,English,English,ENG1 — Error Identification,"grammar, agreement, and modifiers",ENG-ERR,Single-step Application,Moderate,Premium,English,,Which underlined segment contains an error? She is one of the researchers who **has presented** the results at the conference.,She is,one of the researchers,at the conference,who has presented,,D,"The relative pronoun 'who' refers to plural 'researchers,' so 'have presented' is expected.",,"Identify the grammatical head, tense relationship, and modifier target.",65,No calculator,False,Passed,Passed,Approved for Distribution
DOST-W2-061,2,Undergraduate,Part II — Power Test,English,English,ENG3 — Vocabulary and Word Relationships,academic vocabulary in context,ENG-EQV,Recognition/Recall,Easy,Free,English,,The word **empirical** most nearly means:,based on observation or experiment,purely imaginary,written in code,impossible to measure,,A,Empirical evidence comes from observation or experimentation.,,Choose the meaning that fits both definition and context.,45,No calculator,False,Passed,Passed,Approved for Distribution
DOST-W2-062,2,Undergraduate,Part II — Power Test,English,English,ENG3 — Vocabulary and Word Relationships,academic vocabulary in context,ENG-EQV,Recognition/Recall,Easy,Premium,English,,The word **prudent** is closest in meaning to:,reckless,cautious and sensible,rapid,secretive,,B,Prudent decisions show careful judgment.,,Choose the meaning that fits both definition and context.,45,No calculator,False,Passed,Passed,Approved for Distribution
DOST-W2-063,2,Undergraduate,Part II — Power Test,English,English,ENG3 — Vocabulary and Word Relationships,academic vocabulary in context,ENG-EQV,Recognition/Recall,Easy,Premium,English,,The result was **anomalous**. This means it was:,typical,accurate by definition,unexpected or inconsistent with the pattern,unrecorded,,C,An anomalous result differs from the expected or dominant pattern.,,Choose the meaning that fits both definition and context.,45,No calculator,False,Passed,Passed,Approved for Distribution
DOST-W2-064,2,Undergraduate,Part II — Power Test,English,English,ENG3 — Vocabulary and Word Relationships,academic vocabulary in context,ENG-EQV,Recognition/Recall,Easy,Premium,English,,Which word is opposite in meaning to **transient**?,temporary,brief,mobile,permanent,,D,Transient means short-lived; permanent is its opposite.,,Choose the meaning that fits both definition and context.,45,No calculator,False,Passed,Passed,Approved for Distribution
DOST-W2-065,2,Undergraduate,Part II — Power Test,English,English,ENG3 — Vocabulary and Word Relationships,academic vocabulary in context,ENG-EQV,Recognition/Recall,Easy,Premium,English,,The engineer proposed a **robust** design. Robust most nearly means:,strong and reliable under varied conditions,fragile,decorative,expensive only,,A,A robust design performs reliably despite stress or variation.,,Choose the meaning that fits both definition and context.,45,No calculator,False,Passed,Passed,Approved for Distribution
DOST-W2-066,2,Undergraduate,Part II — Power Test,English,English,ENG3 — Vocabulary and Word Relationships,academic vocabulary in context,ENG-EQV,Recognition/Recall,Easy,Premium,English,,Which word best completes the sentence? The evidence was too _____ to justify a confident conclusion.,compelling,insufficient,redundant,precise,,B,Insufficient evidence is not enough to support a confident conclusion.,,Choose the meaning that fits both definition and context.,45,No calculator,False,Passed,Passed,Approved for Distribution
DOST-W2-067,2,Undergraduate,Part II — Power Test,English,English,ENG3 — Vocabulary and Word Relationships,academic vocabulary in context,ENG-EQV,Recognition/Recall,Easy,Premium,English,,"The two methods are **complementary**, meaning they:",contradict each other completely,are exactly identical,work together by supplying different strengths,cannot be used together,,C,Complementary things enhance or complete each other.,,Choose the meaning that fits both definition and context.,45,No calculator,False,Passed,Passed,Approved for Distribution
DOST-W2-068,2,Undergraduate,Part II — Power Test,English,English,ENG3 — Vocabulary and Word Relationships,academic vocabulary in context,ENG-EQV,Recognition/Recall,Easy,Premium,English,,The word **attenuate** most nearly means:,measure exactly,repeat rapidly,change direction only,reduce in strength,,D,To attenuate is to weaken or reduce intensity.,,Choose the meaning that fits both definition and context.,45,No calculator,False,Passed,Passed,Approved for Distribution
DOST-W2-069,2,Undergraduate,Part II — Power Test,English,English,ENG3 — Vocabulary and Word Relationships,academic vocabulary in context,ENG-EQV,Recognition/Recall,Easy,Premium,English,,The teacher asked for a **coherent** explanation. Coherent means:,logically connected and clear,very long,highly emotional,copied word for word,,A,A coherent explanation has an understandable logical flow.,,Choose the meaning that fits both definition and context.,45,No calculator,False,Passed,Passed,Approved for Distribution
DOST-W2-070,2,Undergraduate,Part II — Power Test,English,English,ENG3 — Vocabulary and Word Relationships,academic vocabulary in context,ENG-EQV,Recognition/Recall,Easy,Premium,English,,Which phrase best describes a **negligible** difference?,large enough to reverse the result,so small that it has little practical effect,impossible to calculate,always statistically significant,,B,Negligible means too small or unimportant to matter much.,,Choose the meaning that fits both definition and context.,45,No calculator,False,Passed,Passed,Approved for Distribution
DOST-W2-071,2,Undergraduate,Part II — Power Test,English,English,ENG4 — Sentence Equivalence and Paraphrase,"clarity, logic, and equivalence",ENG-EQV,Analysis/Evaluation,Moderate,Free,English,,Choose the option that best preserves the meaning: “The experiment cannot begin until the equipment is calibrated.”,The experiment begins before calibration.,Calibration is optional once the experiment starts.,Calibration is required before the experiment can begin.,The equipment calibrates itself during the experiment.,,C,The sentence states calibration as a necessary prior condition.,,"Preserve meaning, logical relation, and level of certainty.",70,No calculator,False,Passed,Passed,Approved for Distribution
DOST-W2-072,2,Undergraduate,Part II — Power Test,English,English,ENG4 — Sentence Equivalence and Paraphrase,"clarity, logic, and equivalence",ENG-EQV,Analysis/Evaluation,Moderate,Premium,English,,Choose the clearest revision: “The reason why the sample failed was because it was contaminated.”,The reason the sample failed was due to contamination because.,"The sample, being a reason, failed contamination.",Because contamination was the reason why failure happened.,The sample failed because it was contaminated.,,D,The revision removes redundant 'reason why' and 'because.',,"Preserve meaning, logical relation, and level of certainty.",70,No calculator,False,Passed,Passed,Approved for Distribution
DOST-W2-073,2,Undergraduate,Part II — Power Test,English,English,ENG4 — Sentence Equivalence and Paraphrase,"clarity, logic, and equivalence",ENG-EQV,Analysis/Evaluation,Moderate,Premium,English,,Which sentence best preserves the degree of certainty? “The pattern may indicate a seasonal effect.”,The pattern possibly suggests a seasonal effect.,The pattern proves a seasonal effect.,The seasonal effect is false.,The pattern always occurs every season.,,A,Both 'may indicate' and 'possibly suggests' are tentative.,,"Preserve meaning, logical relation, and level of certainty.",70,No calculator,False,Passed,Passed,Approved for Distribution
DOST-W2-074,2,Undergraduate,Part II — Power Test,English,English,ENG4 — Sentence Equivalence and Paraphrase,"clarity, logic, and equivalence",ENG-EQV,Analysis/Evaluation,Moderate,Premium,English,,Which sentence best combines the ideas? “The prototype was inexpensive. It was difficult to repair.”,The prototype was inexpensive because it was difficult to repair.,The prototype was inexpensive but difficult to repair.,"Although repair was inexpensive, the prototype was difficult.",The prototype repaired the inexpensive difficulty.,,B,"The relationship is contrast, appropriately expressed by 'but.'",,"Preserve meaning, logical relation, and level of certainty.",70,No calculator,False,Passed,Passed,Approved for Distribution
DOST-W2-075,2,Undergraduate,Part II — Power Test,English,English,ENG4 — Sentence Equivalence and Paraphrase,"clarity, logic, and equivalence",ENG-EQV,Analysis/Evaluation,Moderate,Premium,English,,"Choose the most concise revision: “At this point in time, the team is currently reviewing the data.”","At this current point, the team is presently reviewing data.",The data are being reviewed currently at this time by the team.,The team is reviewing the data now.,"The team, at the present point in time, reviews currently.",,C,The revision removes redundant time expressions.,,"Preserve meaning, logical relation, and level of certainty.",70,No calculator,False,Passed,Passed,Approved for Distribution
DOST-W2-076,2,Undergraduate,Part II — Power Test,English,English,ENG4 — Sentence Equivalence and Paraphrase,"clarity, logic, and equivalence",ENG-EQV,Analysis/Evaluation,Moderate,Premium,English,,"Which statement is logically equivalent to “If the valve is closed, water cannot pass through the pipe”?","If the valve is open, water always passes.",Water cannot pass only because of the valve.,"If water does not pass, the valve must be closed.","If water passes through the pipe, the valve is not closed.",,D,The contrapositive is logically equivalent to the original conditional.,,"Preserve meaning, logical relation, and level of certainty.",70,No calculator,False,Passed,Passed,Approved for Distribution
DOST-W2-077,2,Undergraduate,Part II — Power Test,English,English,ENG4 — Sentence Equivalence and Paraphrase,"clarity, logic, and equivalence",ENG-EQV,Analysis/Evaluation,Moderate,Premium,English,,Choose the sentence with correct parallel structure.,"The program aims to reduce cost, improve safety, and increase reliability.","The program aims to reduce cost, improve safety, and increasing reliability.","The program aims at reducing cost, to improve safety, and reliability.","The program aims to reduce cost, safety improvement, and reliability increases.",,A,All three elements use base-form verbs.,,"Preserve meaning, logical relation, and level of certainty.",70,No calculator,False,Passed,Passed,Approved for Distribution
DOST-W2-078,2,Undergraduate,Part II — Power Test,English,English,ENG4 — Sentence Equivalence and Paraphrase,"clarity, logic, and equivalence",ENG-EQV,Analysis/Evaluation,Moderate,Premium,English,,"Which revision removes ambiguity? “When Mia spoke with Lara, she explained the error.”","When Mia spoke with Lara, she explained it.","When Mia spoke with Lara, Mia explained the error.","Speaking with Lara, the error was explained.",Mia and Lara spoke because she explained.,,B,Naming Mia clearly identifies who explained the error.,,"Preserve meaning, logical relation, and level of certainty.",70,No calculator,False,Passed,Passed,Approved for Distribution
DOST-W2-079,2,Undergraduate,Part II — Power Test,English,English,ENG4 — Sentence Equivalence and Paraphrase,"clarity, logic, and equivalence",ENG-EQV,Analysis/Evaluation,Difficult,Premium,English,,"Choose the best transition: “The first material was lightweight. _____, it fractured under a small load.”",Similarly,Therefore,However,For example,,C,The second statement contrasts a favorable property with a weakness.,,"Preserve meaning, logical relation, and level of certainty.",70,No calculator,False,Passed,Passed,Approved for Distribution
DOST-W2-080,2,Undergraduate,Part II — Power Test,English,English,ENG4 — Sentence Equivalence and Paraphrase,"clarity, logic, and equivalence",ENG-EQV,Analysis/Evaluation,Difficult,Premium,English,,Which option best restates the sentence without changing its meaning? “Few participants completed the task without assistance.”,Almost all participants worked independently.,No participant completed the task.,Assistance prevented completion.,Only a small number completed the task without help.,,D,"'Few' means a small number, not none.",,"Preserve meaning, logical relation, and level of certainty.",70,No calculator,False,Passed,Passed,Approved for Distribution
DOST-W2-081,2,Undergraduate,Part II — Power Test,English,English,ENG5 — Paragraph Development and Organization,organization and evidence,ENG-PASS,Analysis/Evaluation,Moderate,Free,English,,"A paragraph introduces microplastics, groups them by source, and gives examples of each group. What pattern of development is used?",classification,chronological narration,spatial order,problem-solution only,,A,The paragraph divides a broad topic into categories and examples.,,Identify the writer's purpose and the relation among details.,65,No calculator,False,Passed,Passed,Approved for Distribution
DOST-W2-082,2,Undergraduate,Part II — Power Test,English,English,ENG5 — Paragraph Development and Organization,organization and evidence,ENG-PASS,Analysis/Evaluation,Moderate,Premium,English,,A paragraph explains how warm ocean water fuels a tropical cyclone and how rising air lowers surface pressure. What dominant pattern is used?,definition only,cause and effect,comparison without explanation,personal narration,,B,The paragraph links physical causes to resulting atmospheric changes.,,Identify the writer's purpose and the relation among details.,65,No calculator,False,Passed,Passed,Approved for Distribution
DOST-W2-083,2,Undergraduate,Part II — Power Test,English,English,ENG5 — Paragraph Development and Organization,organization and evidence,ENG-PASS,Analysis/Evaluation,Moderate,Premium,English,,Which sentence best concludes a paragraph advocating regular backup of digital files?,Storage devices come in different colors.,Some files contain photographs.,"Therefore, scheduled backups should be part of routine data management.",Computers use electricity.,,C,The sentence restates the recommendation and its practical implication.,,Identify the writer's purpose and the relation among details.,65,No calculator,False,Passed,Passed,Approved for Distribution
DOST-W2-084,2,Undergraduate,Part II — Power Test,English,English,ENG5 — Paragraph Development and Organization,organization and evidence,ENG-PASS,Analysis/Evaluation,Moderate,Premium,English,,A paragraph presents the steps in preparing a microscope slide from cleaning the glass to placing the coverslip. Which pattern is used?,comparison,classification,argument by analogy,process,,D,The organization follows a sequence of actions.,,Identify the writer's purpose and the relation among details.,65,No calculator,False,Passed,Passed,Approved for Distribution
DOST-W2-085,2,Undergraduate,Part II — Power Test,English,English,ENG5 — Paragraph Development and Organization,organization and evidence,ENG-PASS,Analysis/Evaluation,Moderate,Premium,English,,Which detail best supports the claim that a new irrigation schedule conserves water?,Water-meter readings fell while crop yield remained stable.,The farm uses blue hoses.,The farmer prefers morning work.,The field has rectangular plots.,,A,The evidence directly shows lower water use without reduced output.,,Identify the writer's purpose and the relation among details.,65,No calculator,False,Passed,Passed,Approved for Distribution
DOST-W2-086,2,Undergraduate,Part II — Power Test,English,English,ENG5 — Paragraph Development and Organization,organization and evidence,ENG-PASS,Analysis/Evaluation,Moderate,Premium,English,,Which sentence is irrelevant in a paragraph about reducing heat gain in classrooms?,Install exterior shading.,The school choir rehearses on Fridays.,Improve roof insulation.,Use reflective roofing materials.,,B,The choir schedule does not address heat gain.,,Identify the writer's purpose and the relation among details.,65,No calculator,False,Passed,Passed,Approved for Distribution
DOST-W2-087,2,Undergraduate,Part II — Power Test,English,English,ENG5 — Paragraph Development and Organization,organization and evidence,ENG-PASS,Analysis/Evaluation,Moderate,Premium,English,,"A paragraph first describes a flooded neighborhood, then proposes drainage clearing and rain gardens. What pattern is used?",classification,definition,problem-solution,spatial description only,,C,It presents a problem followed by proposed remedies.,,Identify the writer's purpose and the relation among details.,65,No calculator,False,Passed,Passed,Approved for Distribution
DOST-W2-088,2,Undergraduate,Part II — Power Test,English,English,ENG5 — Paragraph Development and Organization,organization and evidence,ENG-PASS,Analysis/Evaluation,Moderate,Premium,English,,"A paragraph compares two water filters using flow rate, cost, and particle removal. Which organizational pattern is most appropriate?",chronological order,narrative suspense,alphabetical order,comparison-contrast,,D,The same criteria are used to compare two options.,,Identify the writer's purpose and the relation among details.,65,No calculator,False,Passed,Passed,Approved for Distribution
DOST-W2-089,2,Undergraduate,Part II — Power Test,English,English,ENG5 — Paragraph Development and Organization,organization and evidence,ENG-PASS,Analysis/Evaluation,Moderate,Premium,English,,Which sentence provides the strongest topic sentence for a paragraph about mangrove restoration?,Mangroves can strengthen coastal protection while supporting habitat and fisheries.,Some trees have roots.,Coasts are near water.,People visit beaches.,,A,The sentence states a clear controlling idea broad enough for supporting details.,,Identify the writer's purpose and the relation among details.,65,No calculator,False,Passed,Passed,Approved for Distribution
DOST-W2-090,2,Undergraduate,Part II — Power Test,English,English,ENG5 — Paragraph Development and Organization,organization and evidence,ENG-PASS,Analysis/Evaluation,Moderate,Premium,English,,"A paragraph defines renewable energy, gives examples, and distinguishes it from fossil fuels. Which sentence function is most likely used last?",unrelated anecdote,contrast or clarification,chronological climax,dialogue,,B,Distinguishing renewable sources from fossil fuels clarifies the definition through contrast.,,Identify the writer's purpose and the relation among details.,65,No calculator,False,Passed,Passed,Approved for Distribution
DOST-W2-091,2,Undergraduate,Part II — Power Test,English,English,ENG6 — Reading Comprehension,"main idea, detail, and inference",ENG-PASS,Analysis/Evaluation,Difficult,Free,English,W2-ENG-P1,What is the central idea of the passage?,Exterior shade cloth is always the only acceptable cooling method.,Curtains should never be used.,Classroom comfort should be evaluated using several interacting factors.,Dark classrooms are cooler than bright classrooms.,,C,"The conclusion emphasizes the combined effects of heat, ventilation, lighting, and room use.",,Use explicit textual evidence and avoid claims stronger than the passage.,95,No calculator,False,Passed,Passed,Approved for Distribution
DOST-W2-092,2,Undergraduate,Part II — Power Test,English,English,ENG6 — Reading Comprehension,"main idea, detail, and inference",ENG-PASS,Analysis/Evaluation,Difficult,Premium,English,W2-ENG-P1,Which statement is best supported?,Closing windows always improved comfort.,Curtains produced the greatest temperature reduction.,All methods had identical effects.,The reflective film reduced solar heating but affected lighting.,,D,The passage directly states the film reduced heat but made the room slightly darker.,,Use explicit textual evidence and avoid claims stronger than the passage.,95,No calculator,False,Passed,Passed,Approved for Distribution
DOST-W2-093,2,Undergraduate,Part II — Power Test,English,English,ENG6 — Reading Comprehension,"main idea, detail, and inference",ENG-PASS,Analysis/Evaluation,Difficult,Premium,English,W2-ENG-P2,Why were labeled outlines added?,To help users return and identify tools efficiently,To make the station more expensive,To prevent anyone from using the tools,To replace the pump,,A,The labels addressed confusion about tool position and shortened repair time.,,Use explicit textual evidence and avoid claims stronger than the passage.,95,No calculator,False,Passed,Passed,Approved for Distribution
DOST-W2-094,2,Undergraduate,Part II — Power Test,English,English,ENG6 — Reading Comprehension,"main idea, detail, and inference",ENG-PASS,Analysis/Evaluation,Difficult,Premium,English,W2-ENG-P2,What broader principle does the passage illustrate?,Public services improve only through costly technology.,Clear visual organization can improve usability.,Attached tools are always lost.,Instructions slow users down.,,B,The final sentence explicitly draws that conclusion.,,Use explicit textual evidence and avoid claims stronger than the passage.,95,No calculator,False,Passed,Passed,Approved for Distribution
DOST-W2-095,2,Undergraduate,Part II — Power Test,English,English,ENG6 — Reading Comprehension,"main idea, detail, and inference",ENG-PASS,Analysis/Evaluation,Difficult,Premium,English,W2-ENG-P3,Why were the early reports difficult to compare?,There was too much rain.,No map was available.,Measurement containers and observation times were inconsistent.,Residents refused to share data.,,C,Different gauges and irregular timing reduced comparability.,,Use explicit textual evidence and avoid claims stronger than the passage.,95,No calculator,False,Passed,Passed,Approved for Distribution
DOST-W2-096,2,Undergraduate,Part II — Power Test,English,English,ENG6 — Reading Comprehension,"main idea, detail, and inference",ENG-PASS,Analysis/Evaluation,Difficult,Premium,English,W2-ENG-P3,Which inference is strongest?,More data always means better information.,Online maps eliminate measurement error.,Only professionals can measure rainfall.,Standardization can improve the usefulness of community data.,,D,The improved reports followed use of identical gauges and a common schedule.,,Use explicit textual evidence and avoid claims stronger than the passage.,95,No calculator,False,Passed,Passed,Approved for Distribution
DOST-W2-097,2,Undergraduate,Part II — Power Test,English,English,ENG6 — Reading Comprehension,"main idea, detail, and inference",ENG-PASS,Analysis/Evaluation,Difficult,Premium,English,W2-ENG-P4,What trade-off occurred when the compost was turned frequently?,It decomposed faster but lost moisture.,It stayed cooler and wetter.,It stopped decomposing.,It required less monitoring.,,A,Turning increased aeration and heating but also caused drying.,,Use explicit textual evidence and avoid claims stronger than the passage.,95,No calculator,False,Passed,Passed,Approved for Distribution
DOST-W2-098,2,Undergraduate,Part II — Power Test,English,English,ENG6 — Reading Comprehension,"main idea, detail, and inference",ENG-PASS,Analysis/Evaluation,Difficult,Premium,English,W2-ENG-P4,What is the author's main lesson?,Compost should never be turned.,Improving one factor can create a new limitation that must be managed.,Water prevents decomposition.,All treatments have identical effects.,,B,The final sentence generalizes the observed aeration-moisture trade-off.,,Use explicit textual evidence and avoid claims stronger than the passage.,95,No calculator,False,Passed,Passed,Approved for Distribution
DOST-W2-099,2,Undergraduate,Part II — Power Test,English,English,ENG6 — Reading Comprehension,"main idea, detail, and inference",ENG-PASS,Analysis/Evaluation,Difficult,Premium,English,W2-ENG-P5,Why did the first set of signs fail to fully control noise?,Users could not read.,The library had no tables.,The physical layout did not reinforce the zones.,The collaborative area was closed.,,C,Users often chose nearby tables without noticing the signs.,,Use explicit textual evidence and avoid claims stronger than the passage.,95,No calculator,False,Passed,Passed,Approved for Distribution
DOST-W2-100,2,Undergraduate,Part II — Power Test,English,English,ENG6 — Reading Comprehension,"main idea, detail, and inference",ENG-PASS,Analysis/Evaluation,Difficult,Premium,English,W2-ENG-P5,What conclusion is best supported?,Floor markings are always sufficient.,Libraries should remove all signs.,Collaborative study causes every complaint.,Behavior can be shaped by environmental design as well as written rules.,,D,Complaints fell after the physical space communicated each zone more clearly.,,Use explicit textual evidence and avoid claims stronger than the passage.,95,No calculator,False,Passed,Passed,Approved for Distribution
DOST-W2-101,2,Undergraduate,Part I — Logical Reasoning,Non-Verbal Reasoning,Non-Verbal Reasoning,"NVR1 — Identical Figure, Rotation, and Reflection",mental rotation,NVR-ROT,Analysis/Evaluation,Difficult,Free,English,W2-NVRROT-006,"Rotation Set 1: Which option preserves the reference figure exactly under rotation, without reflection?",[visual choice],[visual choice],[visual choice],[visual choice],,A,The correct option preserves all relative positions and the clockwise order of the asymmetric features.,,Use an asymmetric notch and one marker as fixed reference points.,80,No calculator,True,Passed,Passed,Approved for Distribution
DOST-W2-102,2,Undergraduate,Part I — Logical Reasoning,Non-Verbal Reasoning,Non-Verbal Reasoning,"NVR1 — Identical Figure, Rotation, and Reflection",mental rotation,NVR-ROT,Analysis/Evaluation,Difficult,Free,English,W2-NVRROT-007,"Rotation Set 2: Which option preserves the reference figure exactly under rotation, without reflection?",[visual choice],[visual choice],[visual choice],[visual choice],,B,The correct option preserves all relative positions and the clockwise order of the asymmetric features.,,Use an asymmetric notch and one marker as fixed reference points.,80,No calculator,True,Passed,Passed,Approved for Distribution
DOST-W2-103,2,Undergraduate,Part I — Logical Reasoning,Non-Verbal Reasoning,Non-Verbal Reasoning,"NVR1 — Identical Figure, Rotation, and Reflection",mental rotation,NVR-ROT,Analysis/Evaluation,Difficult,Free,English,W2-NVRROT-008,"Rotation Set 3: Which option preserves the reference figure exactly under rotation, without reflection?",[visual choice],[visual choice],[visual choice],[visual choice],,C,The correct option preserves all relative positions and the clockwise order of the asymmetric features.,,Use an asymmetric notch and one marker as fixed reference points.,80,No calculator,True,Passed,Passed,Approved for Distribution
DOST-W2-104,2,Undergraduate,Part I — Logical Reasoning,Non-Verbal Reasoning,Non-Verbal Reasoning,"NVR1 — Identical Figure, Rotation, and Reflection",mental rotation,NVR-ROT,Analysis/Evaluation,Difficult,Free,English,W2-NVRROT-009,"Rotation Set 4: Which option preserves the reference figure exactly under rotation, without reflection?",[visual choice],[visual choice],[visual choice],[visual choice],,D,The correct option preserves all relative positions and the clockwise order of the asymmetric features.,,Use an asymmetric notch and one marker as fixed reference points.,80,No calculator,True,Passed,Passed,Approved for Distribution
DOST-W2-105,2,Undergraduate,Part I — Logical Reasoning,Non-Verbal Reasoning,Non-Verbal Reasoning,"NVR1 — Identical Figure, Rotation, and Reflection",mental rotation,NVR-ROT,Analysis/Evaluation,Difficult,Premium,English,W2-NVRROT-010,"Rotation Set 5: Which option preserves the reference figure exactly under rotation, without reflection?",[visual choice],[visual choice],[visual choice],[visual choice],,A,The correct option preserves all relative positions and the clockwise order of the asymmetric features.,,Use an asymmetric notch and one marker as fixed reference points.,80,No calculator,True,Passed,Passed,Approved for Distribution
DOST-W2-106,2,Undergraduate,Part I — Logical Reasoning,Non-Verbal Reasoning,Non-Verbal Reasoning,"NVR1 — Identical Figure, Rotation, and Reflection",mental rotation,NVR-ROT,Analysis/Evaluation,Difficult,Premium,English,W2-NVRROT-011,"Rotation Set 6: Which option preserves the reference figure exactly under rotation, without reflection?",[visual choice],[visual choice],[visual choice],[visual choice],,B,The correct option preserves all relative positions and the clockwise order of the asymmetric features.,,Use an asymmetric notch and one marker as fixed reference points.,80,No calculator,True,Passed,Passed,Approved for Distribution
DOST-W2-107,2,Undergraduate,Part I — Logical Reasoning,Non-Verbal Reasoning,Non-Verbal Reasoning,"NVR1 — Identical Figure, Rotation, and Reflection",mental rotation,NVR-ROT,Analysis/Evaluation,Difficult,Premium,English,W2-NVRROT-012,"Rotation Set 7: Which option preserves the reference figure exactly under rotation, without reflection?",[visual choice],[visual choice],[visual choice],[visual choice],,C,The correct option preserves all relative positions and the clockwise order of the asymmetric features.,,Use an asymmetric notch and one marker as fixed reference points.,80,No calculator,True,Passed,Passed,Approved for Distribution
DOST-W2-108,2,Undergraduate,Part I — Logical Reasoning,Non-Verbal Reasoning,Non-Verbal Reasoning,"NVR1 — Identical Figure, Rotation, and Reflection",mental rotation,NVR-ROT,Analysis/Evaluation,Difficult,Premium,English,W2-NVRROT-013,"Rotation Set 8: Which option preserves the reference figure exactly under rotation, without reflection?",[visual choice],[visual choice],[visual choice],[visual choice],,D,The correct option preserves all relative positions and the clockwise order of the asymmetric features.,,Use an asymmetric notch and one marker as fixed reference points.,80,No calculator,True,Passed,Passed,Approved for Distribution
DOST-W2-109,2,Undergraduate,Part I — Logical Reasoning,Non-Verbal Reasoning,Non-Verbal Reasoning,"NVR1 — Identical Figure, Rotation, and Reflection",mental rotation,NVR-ROT,Analysis/Evaluation,Difficult,Premium,English,W2-NVRROT-014,"Rotation Set 9: Which option preserves the reference figure exactly under rotation, without reflection?",[visual choice],[visual choice],[visual choice],[visual choice],,A,The correct option preserves all relative positions and the clockwise order of the asymmetric features.,,Use an asymmetric notch and one marker as fixed reference points.,80,No calculator,True,Passed,Passed,Approved for Distribution
DOST-W2-110,2,Undergraduate,Part I — Logical Reasoning,Non-Verbal Reasoning,Non-Verbal Reasoning,"NVR1 — Identical Figure, Rotation, and Reflection",mental rotation,NVR-ROT,Analysis/Evaluation,Difficult,Premium,English,W2-NVRROT-015,"Rotation Set 10: Which option preserves the reference figure exactly under rotation, without reflection?",[visual choice],[visual choice],[visual choice],[visual choice],,B,The correct option preserves all relative positions and the clockwise order of the asymmetric features.,,Use an asymmetric notch and one marker as fixed reference points.,80,No calculator,True,Passed,Passed,Approved for Distribution
DOST-W2-111,2,Undergraduate,Part I — Logical Reasoning,Non-Verbal Reasoning,Non-Verbal Reasoning,NVR2 — Figure Series and Matrices,multi-rule visual sequence,NVR-SER,Multi-step Application,Moderate,Free,English,TD-VR-AR-P1-01,Which figure comes next?,Figure A,Figure B,Figure C,Figure D,,C,"Track the three features independently: the black cell advances two perimeter positions each step, the hatched cell moves one perimeter position in the opposite direction, and the dot continues its row-by-row path. In the next frame the black and hatched cells coincide, so only the black cell is visible.",,"Track each changing feature independently, then combine the rules only after each pattern is clear.",55,No calculator,True,Passed,Passed,Approved for Distribution
DOST-W2-112,2,Undergraduate,Part I — Logical Reasoning,Non-Verbal Reasoning,Non-Verbal Reasoning,NVR2 — Figure Series and Matrices,multi-rule visual sequence,NVR-SER,Multi-step Application,Moderate,Premium,English,TD-VR-AR-P1-02,Which figure completes the sequence?,Figure A,Figure B,Figure C,Figure D,,B,"The central polygon loses one side per frame: 7, 6, 5, 4, then 3. The corner marker alternates square, triangle, square, triangle, so the next is a square. The small relation mark remains a plus.",,"Track each changing feature independently, then combine the rules only after each pattern is clear.",55,No calculator,True,Passed,Passed,Approved for Distribution
DOST-W2-113,2,Undergraduate,Part I — Logical Reasoning,Non-Verbal Reasoning,Non-Verbal Reasoning,NVR2 — Figure Series and Matrices,multi-rule visual sequence,NVR-SER,Multi-step Application,Difficult,Premium,English,TD-VR-AR-P1-03,Which figure comes next?,Figure A,Figure B,Figure C,Figure D,,D,"Three rules run together: the spoke rotates 45° each step, the black triangular marker advances 90° around the ring, and the open corner marker moves clockwise through the four corners. The centre alternates open and filled.",,"Track each changing feature independently, then combine the rules only after each pattern is clear.",70,No calculator,True,Passed,Passed,Approved for Distribution
DOST-W2-114,2,Undergraduate,Part I — Logical Reasoning,Non-Verbal Reasoning,Non-Verbal Reasoning,NVR2 — Figure Series and Matrices,figure analogy and transformation,NVR-SER,Multi-step Application,Difficult,Premium,English,TD-VR-AR-P1-04,Apply the same transformation.,Figure A,Figure B,Figure C,Figure D,,A,"The first pair shows a horizontal reflection, a swap of the filled and open corner markers, and a 90° rotation of the inner bar. Applying all three operations to the lower input gives A.",,"Track each changing feature independently, then combine the rules only after each pattern is clear.",70,No calculator,True,Passed,Passed,Approved for Distribution
DOST-W2-115,2,Undergraduate,Part I — Logical Reasoning,Non-Verbal Reasoning,Non-Verbal Reasoning,NVR2 — Figure Series and Matrices,multi-rule inductive sequence,NVR-SER,Multi-step Application,Difficult,Premium,English,TD-VR-PI-P2-01,What replaces the question mark?,Figure A,Figure B,Figure C,Figure D,Figure E,B,"Three rules operate together: the large polygon gains one side each step, its fill alternates open/filled, and its corner is determined by the black cell in the small 3×3 cue. The missing frame is therefore a filled hexagon in the corner dictated by the lower-left cue.",,"Track each changing feature independently, then combine the rules only after each pattern is clear.",80,No calculator,True,Passed,Passed,Approved for Distribution
DOST-W2-116,2,Undergraduate,Part I — Logical Reasoning,Non-Verbal Reasoning,Non-Verbal Reasoning,NVR2 — Figure Series and Matrices,row transformation matrix,NVR-SER,Analysis/Evaluation,Difficult,Premium,English,W2-NVRMAT-021,Visual Pattern 6: Which option correctly fills the missing position?,[visual choice],[visual choice],[visual choice],[visual choice],,D,"The second row repeats the first-row orientation relation after a 45° rotation, while each corresponding cell gains one dot.",,Compare corresponding columns and the transformation across each row.,100,No calculator,True,Passed,Passed,Approved for Distribution
DOST-W2-117,2,Undergraduate,Part I — Logical Reasoning,Non-Verbal Reasoning,Non-Verbal Reasoning,NVR2 — Figure Series and Matrices,row transformation matrix,NVR-SER,Analysis/Evaluation,Difficult,Premium,English,W2-NVRMAT-022,Visual Pattern 7: Which option correctly fills the missing position?,[visual choice],[visual choice],[visual choice],[visual choice],,A,"The second row repeats the first-row orientation relation after a 45° rotation, while each corresponding cell gains one dot.",,Compare corresponding columns and the transformation across each row.,100,No calculator,True,Passed,Passed,Approved for Distribution
DOST-W2-118,2,Undergraduate,Part I — Logical Reasoning,Non-Verbal Reasoning,Non-Verbal Reasoning,NVR2 — Figure Series and Matrices,row transformation matrix,NVR-SER,Analysis/Evaluation,Difficult,Premium,English,W2-NVRMAT-023,Visual Pattern 8: Which option correctly fills the missing position?,[visual choice],[visual choice],[visual choice],[visual choice],,B,"The second row repeats the first-row orientation relation after a 45° rotation, while each corresponding cell gains one dot.",,Compare corresponding columns and the transformation across each row.,100,No calculator,True,Passed,Passed,Approved for Distribution
DOST-W2-119,2,Undergraduate,Part I — Logical Reasoning,Non-Verbal Reasoning,Non-Verbal Reasoning,NVR2 — Figure Series and Matrices,row transformation matrix,NVR-SER,Analysis/Evaluation,Difficult,Premium,English,W2-NVRMAT-024,Visual Pattern 9: Which option correctly fills the missing position?,[visual choice],[visual choice],[visual choice],[visual choice],,C,"The second row repeats the first-row orientation relation after a 45° rotation, while each corresponding cell gains one dot.",,Compare corresponding columns and the transformation across each row.,100,No calculator,True,Passed,Passed,Approved for Distribution
DOST-W2-120,2,Undergraduate,Part I — Logical Reasoning,Non-Verbal Reasoning,Non-Verbal Reasoning,NVR2 — Figure Series and Matrices,row transformation matrix,NVR-SER,Analysis/Evaluation,Difficult,Premium,English,W2-NVRMAT-025,Visual Pattern 10: Which option correctly fills the missing position?,[visual choice],[visual choice],[visual choice],[visual choice],,D,"The second row repeats the first-row orientation relation after a 45° rotation, while each corresponding cell gains one dot.",,Compare corresponding columns and the transformation across each row.,100,No calculator,True,Passed,Passed,Approved for Distribution
DOST-W2-121,2,Undergraduate,Part I — Logical Reasoning,Non-Verbal Reasoning,Non-Verbal Reasoning,NVR3 — Odd One Out and Classification,shared fill-count rule,NVR-ROT,Analysis/Evaluation,Moderate,Free,English,,Classification Set 1: Which figure violates the invariant shared by the other three?,[visual choice],[visual choice],[visual choice],[visual choice],,A,"The odd figure contains two filled elements, while the others contain only one; rotation does not change that count.",,Count invariant features before judging orientation.,60,No calculator,True,Passed,Passed,Approved for Distribution
DOST-W2-122,2,Undergraduate,Part I — Logical Reasoning,Non-Verbal Reasoning,Non-Verbal Reasoning,NVR3 — Odd One Out and Classification,shared fill-count rule,NVR-ROT,Analysis/Evaluation,Moderate,Premium,English,,Classification Set 2: Which figure violates the invariant shared by the other three?,[visual choice],[visual choice],[visual choice],[visual choice],,B,"The odd figure contains two filled elements, while the others contain only one; rotation does not change that count.",,Count invariant features before judging orientation.,60,No calculator,True,Passed,Passed,Approved for Distribution
DOST-W2-123,2,Undergraduate,Part I — Logical Reasoning,Non-Verbal Reasoning,Non-Verbal Reasoning,NVR3 — Odd One Out and Classification,shared fill-count rule,NVR-ROT,Analysis/Evaluation,Moderate,Premium,English,,Classification Set 3: Which figure violates the invariant shared by the other three?,[visual choice],[visual choice],[visual choice],[visual choice],,C,"The odd figure contains two filled elements, while the others contain only one; rotation does not change that count.",,Count invariant features before judging orientation.,60,No calculator,True,Passed,Passed,Approved for Distribution
DOST-W2-124,2,Undergraduate,Part I — Logical Reasoning,Non-Verbal Reasoning,Non-Verbal Reasoning,NVR3 — Odd One Out and Classification,shared fill-count rule,NVR-ROT,Analysis/Evaluation,Moderate,Premium,English,,Classification Set 4: Which figure violates the invariant shared by the other three?,[visual choice],[visual choice],[visual choice],[visual choice],,D,"The odd figure contains two filled elements, while the others contain only one; rotation does not change that count.",,Count invariant features before judging orientation.,60,No calculator,True,Passed,Passed,Approved for Distribution
DOST-W2-125,2,Undergraduate,Part I — Logical Reasoning,Non-Verbal Reasoning,Non-Verbal Reasoning,NVR3 — Odd One Out and Classification,shared fill-count rule,NVR-ROT,Analysis/Evaluation,Moderate,Premium,English,,Classification Set 5: Which figure violates the invariant shared by the other three?,[visual choice],[visual choice],[visual choice],[visual choice],,A,"The odd figure contains two filled elements, while the others contain only one; rotation does not change that count.",,Count invariant features before judging orientation.,60,No calculator,True,Passed,Passed,Approved for Distribution
DOST-W2-126,2,Undergraduate,Part I — Logical Reasoning,Non-Verbal Reasoning,Non-Verbal Reasoning,NVR3 — Odd One Out and Classification,shared fill-count rule,NVR-ROT,Analysis/Evaluation,Moderate,Premium,English,,Classification Set 6: Which figure violates the invariant shared by the other three?,[visual choice],[visual choice],[visual choice],[visual choice],,B,"The odd figure contains two filled elements, while the others contain only one; rotation does not change that count.",,Count invariant features before judging orientation.,60,No calculator,True,Passed,Passed,Approved for Distribution
DOST-W2-127,2,Undergraduate,Part I — Logical Reasoning,Non-Verbal Reasoning,Non-Verbal Reasoning,NVR3 — Odd One Out and Classification,shared fill-count rule,NVR-ROT,Analysis/Evaluation,Moderate,Premium,English,,Classification Set 7: Which figure violates the invariant shared by the other three?,[visual choice],[visual choice],[visual choice],[visual choice],,C,"The odd figure contains two filled elements, while the others contain only one; rotation does not change that count.",,Count invariant features before judging orientation.,60,No calculator,True,Passed,Passed,Approved for Distribution
DOST-W2-128,2,Undergraduate,Part I — Logical Reasoning,Non-Verbal Reasoning,Non-Verbal Reasoning,NVR3 — Odd One Out and Classification,shared fill-count rule,NVR-ROT,Analysis/Evaluation,Moderate,Premium,English,,Classification Set 8: Which figure violates the invariant shared by the other three?,[visual choice],[visual choice],[visual choice],[visual choice],,D,"The odd figure contains two filled elements, while the others contain only one; rotation does not change that count.",,Count invariant features before judging orientation.,60,No calculator,True,Passed,Passed,Approved for Distribution
DOST-W2-129,2,Undergraduate,Part I — Logical Reasoning,Non-Verbal Reasoning,Non-Verbal Reasoning,NVR4 — Paper Folding and Hole Punching,reflection across fold lines,NVR-FOLD,Multi-step Application,Moderate,Free,English,W2-NVRFOLD-026,Folding Set 1: The dots show the punch position on the final folded packet. Which pattern appears after complete unfolding?,[visual choice],[visual choice],[visual choice],[visual choice],,A,Each fold creates a mirror copy of every existing hole when the sheet is unfolded in reverse order.,,Unfold one crease at a time and reflect the complete current pattern.,105,No calculator,True,Passed,Passed,Approved for Distribution
DOST-W2-130,2,Undergraduate,Part I — Logical Reasoning,Non-Verbal Reasoning,Non-Verbal Reasoning,NVR4 — Paper Folding and Hole Punching,reflection across fold lines,NVR-FOLD,Multi-step Application,Moderate,Premium,English,W2-NVRFOLD-027,Folding Set 2: The dots show the punch position on the final folded packet. Which pattern appears after complete unfolding?,[visual choice],[visual choice],[visual choice],[visual choice],,B,Each fold creates a mirror copy of every existing hole when the sheet is unfolded in reverse order.,,Unfold one crease at a time and reflect the complete current pattern.,105,No calculator,True,Passed,Passed,Approved for Distribution
DOST-W2-131,2,Undergraduate,Part I — Logical Reasoning,Non-Verbal Reasoning,Non-Verbal Reasoning,NVR4 — Paper Folding and Hole Punching,reflection across fold lines,NVR-FOLD,Multi-step Application,Moderate,Premium,English,W2-NVRFOLD-028,Folding Set 3: The dot shows the punch position on the final folded packet. Which pattern appears after complete unfolding?,[visual choice],[visual choice],[visual choice],[visual choice],,C,Each fold creates a mirror copy of every existing hole when the sheet is unfolded in reverse order.,,Unfold one crease at a time and reflect the complete current pattern.,105,No calculator,True,Passed,Passed,Approved for Distribution
DOST-W2-132,2,Undergraduate,Part I — Logical Reasoning,Non-Verbal Reasoning,Non-Verbal Reasoning,NVR4 — Paper Folding and Hole Punching,reflection across fold lines,NVR-FOLD,Multi-step Application,Moderate,Premium,English,W2-NVRFOLD-029,Folding Set 4: The dots show the punch position on the final folded packet. Which pattern appears after complete unfolding?,[visual choice],[visual choice],[visual choice],[visual choice],,D,Each fold creates a mirror copy of every existing hole when the sheet is unfolded in reverse order.,,Unfold one crease at a time and reflect the complete current pattern.,105,No calculator,True,Passed,Passed,Approved for Distribution
DOST-W2-133,2,Undergraduate,Part I — Logical Reasoning,Non-Verbal Reasoning,Non-Verbal Reasoning,NVR4 — Paper Folding and Hole Punching,reflection across fold lines,NVR-FOLD,Multi-step Application,Moderate,Premium,English,W2-NVRFOLD-030,Folding Set 5: The dots show the punch position on the final folded packet. Which pattern appears after complete unfolding?,[visual choice],[visual choice],[visual choice],[visual choice],,A,Each fold creates a mirror copy of every existing hole when the sheet is unfolded in reverse order.,,Unfold one crease at a time and reflect the complete current pattern.,105,No calculator,True,Passed,Passed,Approved for Distribution
DOST-W2-134,2,Undergraduate,Part I — Logical Reasoning,Non-Verbal Reasoning,Non-Verbal Reasoning,NVR4 — Paper Folding and Hole Punching,reflection across fold lines,NVR-FOLD,Multi-step Application,Moderate,Premium,English,W2-NVRFOLD-031,Folding Set 6: The dots show the punch position on the final folded packet. Which pattern appears after complete unfolding?,[visual choice],[visual choice],[visual choice],[visual choice],,B,Each fold creates a mirror copy of every existing hole when the sheet is unfolded in reverse order.,,Unfold one crease at a time and reflect the complete current pattern.,105,No calculator,True,Passed,Passed,Approved for Distribution
DOST-W2-135,2,Undergraduate,Part I — Logical Reasoning,Non-Verbal Reasoning,Non-Verbal Reasoning,NVR4 — Paper Folding and Hole Punching,reflection across fold lines,NVR-FOLD,Multi-step Application,Moderate,Premium,English,W2-NVRFOLD-032,Folding Set 7: The dots show the punch position on the final folded packet. Which pattern appears after complete unfolding?,[visual choice],[visual choice],[visual choice],[visual choice],,C,Each fold creates a mirror copy of every existing hole when the sheet is unfolded in reverse order.,,Unfold one crease at a time and reflect the complete current pattern.,105,No calculator,True,Passed,Passed,Approved for Distribution
DOST-W2-136,2,Undergraduate,Part I — Logical Reasoning,Non-Verbal Reasoning,Non-Verbal Reasoning,NVR4 — Paper Folding and Hole Punching,reflection across fold lines,NVR-FOLD,Multi-step Application,Moderate,Premium,English,W2-NVRFOLD-033,Folding Set 8: The dot shows the punch position on the final folded packet. Which pattern appears after complete unfolding?,[visual choice],[visual choice],[visual choice],[visual choice],,D,Each fold creates a mirror copy of every existing hole when the sheet is unfolded in reverse order.,,Unfold one crease at a time and reflect the complete current pattern.,105,No calculator,True,Passed,Passed,Approved for Distribution
DOST-W2-137,2,Undergraduate,Part I — Logical Reasoning,Non-Verbal Reasoning,Non-Verbal Reasoning,NVR5 — Cube Nets and Solid Rotation,opposite cube faces,NVR-VIEW,Multi-step Application,Moderate,Free,English,W2-NVRCUBE-034,Fold Cube Net 1. Which numbered face becomes opposite face 1?,6,2,3,4,,A,Following the folds places face 6 on the normal direction opposite face 1.,,Track face adjacency and orientation across each fold instead of relying on visual guessing.,85,No calculator,True,Passed,Passed,Approved for Distribution
DOST-W2-138,2,Undergraduate,Part I — Logical Reasoning,Non-Verbal Reasoning,Non-Verbal Reasoning,NVR5 — Cube Nets and Solid Rotation,opposite cube faces,NVR-VIEW,Multi-step Application,Moderate,Premium,English,W2-NVRCUBE-035,Fold Cube Net 2. Which numbered face becomes opposite face 2?,3,4,5,1,,B,Following the folds places face 4 on the normal direction opposite face 2.,,Track face adjacency and orientation across each fold instead of relying on visual guessing.,85,No calculator,True,Passed,Passed,Approved for Distribution
DOST-W2-139,2,Undergraduate,Part I — Logical Reasoning,Non-Verbal Reasoning,Non-Verbal Reasoning,NVR5 — Cube Nets and Solid Rotation,opposite cube faces,NVR-VIEW,Multi-step Application,Moderate,Premium,English,W2-NVRCUBE-036,Fold Cube Net 3. Which numbered face becomes opposite face 3?,4,1,6,2,,C,Following the folds places face 6 on the normal direction opposite face 3.,,Track face adjacency and orientation across each fold instead of relying on visual guessing.,85,No calculator,True,Passed,Passed,Approved for Distribution
DOST-W2-140,2,Undergraduate,Part I — Logical Reasoning,Non-Verbal Reasoning,Non-Verbal Reasoning,NVR5 — Cube Nets and Solid Rotation,opposite cube faces,NVR-VIEW,Multi-step Application,Moderate,Premium,English,W2-NVRCUBE-037,Fold Cube Net 4. Which numbered face becomes opposite face 4?,2,3,5,1,,D,Following the folds places face 1 on the normal direction opposite face 4.,,Track face adjacency and orientation across each fold instead of relying on visual guessing.,85,No calculator,True,Passed,Passed,Approved for Distribution
DOST-W2-141,2,Undergraduate,Part I — Logical Reasoning,Non-Verbal Reasoning,Non-Verbal Reasoning,NVR5 — Cube Nets and Solid Rotation,opposite cube faces,NVR-VIEW,Multi-step Application,Moderate,Premium,English,W2-NVRCUBE-038,Fold Cube Net 5. Which numbered face becomes opposite face 5?,1,2,3,4,,A,Following the folds places face 1 on the normal direction opposite face 5.,,Track face adjacency and orientation across each fold instead of relying on visual guessing.,85,No calculator,True,Passed,Passed,Approved for Distribution
DOST-W2-142,2,Undergraduate,Part I — Logical Reasoning,Non-Verbal Reasoning,Non-Verbal Reasoning,NVR5 — Cube Nets and Solid Rotation,opposite cube faces,NVR-VIEW,Multi-step Application,Moderate,Premium,English,W2-NVRCUBE-039,Fold Cube Net 6. Which numbered face becomes opposite face 6?,3,1,4,2,,B,Following the folds places face 1 on the normal direction opposite face 6.,,Track face adjacency and orientation across each fold instead of relying on visual guessing.,85,No calculator,True,Passed,Passed,Approved for Distribution
DOST-W2-143,2,Undergraduate,Part I — Logical Reasoning,Non-Verbal Reasoning,Non-Verbal Reasoning,NVR5 — Cube Nets and Solid Rotation,opposite cube faces,NVR-VIEW,Multi-step Application,Moderate,Premium,English,W2-NVRCUBE-040,Fold Cube Net 7. Which numbered face becomes opposite face 1?,4,2,6,3,,C,Following the folds places face 6 on the normal direction opposite face 1.,,Track face adjacency and orientation across each fold instead of relying on visual guessing.,85,No calculator,True,Passed,Passed,Approved for Distribution
DOST-W2-144,2,Undergraduate,Part I — Logical Reasoning,Non-Verbal Reasoning,Non-Verbal Reasoning,NVR5 — Cube Nets and Solid Rotation,opposite cube faces,NVR-VIEW,Multi-step Application,Moderate,Premium,English,W2-NVRCUBE-041,Fold Cube Net 8. Which numbered face becomes opposite face 2?,1,3,5,4,,D,Following the folds places face 4 on the normal direction opposite face 2.,,Track face adjacency and orientation across each fold instead of relying on visual guessing.,85,No calculator,True,Passed,Passed,Approved for Distribution
DOST-W2-145,2,Undergraduate,Part I — Logical Reasoning,Non-Verbal Reasoning,Non-Verbal Reasoning,NVR6 — Block Counting and Orthographic Views,volume from stack heights,NVR-VIEW,Multi-step Application,Easy,Free,English,W2-NVRBLOCK-042,Stack Map 1: What is the total number of unit cubes represented by the height map?,9,11,7,13,,A,Adding all stack heights gives 9 unit cubes.,Sum the entries in the height map: 9.,A stack-height top view converts the volume into a sum.,75,No calculator,True,Passed,Passed,Approved for Distribution
DOST-W2-146,2,Undergraduate,Part I — Logical Reasoning,Non-Verbal Reasoning,Non-Verbal Reasoning,NVR6 — Block Counting and Orthographic Views,volume from stack heights,NVR-VIEW,Multi-step Application,Easy,Premium,English,W2-NVRBLOCK-043,Stack Map 2: What is the total number of unit cubes represented by the height map?,11,13,17,15,,B,Adding all stack heights gives 13 unit cubes.,Sum the entries in the height map: 13.,A stack-height top view converts the volume into a sum.,75,No calculator,True,Passed,Passed,Approved for Distribution
DOST-W2-147,2,Undergraduate,Part I — Logical Reasoning,Non-Verbal Reasoning,Non-Verbal Reasoning,NVR6 — Block Counting and Orthographic Views,volume from stack heights,NVR-VIEW,Multi-step Application,Moderate,Premium,English,W2-NVRBLOCK-044,Stack Map 3: What is the total number of unit cubes represented by the height map?,19,17,15,13,,C,Adding all stack heights gives 15 unit cubes.,Sum the entries in the height map: 15.,A stack-height top view converts the volume into a sum.,75,No calculator,True,Passed,Passed,Approved for Distribution
DOST-W2-148,2,Undergraduate,Part I — Logical Reasoning,Non-Verbal Reasoning,Non-Verbal Reasoning,NVR6 — Block Counting and Orthographic Views,volume from stack heights,NVR-VIEW,Multi-step Application,Moderate,Premium,English,W2-NVRBLOCK-045,Stack Map 4: What is the total number of unit cubes represented by the height map?,14,10,16,12,,D,Adding all stack heights gives 12 unit cubes.,Sum the entries in the height map: 12.,A stack-height top view converts the volume into a sum.,75,No calculator,True,Passed,Passed,Approved for Distribution
DOST-W2-149,2,Undergraduate,Part I — Logical Reasoning,Non-Verbal Reasoning,Non-Verbal Reasoning,NVR6 — Block Counting and Orthographic Views,volume from stack heights,NVR-VIEW,Multi-step Application,Moderate,Premium,English,W2-NVRBLOCK-046,Stack Map 5: What is the total number of unit cubes represented by the height map?,13,15,11,17,,A,Adding all stack heights gives 13 unit cubes.,Sum the entries in the height map: 13.,A stack-height top view converts the volume into a sum.,75,No calculator,True,Passed,Passed,Approved for Distribution
DOST-W2-150,2,Undergraduate,Part I — Logical Reasoning,Non-Verbal Reasoning,Non-Verbal Reasoning,NVR6 — Block Counting and Orthographic Views,volume from stack heights,NVR-VIEW,Multi-step Application,Moderate,Premium,English,W2-NVRBLOCK-047,Stack Map 6: What is the total number of unit cubes represented by the height map?,11,13,17,15,,B,Adding all stack heights gives 13 unit cubes.,Sum the entries in the height map: 13.,A stack-height top view converts the volume into a sum.,75,No calculator,True,Passed,Passed,Approved for Distribution
DOST-W2-151,2,Undergraduate,Part I — Logical Reasoning,Non-Verbal Reasoning,Non-Verbal Reasoning,NVR6 — Block Counting and Orthographic Views,volume from stack heights,NVR-VIEW,Multi-step Application,Moderate,Premium,English,W2-NVRBLOCK-048,Stack Map 7: What is the total number of unit cubes represented by the height map?,20,18,16,14,,C,Adding all stack heights gives 16 unit cubes.,Sum the entries in the height map: 16.,A stack-height top view converts the volume into a sum.,75,No calculator,True,Passed,Passed,Approved for Distribution
DOST-W2-152,2,Undergraduate,Part I — Logical Reasoning,Non-Verbal Reasoning,Non-Verbal Reasoning,NVR6 — Block Counting and Orthographic Views,volume from stack heights,NVR-VIEW,Multi-step Application,Moderate,Premium,English,W2-NVRBLOCK-049,Stack Map 8: What is the total number of unit cubes represented by the height map?,14,10,16,12,,D,Adding all stack heights gives 12 unit cubes.,Sum the entries in the height map: 12.,A stack-height top view converts the volume into a sum.,75,No calculator,True,Passed,Passed,Approved for Distribution
DOST-W2-153,2,Undergraduate,Part I — Logical Reasoning,Non-Verbal Reasoning,Non-Verbal Reasoning,NVR8 — Navigation and Rule-Following,coordinate route tracking,NVR-PATH,Multi-step Application,Easy,Free,English,W2-NVRPATH-050,"Route Set 1: What endpoint is reached, written as (horizontal, vertical)?","(2, 2)","(1, 3)","(3, 1)","(4, 2)",,A,"Following the route step by step ends at (2, 2).",,Update one coordinate after each horizontal or vertical movement.,70,No calculator,True,Passed,Passed,Approved for Distribution
DOST-W2-154,2,Undergraduate,Part I — Logical Reasoning,Non-Verbal Reasoning,Non-Verbal Reasoning,NVR8 — Navigation and Rule-Following,coordinate route tracking,NVR-PATH,Multi-step Application,Easy,Premium,English,W2-NVRPATH-051,"Route Set 2: What endpoint is reached, written as (horizontal, vertical)?","(3, 2)","(2, 3)","(1, 3)","(2, 4)",,B,"Following the route step by step ends at (2, 3).",,Update one coordinate after each horizontal or vertical movement.,70,No calculator,True,Passed,Passed,Approved for Distribution
DOST-W2-155,2,Undergraduate,Part I — Logical Reasoning,Non-Verbal Reasoning,Non-Verbal Reasoning,NVR8 — Navigation and Rule-Following,coordinate route tracking,NVR-PATH,Multi-step Application,Easy,Premium,English,W2-NVRPATH-052,"Route Set 3: What endpoint is reached, written as (horizontal, vertical)?","(3, 2)","(1, 3)","(2, 3)","(2, 4)",,C,"Following the route step by step ends at (2, 3).",,Update one coordinate after each horizontal or vertical movement.,70,No calculator,True,Passed,Passed,Approved for Distribution
DOST-W2-156,2,Undergraduate,Part I — Logical Reasoning,Non-Verbal Reasoning,Non-Verbal Reasoning,NVR8 — Navigation and Rule-Following,coordinate route tracking,NVR-PATH,Multi-step Application,Easy,Premium,English,W2-NVRPATH-053,"Route Set 4: What endpoint is reached, written as (horizontal, vertical)?","(2, 4)","(4, 2)","(5, 3)","(3, 3)",,D,"Following the route step by step ends at (3, 3).",,Update one coordinate after each horizontal or vertical movement.,70,No calculator,True,Passed,Passed,Approved for Distribution
DOST-W2-157,2,Undergraduate,Part I — Logical Reasoning,Non-Verbal Reasoning,Non-Verbal Reasoning,NVR7 — Piece Assembly and Tangram Logic,combining congruent pieces,NVR-VIEW,Multi-step Application,Easy,Free,English,W2-NVRPATH-054,"Piece Assembly 1: Without overlap, which complete shape can the two congruent right triangles form?",a square,a circle,a regular pentagon,a shape with a curved boundary,,A,Two congruent right triangles can be joined along their hypotenuses to form a square.,,Match equal edges and preserve total area when assembling pieces.,70,No calculator,True,Passed,Passed,Approved for Distribution
DOST-W2-158,2,Undergraduate,Part I — Logical Reasoning,Non-Verbal Reasoning,Non-Verbal Reasoning,NVR7 — Piece Assembly and Tangram Logic,matching curved boundaries,NVR-VIEW,Multi-step Application,Easy,Premium,English,W2-NVRPATH-055,Piece Assembly 2: Which complete figure can be formed by joining the straight edges of the two pieces?,a triangle,a circle,a square,a regular hexagon,,B,Joining the diameters of two congruent semicircles produces a complete circle.,,Identify complementary boundaries and the combined outline.,70,No calculator,True,Passed,Passed,Approved for Distribution
DOST-W2-159,2,Undergraduate,Part I — Logical Reasoning,Non-Verbal Reasoning,Non-Verbal Reasoning,NVR9 — Hidden Figures and Spatial Inspection,embedded exact figure,NVR-VIEW,Multi-step Application,Easy,Free,English,W2-NVRPATH-056,"Hidden Figure 1: Which option contains the reference line figure exactly, without changing its proportions or connections?",[visual choice],[visual choice],[visual choice],[visual choice],,C,The keyed option preserves the exact four-segment zigzag and the vertical branch from the first peak; extra surrounding lines do not change the embedded figure.,,Ignore extra lines and trace only the exact reference connections.,70,No calculator,True,Passed,Passed,Approved for Distribution
DOST-W2-160,2,Undergraduate,Part I — Logical Reasoning,Non-Verbal Reasoning,Non-Verbal Reasoning,NVR9 — Hidden Figures and Spatial Inspection,embedded exact figure,NVR-VIEW,Multi-step Application,Easy,Premium,English,W2-NVRPATH-057,"Hidden Figure 2: Which option contains the reference line figure exactly, without changing its proportions or connections?",[visual choice],[visual choice],[visual choice],[visual choice],,D,The keyed option preserves the exact four-segment zigzag and the vertical branch from the first peak; extra surrounding lines do not change the embedded figure.,,Ignore extra lines and trace only the exact reference connections.,70,No calculator,True,Passed,Passed,Approved for Distribution
DOST-W2-161,2,Undergraduate,Part II — Power Test,Science,Biology,BIO1 — Cells and Microscopy,membrane transport,SCI-APP,Single-step Application,Moderate,Free,English,,A cell is placed in a solution with a lower solute concentration than its cytoplasm. What will most likely happen?,Water enters the cell by osmosis.,Water leaves the cell by osmosis.,Solute always leaves by active transport.,The membrane becomes a cell wall.,,A,"Water moves toward the region with higher effective solute concentration, so it enters the cell.",,Hypotonic surroundings drive net water entry.,80,No calculator,False,Passed,Passed,Approved for Distribution
DOST-W2-162,2,Undergraduate,Part II — Power Test,Science,Biology,BIO1 — Cells and Microscopy,prokaryotic cells,SCI-APP,Recognition/Recall,Easy,Free,English,,Which feature distinguishes a bacterial cell from a typical plant cell?,It has DNA.,It lacks a membrane-bound nucleus.,It contains ribosomes.,It has a cell membrane.,,B,"Bacteria have DNA, ribosomes, and cell membranes, but no membrane-bound nucleus.",,Prokaryotes lack membrane-bound organelles.,80,No calculator,False,Passed,Passed,Approved for Distribution
DOST-W2-163,2,Undergraduate,Part II — Power Test,Science,Biology,BIO1 — Cells and Microscopy,microscope field of view,SCI-APP,Analysis/Evaluation,Moderate,Premium,English,,"When a microscope is changed from low power to high power, the field of view generally becomes:",larger and brighter,unchanged in size,smaller and usually dimmer,completely colorless,,C,Higher magnification shows a smaller area and commonly reduces brightness.,,Greater magnification trades field size and often brightness for detail.,105,No calculator,False,Passed,Passed,Approved for Distribution
DOST-W2-164,2,Undergraduate,Part II — Power Test,Science,Biology,BIO1 — Cells and Microscopy,cell specialization,SCI-APP,Single-step Application,Moderate,Premium,English,,A cell contains many mitochondria and contractile proteins. Which function is it most adapted to perform?,Storage of genetic information only,Photosynthesis,Production of cell walls,Rapid contraction,,D,Muscle cells require ATP from mitochondria and contractile proteins for movement.,,Specialized structures reflect a cell's dominant function.,105,No calculator,False,Passed,Passed,Approved for Distribution
DOST-W2-165,2,Undergraduate,Part II — Power Test,Science,Biology,BIO1 — Cells and Microscopy,mitosis,SCI-APP,Recognition/Recall,Easy,Premium,English,,A diploid body cell with 12 chromosomes undergoes normal mitosis. How many chromosomes will each daughter cell have?,12,6,24,48,,A,"Mitosis preserves chromosome number, producing daughter cells with 12 chromosomes each.",,Mitosis maintains ploidy and chromosome count.,80,No calculator,False,Passed,Passed,Approved for Distribution
DOST-W2-166,2,Undergraduate,Part II — Power Test,Science,Biology,BIO1 — Cells and Microscopy,cell-cycle control,SCI-APP,Analysis/Evaluation,Difficult,Premium,English,,Why can a mutation in a cell-cycle checkpoint gene contribute to cancer?,It forces every cell to become a gamete.,It may allow damaged cells to continue dividing.,It removes all DNA from the cell.,It prevents protein synthesis in every tissue.,,B,Checkpoint failure can permit cells with DNA damage to divide instead of stopping or undergoing repair.,,Cancer can result when regulation of cell division fails.,135,No calculator,False,Passed,Passed,Approved for Distribution
DOST-W2-167,2,Undergraduate,Part II — Power Test,Science,Biology,BIO2 — Biomolecules and Metabolism,enzyme specificity,SCI-APP,Analysis/Evaluation,Moderate,Free,English,,Why does an enzyme usually catalyze only a limited set of reactions?,It contains no atoms.,All substrates are identical.,Its active site has a specific shape and chemical environment.,It permanently becomes part of the product.,,C,Only substrates with compatible shape and interactions bind effectively to the active site.,,Enzyme specificity depends on active-site structure.,105,No calculator,False,Passed,Passed,Approved for Distribution
DOST-W2-168,2,Undergraduate,Part II — Power Test,Science,Biology,BIO2 — Biomolecules and Metabolism,photosynthesis,SCI-APP,Recognition/Recall,Moderate,Premium,English,,Which event occurs during the light-dependent reactions of photosynthesis?,Carbon dioxide is directly converted into glucose without energy input.,Glucose is broken down to pyruvate.,Nitrogen gas is fixed in every leaf cell.,Light energy drives production of ATP and NADPH.,,D,The light reactions capture energy to produce ATP and NADPH for carbon fixation.,,Separate light-dependent energy capture from the Calvin cycle.,105,No calculator,False,Passed,Passed,Approved for Distribution
DOST-W2-169,2,Undergraduate,Part II — Power Test,Science,Biology,BIO2 — Biomolecules and Metabolism,respiration,SCI-APP,Recognition/Recall,Moderate,Premium,English,,Which stage of cellular respiration produces the most ATP in aerobic cells?,Oxidative phosphorylation,Glycolysis,Fermentation,Pyruvate formation only,,A,The electron transport chain and chemiosmosis generate most ATP.,,Most aerobic ATP comes from oxidative phosphorylation.,105,No calculator,False,Passed,Passed,Approved for Distribution
DOST-W2-170,2,Undergraduate,Part II — Power Test,Science,Biology,BIO2 — Biomolecules and Metabolism,lipids,SCI-APP,Analysis/Evaluation,Moderate,Premium,English,,Why are triglycerides effective long-term energy stores?,They dissolve freely in blood without transport.,They contain many energy-rich carbon-hydrogen bonds.,They are made only of amino acids.,They cannot be metabolized.,,B,Reduced carbon-hydrogen bonds release substantial energy when oxidized.,,Lipids store more energy per gram than carbohydrates.,105,No calculator,False,Passed,Passed,Approved for Distribution
DOST-W2-171,2,Undergraduate,Part II — Power Test,Science,Biology,BIO2 — Biomolecules and Metabolism,protein denaturation,SCI-APP,Single-step Application,Moderate,Premium,English,,A protein loses its three-dimensional shape after exposure to high temperature. What is the most likely consequence?,Its amino-acid sequence always doubles.,It becomes DNA.,Its function may be reduced or lost.,It gains unlimited catalytic activity.,,C,"Protein function depends on shape, especially at binding or active sites.",,Denaturation alters structure and often function.,80,No calculator,False,Passed,Passed,Approved for Distribution
DOST-W2-172,2,Undergraduate,Part II — Power Test,Science,Biology,BIO2 — Biomolecules and Metabolism,ATP,SCI-APP,Analysis/Evaluation,Difficult,Premium,English,,Why is ATP described as an immediate energy carrier rather than a long-term energy store?,It cannot participate in reactions.,It contains no chemical bonds.,It is stored only in bones.,It can rapidly transfer energy through phosphate-group reactions.,,D,ATP is continuously regenerated and quickly couples energy-releasing and energy-requiring processes.,,ATP is used and regenerated rapidly in cells.,135,No calculator,False,Passed,Passed,Approved for Distribution
DOST-W2-173,2,Undergraduate,Part II — Power Test,Science,Biology,BIO3 — Genetics and Molecular Biology,DNA replication,SCI-APP,Recognition/Recall,Moderate,Free,English,,Why is DNA replication described as semiconservative?,Each new DNA molecule contains one original strand and one newly synthesized strand.,Half of the genes are deleted.,Only one chromosome replicates.,The cell conserves half its ATP.,,A,Each daughter double helix retains one parental strand paired with one new strand.,,Semiconservative replication preserves one old strand in each copy.,105,No calculator,False,Passed,Passed,Approved for Distribution
DOST-W2-174,2,Undergraduate,Part II — Power Test,Science,Biology,BIO3 — Genetics and Molecular Biology,protein synthesis,SCI-APP,Recognition/Recall,Easy,Premium,English,,What is the role of transfer RNA during translation?,It stores all chromosomes.,It carries amino acids and matches anticodons with mRNA codons.,It copies DNA in the nucleus.,It breaks down lipids.,,B,tRNA brings specific amino acids and pairs its anticodon with an mRNA codon.,,tRNA links codon information to amino-acid sequence.,80,No calculator,False,Passed,Passed,Approved for Distribution
DOST-W2-175,2,Undergraduate,Part II — Power Test,Science,Biology,BIO3 — Genetics and Molecular Biology,codominance,SCI-APP,Recognition/Recall,Easy,Premium,English,,A person with blood type AB expresses both A and B antigens. This is an example of:,complete dominance,recessive lethality,codominance,polyploidy,,C,Both alleles are fully expressed in the heterozygote.,,Codominant alleles are both detectably expressed.,80,No calculator,False,Passed,Passed,Approved for Distribution
DOST-W2-176,2,Undergraduate,Part II — Power Test,Science,Biology,BIO3 — Genetics and Molecular Biology,sex-linked inheritance,SCI-APP,Analysis/Evaluation,Moderate,Premium,English,,A recessive X-linked trait is more common in males because males:,have no chromosomes,inherit two X chromosomes from the father,cannot carry recessive alleles,have only one X chromosome,,D,A male's single X-linked recessive allele is expressed because there is no second X allele to mask it.,,Hemizygosity exposes recessive X-linked alleles in males.,105,No calculator,False,Passed,Passed,Approved for Distribution
DOST-W2-177,2,Undergraduate,Part II — Power Test,Science,Biology,BIO3 — Genetics and Molecular Biology,dihybrid probability,SCI-APP,Multi-step Application,Moderate,Premium,English,,Two genes assort independently. An AaBb individual produces which gamete with probability 1/4?,"AB, Ab, aB, or ab each with probability 1/4",AB only,Aa,Bb,,A,Independent segregation gives four equally likely allele combinations.,,"For AaBb, multiply 1/2 probabilities for each allele choice.",105,No calculator,False,Passed,Passed,Approved for Distribution
DOST-W2-178,2,Undergraduate,Part II — Power Test,Science,Biology,BIO3 — Genetics and Molecular Biology,gene expression,SCI-APP,Analysis/Evaluation,Moderate,Premium,English,,Two cells contain the same DNA but produce different proteins. What best explains this?,One cell has no ribosomes.,Different genes are active in the two cells.,DNA sequence never affects protein production.,Proteins determine all DNA sequence changes.,,B,Cell specialization depends largely on differential gene expression.,,Cells with the same genome can express different gene sets.,105,No calculator,False,Passed,Passed,Approved for Distribution
DOST-W2-179,2,Undergraduate,Part II — Power Test,Science,Biology,BIO3 — Genetics and Molecular Biology,mutation,SCI-APP,Recognition/Recall,Moderate,Premium,English,,A frameshift mutation is most likely caused by:,replacement of one amino acid with an identical one,chromosome replication without error,insertion or deletion of nucleotides not in multiples of three,normal crossing over,,C,Such insertions or deletions shift the codon-reading frame downstream.,,Frameshifts alter how codons are grouped.,135,No calculator,False,Passed,Passed,Approved for Distribution
DOST-W2-180,2,Undergraduate,Part II — Power Test,Science,Biology,BIO3 — Genetics and Molecular Biology,pedigree,SCI-APP,Analysis/Evaluation,Difficult,Premium,English,,An affected father passes a trait to all daughters but no sons. Which pattern is most consistent?,Y-linked,autosomal recessive only,mitochondrial inheritance,X-linked dominant,,D,An affected father gives his X chromosome to every daughter and his Y chromosome to every son.,,Trace which sex chromosome each parent transmits.,135,No calculator,False,Passed,Passed,Approved for Distribution
DOST-W2-181,2,Undergraduate,Part II — Power Test,Science,Biology,BIO4 — Evolution and Classification,natural selection,SCI-APP,Analysis/Evaluation,Moderate,Free,English,,A population of bacteria becomes resistant after repeated antibiotic exposure. Which process directly changes allele frequencies?,Resistant cells survive and reproduce more successfully.,Each bacterium chooses to mutate.,The antibiotic creates identical useful mutations in all cells.,Resistance is learned and inherited.,,A,Differential survival and reproduction increase the frequency of resistance alleles.,,Selection acts on heritable variation.,105,No calculator,False,Passed,Passed,Approved for Distribution
DOST-W2-182,2,Undergraduate,Part II — Power Test,Science,Biology,BIO4 — Evolution and Classification,speciation,SCI-APP,Analysis/Evaluation,Difficult,Premium,English,,Two populations of the same species become geographically isolated for many generations. What condition would provide strongest evidence that speciation occurred?,They live in different places temporarily.,They can no longer produce fertile offspring together.,They have different diets for one week.,One population is larger.,,B,Reproductive isolation is central evidence of biological speciation.,,Speciation involves persistent reproductive isolation.,135,No calculator,False,Passed,Passed,Approved for Distribution
DOST-W2-183,2,Undergraduate,Part II — Power Test,Science,Biology,BIO4 — Evolution and Classification,analogous structures,SCI-APP,Recognition/Recall,Easy,Premium,English,,Bird wings and insect wings perform similar functions but evolved from different ancestral structures. They are:,homologous,vestigial,analogous,identical genes,,C,Similar function without shared structural origin indicates analogy.,,Analogous structures often result from convergent evolution.,80,No calculator,False,Passed,Passed,Approved for Distribution
DOST-W2-184,2,Undergraduate,Part II — Power Test,Science,Biology,BIO4 — Evolution and Classification,phylogeny,SCI-APP,Analysis/Evaluation,Moderate,Premium,English,,"On a phylogenetic tree, two species sharing a more recent common ancestor are generally:",always identical in appearance,the same species,unrelated genetically,more closely related,,D,A more recent branching point indicates closer evolutionary relationship.,,"Relatedness is inferred from common ancestry, not superficial similarity alone.",105,No calculator,False,Passed,Passed,Approved for Distribution
DOST-W2-185,2,Undergraduate,Part II — Power Test,Science,Biology,BIO4 — Evolution and Classification,classification,SCI-APP,Recognition/Recall,Easy,Premium,English,,Which sequence moves from broader to more specific taxonomic rank?,kingdom → phylum → class → order,species → genus → family → order,class → kingdom → species → phylum,genus → kingdom → family → species,,A,"The standard hierarchy narrows from kingdom to phylum, class, order, family, genus, and species.",,Taxonomic ranks become increasingly specific.,80,No calculator,False,Passed,Passed,Approved for Distribution
DOST-W2-186,2,Undergraduate,Part II — Power Test,Science,Biology,BIO4 — Evolution and Classification,genetic evidence,SCI-APP,Analysis/Evaluation,Moderate,Premium,English,,Why are DNA sequence comparisons useful in reconstructing evolutionary relationships?,DNA is unaffected by inheritance.,More similar sequences often indicate more recent common ancestry.,All organisms have identical DNA.,Sequence similarity proves identical habitats.,,B,Inherited molecular similarities can preserve evidence of shared ancestry.,,Molecular data complement anatomical and fossil evidence.,105,No calculator,False,Passed,Passed,Approved for Distribution
DOST-W2-187,2,Undergraduate,Part II — Power Test,Science,Biology,BIO5 — Ecology and Populations,carrying capacity,SCI-APP,Analysis/Evaluation,Moderate,Free,English,,"A population grows rapidly, then levels off around a stable size. The leveling most likely reflects:",absence of reproduction,unlimited food,carrying capacity and limiting resources,loss of all competition,,C,Resource limits and environmental resistance stabilize population size near carrying capacity.,,Logistic growth slows as limiting factors intensify.,105,No calculator,False,Passed,Passed,Approved for Distribution
DOST-W2-188,2,Undergraduate,Part II — Power Test,Science,Biology,BIO5 — Ecology and Populations,succession,SCI-APP,Recognition/Recall,Easy,Premium,English,,"After a volcanic eruption creates bare rock with no soil, the first long-term community development is:",secondary succession,artificial selection,biomagnification,primary succession,,D,Primary succession begins where soil is absent.,,Primary succession starts on newly exposed surfaces.,80,No calculator,False,Passed,Passed,Approved for Distribution
DOST-W2-189,2,Undergraduate,Part II — Power Test,Science,Biology,BIO5 — Ecology and Populations,biomagnification,SCI-APP,Analysis/Evaluation,Moderate,Premium,English,,Why can top predators accumulate high concentrations of a persistent toxin?,The toxin becomes more concentrated at higher trophic levels.,Predators create the toxin from sunlight.,Producers contain no chemicals.,Energy pyramids remove all pollutants.,,A,Persistent compounds stored in tissues can increase in concentration through food chains.,,Biomagnification is greatest in organisms high in the food web.,105,No calculator,False,Passed,Passed,Approved for Distribution
DOST-W2-190,2,Undergraduate,Part II — Power Test,Science,Biology,BIO5 — Ecology and Populations,invasive species,SCI-APP,Analysis/Evaluation,Difficult,Premium,English,,An introduced predator has no natural enemies and rapidly reduces native prey populations. What is the most direct ecological concern?,Immediate formation of a new planet,Disruption of food-web balance,Elimination of all mutation,Conversion of consumers into producers,,B,Rapid predation can alter abundance and interactions throughout the food web.,,Invasive species can strongly disrupt established ecological relationships.,105,No calculator,False,Passed,Passed,Approved for Distribution
DOST-W2-191,2,Undergraduate,Part II — Power Test,Science,Biology,BIO5 — Ecology and Populations,carbon cycle,SCI-APP,Recognition/Recall,Easy,Premium,English,,Which process removes carbon dioxide from the atmosphere and stores carbon in organic molecules?,cellular respiration,combustion,photosynthesis,decomposition only,,C,Photosynthetic organisms fix atmospheric carbon dioxide into organic compounds.,,Photosynthesis is a major biological carbon sink.,80,No calculator,False,Passed,Passed,Approved for Distribution
DOST-W2-192,2,Undergraduate,Part II — Power Test,Science,Biology,BIO5 — Ecology and Populations,population sampling,SCI-APP,Analysis/Evaluation,Difficult,Premium,English,,Why is random placement of quadrats important when estimating plant density?,It guarantees every plant is counted.,It eliminates natural variation.,It makes sample size irrelevant.,It reduces selection bias.,,D,Random placement prevents the observer from choosing unusually dense or sparse areas.,,Random sampling improves representativeness.,135,No calculator,False,Passed,Passed,Approved for Distribution
DOST-W2-193,2,Undergraduate,Part II — Power Test,Science,Biology,BIO6 — Human Systems and Reproduction,circulation,SCI-APP,Recognition/Recall,Easy,Free,English,,Which chamber pumps oxygenated blood to the systemic circulation?,left ventricle,right atrium,right ventricle,left atrium,,A,The left ventricle pumps oxygenated blood through the aorta to the body.,,Trace blood flow through the four heart chambers.,80,No calculator,False,Passed,Passed,Approved for Distribution
DOST-W2-194,2,Undergraduate,Part II — Power Test,Science,Biology,BIO6 — Human Systems and Reproduction,homeostasis,SCI-APP,Analysis/Evaluation,Difficult,Premium,English,,"When body temperature rises, sweating and skin vasodilation help restore normal temperature. This is an example of:",positive feedback,negative feedback,genetic drift,active immunity,,B,The response opposes the initial change and brings the variable back toward its set range.,,Negative feedback stabilizes internal conditions.,105,No calculator,False,Passed,Passed,Approved for Distribution
DOST-W2-195,2,Undergraduate,Part II — Power Test,Science,Biology,BIO6 — Human Systems and Reproduction,digestion,SCI-APP,Recognition/Recall,Easy,Premium,English,,Where does most absorption of digested nutrients occur?,stomach,large intestine only,small intestine,esophagus,,C,Villi and microvilli provide a large absorptive surface in the small intestine.,,Structure and surface area support nutrient absorption.,80,No calculator,False,Passed,Passed,Approved for Distribution
DOST-W2-196,2,Undergraduate,Part II — Power Test,Science,Biology,BIO6 — Human Systems and Reproduction,endocrine control,SCI-APP,Single-step Application,Moderate,Premium,English,,"After a carbohydrate-rich meal, insulin helps lower blood glucose by promoting:",release of glucose from glycogen only,breakdown of all proteins,secretion of stomach acid,cellular uptake and storage of glucose,,D,Insulin stimulates cells to take up glucose and promotes glycogen synthesis.,,Insulin lowers blood glucose; glucagon raises it.,105,No calculator,False,Passed,Passed,Approved for Distribution
DOST-W2-197,2,Undergraduate,Part II — Power Test,Science,Biology,BIO7 — Scientific Investigation,experimental design,SCI-APP,Analysis/Evaluation,Moderate,Free,English,,A class tests whether fertilizer concentration affects plant height. Which variable should be kept constant?,plant species and light exposure,fertilizer concentration,plant height,the final conclusion,,A,Species and light are potential confounders and should be controlled.,,Control factors other than the independent variable.,80,No calculator,False,Passed,Passed,Approved for Distribution
DOST-W2-198,2,Undergraduate,Part II — Power Test,Science,Biology,BIO7 — Scientific Investigation,correlation,SCI-APP,Analysis/Evaluation,Difficult,Premium,English,,A graph shows that cities with more parks tend to have lower average temperatures. Which conclusion is safest?,Parks are the only cause of temperature differences.,"More parks are associated with lower temperatures, but other factors may contribute.",Every new park lowers temperature by exactly 1°C.,Temperature causes all parks to form.,,B,The graph supports association but not a fully controlled causal claim.,,Correlation alone does not establish causation.,135,No calculator,False,Passed,Passed,Approved for Distribution
DOST-W2-199,2,Undergraduate,Part II — Power Test,Science,Biology,BIO7 — Scientific Investigation,sample size,SCI-APP,Analysis/Evaluation,Difficult,Premium,English,,Why does increasing sample size often improve confidence in an estimated mean?,It guarantees zero measurement error.,It removes the need for random sampling.,It reduces the influence of unusual individual observations.,It changes every value to the same number.,,C,Larger samples usually give a more stable estimate of the population mean.,,"Sample size affects precision, not automatic correctness.",105,No calculator,False,Passed,Passed,Approved for Distribution
DOST-W2-200,2,Undergraduate,Part II — Power Test,Science,Biology,BIO7 — Scientific Investigation,peer review,SCI-APP,Analysis/Evaluation,Difficult,Premium,English,,What is a primary purpose of peer review in science?,To guarantee that findings are permanently correct,To replace data collection,To keep all results secret,"To evaluate methods, reasoning, and evidence before publication",,D,Peer reviewers scrutinize whether conclusions are supported and methods are appropriate.,,"Peer review is quality control, not proof of infallibility.",105,No calculator,False,Passed,Passed,Approved for Distribution
DOST-W2-201,2,Undergraduate,Part II — Power Test,Science,Chemistry,"CHEM1 — Matter, Measurement, and Atomic Structure",atomic number,SCI-APP,Single-step Application,Moderate,Free,English,,An ion has 12 protons and 10 electrons. What is its charge?,2+,2−,1−,1+,,A,"There are two more protons than electrons, so the net charge is 2+.",charge = 12 − 10 = +2,Net charge equals proton count minus electron count.,85,No calculator,False,Passed,Passed,Approved for Distribution
DOST-W2-202,2,Undergraduate,Part II — Power Test,Science,Chemistry,"CHEM1 — Matter, Measurement, and Atomic Structure",isotope notation,SCI-APP,Single-step Application,Moderate,Free,English,,An isotope has 15 protons and 16 neutrons. What is its mass number?,15,31,16,1,,B,Mass number equals protons plus neutrons: 15+16=31.,15 + 16 = 31,Mass number counts protons and neutrons.,85,No calculator,False,Passed,Passed,Approved for Distribution
DOST-W2-203,2,Undergraduate,Part II — Power Test,Science,Chemistry,"CHEM1 — Matter, Measurement, and Atomic Structure",electron arrangement,SCI-APP,Recognition/Recall,Easy,Premium,English,,Which electron arrangement is most consistent with a neutral sodium atom?,"2,7,2","2,8,8","2,8,1","1,8,2",,C,"Sodium has atomic number 11, so its electrons arrange as 2,8,1 in a simple shell model.",,The total electrons in a neutral atom equal atomic number.,85,No calculator,False,Passed,Passed,Approved for Distribution
DOST-W2-204,2,Undergraduate,Part II — Power Test,Science,Chemistry,"CHEM1 — Matter, Measurement, and Atomic Structure",periodic trend,SCI-APP,Recognition/Recall,Easy,Premium,English,,"Which element generally has the highest electronegativity among C, N, O, and F?",C,N,O,F,,D,"Electronegativity generally increases across a period, making fluorine highest among these elements.",,"Across a period, attraction for bonding electrons generally increases.",110,No calculator,False,Passed,Passed,Approved for Distribution
DOST-W2-205,2,Undergraduate,Part II — Power Test,Science,Chemistry,"CHEM1 — Matter, Measurement, and Atomic Structure",significant figures,SCI-APP,Recognition/Recall,Easy,Premium,English,,How many significant figures are in 0.00450?,3,2,4,5,,A,"Leading zeros are not significant; the digits 4, 5, and the trailing zero after the decimal are significant.",,Leading zeros are placeholders; trailing decimal zeros can be significant.,110,No calculator,False,Passed,Passed,Approved for Distribution
DOST-W2-206,2,Undergraduate,Part II — Power Test,Science,Chemistry,"CHEM1 — Matter, Measurement, and Atomic Structure",density,SCI-APP,Single-step Application,Moderate,Premium,English,,A metal sample has mass 54 g and volume 20 cm³. What is its density?,0.37 g/cm³,2.7 g/cm³,34 g/cm³,74 g/cm³,,B,Density=mass/volume=54/20=2.7 g/cm³.,54 ÷ 20 = 2.7,Density is mass per unit volume.,85,No calculator,False,Passed,Passed,Approved for Distribution
DOST-W2-207,2,Undergraduate,Part II — Power Test,Science,Chemistry,CHEM2 — Periodic Trends and Bonding,ionic radius,SCI-APP,Analysis/Evaluation,Difficult,Free,English,,"Compared with a neutral magnesium atom, Mg²⁺ is smaller mainly because it:",gains an electron shell,has fewer protons,loses its outer electrons and has less electron-electron repulsion,becomes a nonmetal,,C,Loss of the outer shell and reduced electron repulsion allow the remaining electrons to be held more closely.,,Cations are generally smaller than their neutral atoms.,145,No calculator,False,Passed,Passed,Approved for Distribution
DOST-W2-208,2,Undergraduate,Part II — Power Test,Science,Chemistry,CHEM2 — Periodic Trends and Bonding,bond polarity,SCI-APP,Recognition/Recall,Moderate,Premium,English,,Which bond is expected to be most polar?,H–H,C–C,Cl–Cl,H–F,,D,H–F has the largest electronegativity difference among the choices.,,Greater electronegativity difference generally means greater bond polarity.,110,No calculator,False,Passed,Passed,Approved for Distribution
DOST-W2-209,2,Undergraduate,Part II — Power Test,Science,Chemistry,CHEM2 — Periodic Trends and Bonding,intermolecular forces,SCI-APP,Analysis/Evaluation,Difficult,Premium,English,,Why does water have a higher boiling point than methane?,Water molecules form hydrogen bonds.,Methane is ionic.,Water has no intermolecular forces.,Methane contains metallic bonds.,,A,Hydrogen bonding between water molecules is much stronger than the dispersion forces between methane molecules.,,Boiling point reflects the strength of intermolecular attractions.,110,No calculator,False,Passed,Passed,Approved for Distribution
DOST-W2-210,2,Undergraduate,Part II — Power Test,Science,Chemistry,CHEM2 — Periodic Trends and Bonding,Lewis structure,SCI-APP,Recognition/Recall,Easy,Premium,English,,How many shared electron pairs are in a double covalent bond?,one,two,three,four,,B,A double bond consists of two shared electron pairs.,,"Single, double, and triple bonds contain one, two, and three shared pairs.",85,No calculator,False,Passed,Passed,Approved for Distribution
DOST-W2-211,2,Undergraduate,Part II — Power Test,Science,Chemistry,CHEM2 — Periodic Trends and Bonding,molecular polarity,SCI-APP,Analysis/Evaluation,Difficult,Premium,English,,Carbon dioxide has polar C=O bonds but is nonpolar overall because:,the molecule contains no electrons,oxygen has no electronegativity,the molecule is linear and bond dipoles cancel,the molecule is ionic,,C,The equal bond dipoles point in opposite directions in a linear molecule and cancel.,,Molecular polarity depends on both bond polarity and geometry.,145,No calculator,False,Passed,Passed,Approved for Distribution
DOST-W2-212,2,Undergraduate,Part II — Power Test,Science,Chemistry,CHEM2 — Periodic Trends and Bonding,metallic bonding,SCI-APP,Analysis/Evaluation,Difficult,Premium,English,,Which property of metals is best explained by mobile delocalized electrons?,brittleness of ionic crystals,low density of gases,inability to reflect light,electrical conductivity,,D,Mobile electrons can move through the metal and carry charge.,,The electron-sea model explains conductivity and malleability.,110,No calculator,False,Passed,Passed,Approved for Distribution
DOST-W2-213,2,Undergraduate,Part II — Power Test,Science,Chemistry,CHEM3 — Compounds and Nomenclature,ionic formula,SCI-APP,Single-step Application,Moderate,Free,English,,"What is the formula for calcium nitrate, formed from Ca²⁺ and NO₃⁻?",Ca(NO3)2,CaNO3,Ca2NO3,Ca2(NO3),,A,Two nitrate ions are needed to balance the 2+ charge of calcium.,Ca²⁺ + 2(NO₃⁻) → Ca(NO₃)₂,Use parentheses when more than one polyatomic ion is needed.,110,No calculator,False,Passed,Passed,Approved for Distribution
DOST-W2-214,2,Undergraduate,Part II — Power Test,Science,Chemistry,CHEM3 — Compounds and Nomenclature,compound naming,SCI-APP,Multi-step Application,Moderate,Premium,English,,What is the correct name of Cu2O?,copper oxide,copper(I) oxide,copper(II) oxide,dicopper monoxide only,,B,"Oxide contributes 2− total charge, so the two copper atoms each have +1 oxidation state.",,Determine a transition metal's charge from the anion and formula.,110,No calculator,False,Passed,Passed,Approved for Distribution
DOST-W2-215,2,Undergraduate,Part II — Power Test,Science,Chemistry,CHEM3 — Compounds and Nomenclature,molecular naming,SCI-APP,Recognition/Recall,Easy,Premium,English,,What is the correct name of N2O5?,nitrogen oxide,nitrogen(V) oxide only,dinitrogen pentoxide,mononitrogen pentoxide,,C,Molecular prefixes indicate two nitrogen atoms and five oxygen atoms.,,Use Greek prefixes for binary molecular compounds.,85,No calculator,False,Passed,Passed,Approved for Distribution
DOST-W2-216,2,Undergraduate,Part II — Power Test,Science,Chemistry,CHEM3 — Compounds and Nomenclature,formula interpretation,SCI-APP,Single-step Application,Moderate,Premium,English,,How many oxygen atoms are present in one formula unit of Al2(SO4)3?,3,4,7,12,,D,"There are three sulfate groups, each containing four oxygen atoms: 3×4=12.",3 × 4 = 12,A subscript outside parentheses multiplies every atom inside.,85,No calculator,False,Passed,Passed,Approved for Distribution
DOST-W2-217,2,Undergraduate,Part II — Power Test,Science,Chemistry,CHEM4 — Reactions and Stoichiometry,balancing,SCI-APP,Single-step Application,Moderate,Free,English,,What coefficient belongs before H2O in the balanced equation C3H8 + O2 → CO2 + H2O?,4,2,3,5,,A,Balanced equation: C3H8 + 5O2 → 3CO2 + 4H2O.,,Balance C and H before O in hydrocarbon combustion.,110,No calculator,False,Passed,Passed,Approved for Distribution
DOST-W2-218,2,Undergraduate,Part II — Power Test,Science,Chemistry,CHEM4 — Reactions and Stoichiometry,reaction type,SCI-APP,Recognition/Recall,Easy,Premium,English,,2KClO3 → 2KCl + 3O2 is classified as:,synthesis,decomposition,single replacement,combustion,,B,One compound breaks into simpler substances.,,Decomposition starts with one reactant forming multiple products.,85,No calculator,False,Passed,Passed,Approved for Distribution
DOST-W2-219,2,Undergraduate,Part II — Power Test,Science,Chemistry,CHEM4 — Reactions and Stoichiometry,molar mass,SCI-APP,Single-step Application,Moderate,Premium,English,,"What is the molar mass of H2O, using H=1 and O=16?",16 g/mol,17 g/mol,18 g/mol,20 g/mol,,C,2(1)+16=18 g/mol.,2×1+16=18,Add atomic masses according to subscripts.,85,No calculator,False,Passed,Passed,Approved for Distribution
DOST-W2-220,2,Undergraduate,Part II — Power Test,Science,Chemistry,CHEM4 — Reactions and Stoichiometry,mass-to-moles,SCI-APP,Single-step Application,Moderate,Premium,English,,How many moles are in 36 g of H2O?,1 mol,18 mol,36 mol,2 mol,,D,Moles=mass/molar mass=36/18=2 mol.,36 g ÷ 18 g/mol = 2 mol,Convert mass to moles before using a reaction ratio.,110,No calculator,False,Passed,Passed,Approved for Distribution
DOST-W2-221,2,Undergraduate,Part II — Power Test,Science,Chemistry,CHEM4 — Reactions and Stoichiometry,stoichiometry,SCI-APP,Single-step Application,Moderate,Premium,English,,"For 2Al + 3Cl2 → 2AlCl3, how many moles of AlCl3 can form from 6 mol Cl2 with excess Al?",4 mol,2 mol,3 mol,6 mol,,A,The ratio is 2 mol AlCl3 per 3 mol Cl2; 6 mol Cl2 forms 4 mol AlCl3.,6 × 2/3 = 4 mol,Use coefficients as mole ratios.,110,No calculator,False,Passed,Passed,Approved for Distribution
DOST-W2-222,2,Undergraduate,Part II — Power Test,Science,Chemistry,CHEM4 — Reactions and Stoichiometry,limiting reactant,SCI-APP,Multi-step Application,Moderate,Premium,English,,"For 2H2 + O2 → 2H2O, a mixture contains 5 mol H2 and 3 mol O2. Which reactant is limiting?",O2,H2,H2O,neither,,B,"Three mol O2 would require 6 mol H2, but only 5 mol H2 is available.",,Compare available reactants with the required stoichiometric ratio.,110,No calculator,False,Passed,Passed,Approved for Distribution
DOST-W2-223,2,Undergraduate,Part II — Power Test,Science,Chemistry,CHEM4 — Reactions and Stoichiometry,percent yield,SCI-APP,Single-step Application,Moderate,Premium,English,,A reaction has theoretical yield 50 g but produces 40 g. What is the percent yield?,20%,40%,80%,125%,,C,Percent yield=(actual/theoretical)×100=(40/50)×100=80%.,40/50 × 100 = 80%,Actual yield is divided by theoretical yield.,110,No calculator,False,Passed,Passed,Approved for Distribution
DOST-W2-224,2,Undergraduate,Part II — Power Test,Science,Chemistry,CHEM4 — Reactions and Stoichiometry,redox,SCI-APP,Analysis/Evaluation,Difficult,Premium,English,,"In the reaction Zn + Cu²⁺ → Zn²⁺ + Cu, which species is oxidized?",Cu²⁺,Zn²⁺,Cu,Zn,,D,"Zinc loses electrons to become Zn²⁺, so it is oxidized.",,Oxidation is loss of electrons; reduction is gain.,110,No calculator,False,Passed,Passed,Approved for Distribution
DOST-W2-225,2,Undergraduate,Part II — Power Test,Science,Chemistry,"CHEM5 — Solutions, Acids, Bases, and Separation",molarity,SCI-APP,Single-step Application,Moderate,Free,English,,What is the molarity of a solution containing 0.50 mol solute in 2.0 L solution?,0.25 M,0.50 M,1.0 M,4.0 M,,A,M=mol/L=0.50/2.0=0.25 M.,0.50 ÷ 2.0 = 0.25 M,Molarity is moles of solute per liter of solution.,85,No calculator,False,Passed,Passed,Approved for Distribution
DOST-W2-226,2,Undergraduate,Part II — Power Test,Science,Chemistry,"CHEM5 — Solutions, Acids, Bases, and Separation",dilution,SCI-APP,Single-step Application,Moderate,Premium,English,,What volume of 2.0 M solution is needed to prepare 100 mL of 0.50 M solution?,10 mL,25 mL,50 mL,75 mL,,B,M1V1=M2V2; V1=(0.50×100)/2.0=25 mL.,V1=0.50×100/2.0=25 mL,Use conservation of solute during dilution.,110,No calculator,False,Passed,Passed,Approved for Distribution
DOST-W2-227,2,Undergraduate,Part II — Power Test,Science,Chemistry,"CHEM5 — Solutions, Acids, Bases, and Separation",neutralization,SCI-APP,Recognition/Recall,Easy,Premium,English,,Which products normally form when a strong acid reacts completely with a strong base?,metal and hydrogen only,two acids,salt and water,carbon and oxygen,,C,Acid-base neutralization forms water and an ionic salt.,,Neutralization combines H⁺ and OH⁻ to form water.,85,No calculator,False,Passed,Passed,Approved for Distribution
DOST-W2-228,2,Undergraduate,Part II — Power Test,Science,Chemistry,"CHEM5 — Solutions, Acids, Bases, and Separation",pH scale,SCI-APP,Single-step Application,Moderate,Premium,English,,A solution changes from pH 3 to pH 5. Its hydrogen-ion concentration becomes:,2 times greater,10 times greater,1000 times lower,100 times lower,,D,A two-unit pH increase means [H⁺] decreases by 10²=100.,,Each pH unit represents a tenfold change.,110,No calculator,False,Passed,Passed,Approved for Distribution
DOST-W2-229,2,Undergraduate,Part II — Power Test,Science,Chemistry,"CHEM5 — Solutions, Acids, Bases, and Separation",solubility data,SCI-DATA,Recognition/Recall,Easy,Premium,English,W2-CHEMTABLE-058,"According to the table, how many grams of Substance X can dissolve in 100 g water at 60°C?",72 g,32 g,48 g,105 g,,A,The 60°C row lists 72 g per 100 g water.,,Read the correct row and unit from a solubility table.,85,No calculator,True,Passed,Passed,Approved for Distribution
DOST-W2-230,2,Undergraduate,Part II — Power Test,Science,Chemistry,"CHEM5 — Solutions, Acids, Bases, and Separation",crystallization,SCI-DATA,Multi-step Application,Moderate,Premium,English,W2-CHEMTABLE-058,"A saturated solution at 80°C contains 105 g of X per 100 g water. If cooled to 20°C, approximately how much X crystallizes?",32 g,73 g,48 g,105 g,,B,"At 20°C only 32 g remain dissolved, so 105−32=73 g crystallize.",105 − 32 = 73 g,Cooling a saturated solution can precipitate the excess over the new solubility.,145,No calculator,True,Passed,Passed,Approved for Distribution
DOST-W2-231,2,Undergraduate,Part II — Power Test,Science,Chemistry,CHEM6 — Gas Laws and Thermochemistry,ideal gas relation,SCI-APP,Analysis/Evaluation,Difficult,Free,English,,"At constant temperature, doubling the number of gas particles in a rigid container will ideally:",halve the pressure,leave pressure unchanged,double the pressure,make pressure zero,,C,"With constant volume and temperature, pressure is proportional to number of particles.",,Use the ideal-gas proportionalities under stated constraints.,110,No calculator,False,Passed,Passed,Approved for Distribution
DOST-W2-232,2,Undergraduate,Part II — Power Test,Science,Chemistry,CHEM6 — Gas Laws and Thermochemistry,Kelvin conversion,SCI-APP,Single-step Application,Moderate,Premium,English,,"What is 27°C in kelvins, approximately?",246 K,273 K,327 K,300 K,,D,"K≈°C+273, so 27+273=300 K.",27+273=300 K,Gas-law temperatures must be absolute.,85,No calculator,False,Passed,Passed,Approved for Distribution
DOST-W2-233,2,Undergraduate,Part II — Power Test,Science,Chemistry,CHEM6 — Gas Laws and Thermochemistry,combined gas law,SCI-APP,Single-step Application,Moderate,Premium,English,,"A gas occupies 3.0 L at 300 K and 1.0 atm. At 600 K and the same pressure, its volume is:",6.0 L,1.5 L,3.0 L,9.0 L,,A,"At constant pressure, volume is proportional to absolute temperature: 3.0×600/300=6.0 L.",V2=3.0×600/300=6.0 L,"At constant pressure, use Charles's law with Kelvin temperature.",110,No calculator,False,Passed,Passed,Approved for Distribution
DOST-W2-234,2,Undergraduate,Part II — Power Test,Science,Chemistry,CHEM6 — Gas Laws and Thermochemistry,enthalpy sign,SCI-APP,Recognition/Recall,Easy,Premium,English,,A reaction releases 85 kJ of heat to the surroundings. Its enthalpy change is:,+85 kJ,−85 kJ,0 kJ,+170 kJ,,B,"Heat release is exothermic, so ΔH is negative.",,Exothermic processes have negative enthalpy change.,85,No calculator,False,Passed,Passed,Approved for Distribution
DOST-W2-235,2,Undergraduate,Part II — Power Test,Science,Chemistry,CHEM6 — Gas Laws and Thermochemistry,calorimetry,SCI-APP,Single-step Application,Moderate,Premium,English,,"A 100 g water sample gains 840 J. If c=4.2 J/g°C, what is the temperature increase?",0.5°C,4.2°C,2°C,20°C,,C,ΔT=Q/(mc)=840/(100×4.2)=2°C.,ΔT=840/420=2°C,Use Q=mcΔT.,110,No calculator,False,Passed,Passed,Approved for Distribution
DOST-W2-236,2,Undergraduate,Part II — Power Test,Science,Chemistry,CHEM7 — Laboratory and Data Reasoning,reaction rate data,SCI-DATA,Analysis/Evaluation,Difficult,Free,English,W2-CHEMRATE-059,Which comparison best isolates the effect of concentration in the reaction-rate table?,Trials 1 and 3,Trials 2 and 3,No pair,Trials 1 and 2,,D,Trials 1 and 2 have the same temperature but different concentration.,,"To isolate one factor, hold the others constant.",110,No calculator,True,Passed,Passed,Approved for Distribution
DOST-W2-237,2,Undergraduate,Part II — Power Test,Science,Chemistry,CHEM7 — Laboratory and Data Reasoning,temperature effect,SCI-DATA,Analysis/Evaluation,Difficult,Premium,English,W2-CHEMRATE-059,What do Trials 1 and 3 suggest about temperature?,Higher temperature shortened the time to endpoint.,Higher temperature stopped the reaction.,Temperature had no effect.,The concentration doubled.,,A,"At the same concentration, raising temperature from 25°C to 35°C reduced time from 80 s to 46 s.",,Shorter endpoint time indicates a faster reaction.,110,No calculator,True,Passed,Passed,Approved for Distribution
DOST-W2-238,2,Undergraduate,Part II — Power Test,Science,Chemistry,CHEM7 — Laboratory and Data Reasoning,titration technique,SCI-APP,Recognition/Recall,Easy,Premium,English,,Why should a burette be read at eye level?,To change the solution's pH,To avoid parallax error,To increase molarity,To sterilize the glass,,B,Eye-level reading prevents apparent displacement of the meniscus.,,Instrument position can cause systematic reading error.,85,No calculator,False,Passed,Passed,Approved for Distribution
DOST-W2-239,2,Undergraduate,Part II — Power Test,Science,Chemistry,CHEM7 — Laboratory and Data Reasoning,systematic error,SCI-APP,Analysis/Evaluation,Difficult,Premium,English,,A balance consistently reads 0.20 g too high. This is primarily a:,random error,sampling error only,systematic error,chemical reaction,,C,A consistent offset biases all measurements in one direction.,,Systematic error shifts measurements consistently.,110,No calculator,False,Passed,Passed,Approved for Distribution
DOST-W2-240,2,Undergraduate,Part II — Power Test,Science,Chemistry,CHEM7 — Laboratory and Data Reasoning,gas collection,SCI-APP,Analysis/Evaluation,Difficult,Premium,English,,A gas is collected over water. Why may the measured pressure be greater than the dry gas pressure?,Water removes all pressure.,The gas has no particles.,Atmospheric pressure becomes zero.,The total includes water-vapor pressure.,,D,The measured total pressure is the sum of the gas pressure and water-vapor pressure.,,"For gas collected over water, subtract water-vapor pressure when needed.",145,No calculator,False,Passed,Passed,Approved for Distribution
DOST-W2-241,2,Undergraduate,Part II — Power Test,Science,Physics,"PHY1 — Measurement, Vectors, and Motion",dimensional analysis,SCI-APP,Recognition/Recall,Easy,Free,English,,Which expression has units of acceleration?,distance/time²,distance/time,mass×distance,force×time,,A,"Acceleration is change in velocity per time, giving length per time squared.",,Track base dimensions to test an equation.,85,No calculator,False,Passed,Passed,Approved for Distribution
DOST-W2-242,2,Undergraduate,Part II — Power Test,Science,Physics,"PHY1 — Measurement, Vectors, and Motion",average velocity,SCI-APP,Multi-step Application,Moderate,Free,English,,A runner travels 100 m east in 20 s and then 100 m west in 30 s. What is the average velocity for the entire trip?,2 m/s east,0 m/s,4 m/s west,5 m/s,,B,"Net displacement is zero, so average velocity is zero despite 200 m total distance.",displacement = 0 | average velocity = 0/50 = 0,"Average velocity uses displacement, not distance.",110,No calculator,False,Passed,Passed,Approved for Distribution
DOST-W2-243,2,Undergraduate,Part II — Power Test,Science,Physics,"PHY1 — Measurement, Vectors, and Motion",uniform acceleration,SCI-APP,Single-step Application,Easy,Premium,English,,A car increases speed from 5 m/s to 17 m/s in 4 s. What is its average acceleration?,4 m/s²,5.5 m/s²,3 m/s²,12 m/s²,,C,a=(17−5)/4=3 m/s².,Δv=12 m/s | a=12/4=3 m/s²,Acceleration is change in velocity divided by time.,85,No calculator,False,Passed,Passed,Approved for Distribution
DOST-W2-244,2,Undergraduate,Part II — Power Test,Science,Physics,"PHY1 — Measurement, Vectors, and Motion",free fall,SCI-APP,Analysis/Evaluation,Difficult,Premium,English,,"Ignoring air resistance, a dropped ball and a horizontally launched ball from the same height reach the ground:",with the same horizontal speed,only if they have equal mass,at different times because one moves sideways,at the same time,,D,Their vertical motions are identical: both begin with zero vertical velocity and accelerate downward at g.,,Horizontal and vertical motions are independent.,145,No calculator,False,Passed,Passed,Approved for Distribution
DOST-W2-245,2,Undergraduate,Part II — Power Test,Science,Physics,"PHY1 — Measurement, Vectors, and Motion",relative velocity,SCI-APP,Multi-step Application,Moderate,Premium,English,,A boat moves 4 m/s north relative to water while the river flows 3 m/s east. What is the boat's speed relative to shore?,5 m/s,1 m/s,7 m/s,12 m/s,,A,The perpendicular components combine to √(4²+3²)=5 m/s.,v=√(16+9)=5 m/s,Add perpendicular velocity vectors using the Pythagorean theorem.,110,No calculator,False,Passed,Passed,Approved for Distribution
DOST-W2-246,2,Undergraduate,Part II — Power Test,Science,Physics,"PHY1 — Measurement, Vectors, and Motion",velocity-time graph,SCI-DIAG,Recognition/Recall,Easy,Premium,English,W2-PHYMOTION-060,During which interval is velocity constant in the graph?,0–4 s,4–8 s,8–12 s,velocity is never constant,,B,The horizontal segment from 4 to 8 s indicates constant velocity.,,A horizontal line on a velocity-time graph means zero acceleration.,85,No calculator,True,Passed,Passed,Approved for Distribution
DOST-W2-247,2,Undergraduate,Part II — Power Test,Science,Physics,"PHY1 — Measurement, Vectors, and Motion",graph displacement,SCI-DIAG,Recognition/Recall,Easy,Premium,English,W2-PHYMOTION-060,What physical quantity is represented by the area under the velocity-time graph?,acceleration,force,displacement,power,,C,Integrating velocity over time gives displacement.,,Area under v–t gives displacement; slope gives acceleration.,110,No calculator,True,Passed,Passed,Approved for Distribution
DOST-W2-248,2,Undergraduate,Part II — Power Test,Science,Physics,PHY2 — Forces and Newtonian Mechanics,net force,SCI-APP,Single-step Application,Easy,Free,English,,Two horizontal forces of 18 N right and 11 N left act on an object. What is the net force?,7 N left,29 N right,29 N left,7 N right,,D,Opposing forces subtract: 18−11=7 N toward the larger force.,18−11=7 N right,Include direction when combining forces.,85,No calculator,False,Passed,Passed,Approved for Distribution
DOST-W2-249,2,Undergraduate,Part II — Power Test,Science,Physics,PHY2 — Forces and Newtonian Mechanics,mass and acceleration,SCI-APP,Analysis/Evaluation,Moderate,Premium,English,,The same net force is applied to a 2 kg object and a 6 kg object. Which accelerates more?,The 2 kg object,The 6 kg object,Both equally,Neither can accelerate,,A,"For the same force, a=F/m, so the smaller mass has larger acceleration.",,Acceleration is inversely proportional to mass for fixed net force.,85,No calculator,False,Passed,Passed,Approved for Distribution
DOST-W2-250,2,Undergraduate,Part II — Power Test,Science,Physics,PHY2 — Forces and Newtonian Mechanics,friction coefficient,SCI-APP,Multi-step Application,Moderate,Premium,English,,"A 10 kg block on a horizontal surface has coefficient of kinetic friction 0.20. Using g=10 m/s², what is the friction force?",2 N,20 N,50 N,100 N,,B,Normal force=mg=100 N; friction=μN=0.20×100=20 N.,N=100 N | f=0.20×100=20 N,"On a level surface with no vertical acceleration, N=mg.",110,No calculator,False,Passed,Passed,Approved for Distribution
DOST-W2-251,2,Undergraduate,Part II — Power Test,Science,Physics,PHY2 — Forces and Newtonian Mechanics,circular motion,SCI-APP,Analysis/Evaluation,Moderate,Premium,English,,A car moves at constant speed around a circular track. Why is it accelerating?,Its mass changes.,Its speed must increase.,Its velocity direction changes.,No net force acts.,,C,"Velocity is a vector, so changing direction means acceleration even at constant speed.",,Centripetal acceleration changes direction of velocity.,110,No calculator,False,Passed,Passed,Approved for Distribution
DOST-W2-252,2,Undergraduate,Part II — Power Test,Science,Physics,PHY2 — Forces and Newtonian Mechanics,elevator,SCI-APP,Analysis/Evaluation,Difficult,Premium,English,,A person feels heavier when an elevator begins accelerating upward because the floor's normal force is:,less than weight,zero,unrelated to acceleration,greater than weight,,D,"Upward acceleration requires net upward force, so normal force exceeds weight.",,Apparent weight is the support force.,145,No calculator,False,Passed,Passed,Approved for Distribution
DOST-W2-253,2,Undergraduate,Part II — Power Test,Science,Physics,PHY2 — Forces and Newtonian Mechanics,Newton's third law,SCI-APP,Analysis/Evaluation,Difficult,Premium,English,,"A truck collides with a small car. During the collision, the force of the truck on the car is:",equal in magnitude and opposite in direction,greater than the force of the car on the truck,zero because the truck is heavier,equal only if both stop,,A,Interaction forces form a third-law pair regardless of mass.,,Third-law forces are equal and opposite but cause different accelerations.,110,No calculator,False,Passed,Passed,Approved for Distribution
DOST-W2-254,2,Undergraduate,Part II — Power Test,Science,Physics,PHY2 — Forces and Newtonian Mechanics,terminal velocity,SCI-APP,Analysis/Evaluation,Difficult,Premium,English,,A falling object reaches terminal velocity when:,gravity disappears,air resistance equals its weight,its speed becomes zero,its mass equals air density,,B,"At terminal speed, upward drag balances downward weight, giving zero net force.",,Terminal velocity is dynamic equilibrium.,110,No calculator,False,Passed,Passed,Approved for Distribution
DOST-W2-255,2,Undergraduate,Part II — Power Test,Science,Physics,"PHY3 — Work, Energy, Momentum, and Rotation",work,SCI-APP,Single-step Application,Moderate,Free,English,,A 20 N force moves a box 3 m in the same direction. How much work is done?,6 J,17 J,60 J,23 J,,C,W=Fd=20×3=60 J.,W=20×3=60 J,Only the force component along displacement does work.,85,No calculator,False,Passed,Passed,Approved for Distribution
DOST-W2-256,2,Undergraduate,Part II — Power Test,Science,Physics,"PHY3 — Work, Energy, Momentum, and Rotation",gravitational potential energy,SCI-APP,Single-step Application,Moderate,Premium,English,,"A 2 kg object is raised 5 m. Using g=10 m/s², how much gravitational potential energy is gained?",10 J,25 J,50 J,100 J,,D,ΔU=mgh=2×10×5=100 J.,2×10×5=100 J,"Near Earth's surface, gravitational potential energy is mgh.",85,No calculator,False,Passed,Passed,Approved for Distribution
DOST-W2-257,2,Undergraduate,Part II — Power Test,Science,Physics,"PHY3 — Work, Energy, Momentum, and Rotation",spring energy,SCI-APP,Single-step Application,Moderate,Premium,English,,A spring with k=200 N/m is compressed 0.10 m. What elastic potential energy is stored?,1 J,2 J,10 J,20 J,,A,U=½kx²=0.5×200×0.01=1 J.,U=0.5×200×0.10²=1 J,Spring energy depends on the square of displacement.,110,No calculator,False,Passed,Passed,Approved for Distribution
DOST-W2-258,2,Undergraduate,Part II — Power Test,Science,Physics,"PHY3 — Work, Energy, Momentum, and Rotation",impulse,SCI-APP,Single-step Application,Moderate,Premium,English,,A 5 N force acts for 4 s. What impulse is delivered?,1.25 N·s,20 N·s,9 N·s,25 N·s,,B,Impulse=FΔt=5×4=20 N·s.,J=5×4=20 N·s,Impulse equals change in momentum.,85,No calculator,False,Passed,Passed,Approved for Distribution
DOST-W2-259,2,Undergraduate,Part II — Power Test,Science,Physics,"PHY3 — Work, Energy, Momentum, and Rotation",inelastic collision,SCI-APP,Multi-step Application,Moderate,Premium,English,,A 1 kg cart moving at 6 m/s sticks to a 2 kg cart at rest. What is their final speed?,1 m/s,3 m/s,2 m/s,6 m/s,,C,"Initial momentum=6 kg·m/s; total mass=3 kg, so v=2 m/s.",v=6/(1+2)=2 m/s,Momentum is conserved even when kinetic energy is not.,110,No calculator,False,Passed,Passed,Approved for Distribution
DOST-W2-260,2,Undergraduate,Part II — Power Test,Science,Physics,"PHY3 — Work, Energy, Momentum, and Rotation",rotational equilibrium,SCI-APP,Recognition/Recall,Easy,Premium,English,,"For an object in rotational equilibrium, the sum of clockwise torques must be:",greater than counterclockwise torques,zero only if no forces act,unrelated to pivot choice,equal to counterclockwise torques,,D,"Net torque is zero, so clockwise and counterclockwise torque magnitudes balance.",,Rotational equilibrium requires zero net torque.,110,No calculator,False,Passed,Passed,Approved for Distribution
DOST-W2-261,2,Undergraduate,Part II — Power Test,Science,Physics,"PHY3 — Work, Energy, Momentum, and Rotation",angular momentum,SCI-APP,Analysis/Evaluation,Difficult,Premium,English,,A spinning skater pulls both arms inward and rotates faster. This occurs because:,angular momentum is conserved while moment of inertia decreases,mass increases,friction adds angular momentum,gravity vanishes,,A,"With little external torque, L=Iω remains constant; reducing I increases angular speed.",,Conservation of angular momentum links moment of inertia and rotation rate.,145,No calculator,False,Passed,Passed,Approved for Distribution
DOST-W2-262,2,Undergraduate,Part II — Power Test,Science,Physics,PHY4 — Fluids and Pressure,pressure,SCI-APP,Single-step Application,Moderate,Free,English,,A 200 N force acts on an area of 0.50 m². What pressure is produced?,100 Pa,400 Pa,200 Pa,800 Pa,,B,P=F/A=200/0.50=400 Pa.,P=200/0.50=400 Pa,Pressure is force per unit area.,85,No calculator,False,Passed,Passed,Approved for Distribution
DOST-W2-263,2,Undergraduate,Part II — Power Test,Science,Physics,PHY4 — Fluids and Pressure,Pascal's principle,SCI-APP,Single-step Application,Moderate,Premium,English,,"A hydraulic lift has output piston area five times the input area. Ideally, an input force of 100 N produces:",20 N,100 N,500 N,2500 N,,C,"Equal pressure gives Fout/Fin=Aout/Ain=5, so Fout=500 N.",Fout=100×5=500 N,Hydraulic force multiplies in proportion to piston area.,110,No calculator,False,Passed,Passed,Approved for Distribution
DOST-W2-264,2,Undergraduate,Part II — Power Test,Science,Physics,PHY4 — Fluids and Pressure,Archimedes' principle,SCI-APP,Single-step Application,Moderate,Premium,English,,"An immersed object displaces 0.003 m³ of water. Using ρ=1000 kg/m³ and g=10 m/s², the buoyant force is:",3 N,300 N,3000 N,30 N,,D,Fb=ρgV=1000×10×0.003=30 N.,Fb=1000×10×0.003=30 N,Buoyant force equals the weight of displaced fluid.,110,No calculator,False,Passed,Passed,Approved for Distribution
DOST-W2-265,2,Undergraduate,Part II — Power Test,Science,Physics,PHY5 — Heat and Thermodynamics,heat transfer,SCI-APP,Analysis/Evaluation,Difficult,Free,English,,Why does a metal spoon feel colder than a wooden spoon in the same room?,Metal conducts heat away from the hand faster.,Metal is always at a lower temperature.,Wood produces heat.,Metal has no thermal energy.,,A,"Both can be at room temperature, but metal transfers heat from the hand more rapidly.",,Thermal sensation depends strongly on heat-transfer rate.,110,No calculator,False,Passed,Passed,Approved for Distribution
DOST-W2-266,2,Undergraduate,Part II — Power Test,Science,Physics,PHY5 — Heat and Thermodynamics,phase change,SCI-APP,Analysis/Evaluation,Difficult,Premium,English,,"During melting at constant pressure, added heat primarily:",raises temperature continuously,breaks intermolecular attractions while temperature remains nearly constant,reduces molecular energy,changes mass into charge,,B,Latent heat changes phase without increasing temperature during the transition.,,"During a phase change, energy changes molecular arrangement.",110,No calculator,False,Passed,Passed,Approved for Distribution
DOST-W2-267,2,Undergraduate,Part II — Power Test,Science,Physics,PHY5 — Heat and Thermodynamics,thermal expansion,SCI-APP,Recognition/Recall,Easy,Premium,English,,A metal lid loosens when warmed because:,the glass jar always contracts greatly,the lid loses mass,the lid expands,temperature removes friction entirely,,C,"Heating increases dimensions of the metal lid, often enough to loosen it.",,"Solids expand when heated, though by material-dependent amounts.",85,No calculator,False,Passed,Passed,Approved for Distribution
DOST-W2-268,2,Undergraduate,Part II — Power Test,Science,Physics,"PHY6 — Waves, Sound, and Optics",period-frequency,SCI-APP,Single-step Application,Moderate,Free,English,,A wave has period 0.20 s. What is its frequency?,0.2 Hz,2 Hz,20 Hz,5 Hz,,D,f=1/T=1/0.20=5 Hz.,f=1/0.20=5 Hz,Frequency and period are reciprocals.,85,No calculator,False,Passed,Passed,Approved for Distribution
DOST-W2-269,2,Undergraduate,Part II — Power Test,Science,Physics,"PHY6 — Waves, Sound, and Optics",wave speed,SCI-APP,Single-step Application,Moderate,Premium,English,,A wave travels at 12 m/s with frequency 3 Hz. What is its wavelength?,4 m,0.25 m,9 m,36 m,,A,λ=v/f=12/3=4 m.,λ=12/3=4 m,Use v=fλ.,85,No calculator,False,Passed,Passed,Approved for Distribution
DOST-W2-270,2,Undergraduate,Part II — Power Test,Science,Physics,"PHY6 — Waves, Sound, and Optics",Doppler effect,SCI-APP,Analysis/Evaluation,Difficult,Premium,English,,An ambulance approaches a stationary observer with its siren sounding. The observed pitch is higher because:,sound speed becomes infinite,wavefronts arrive more frequently,the siren produces no waves behind it,the observer's ears change size,,B,"Motion of the source compresses wavefront spacing ahead of it, increasing observed frequency.",,Doppler shift changes observed frequency when source and observer move relative to each other.,110,No calculator,False,Passed,Passed,Approved for Distribution
DOST-W2-271,2,Undergraduate,Part II — Power Test,Science,Physics,"PHY6 — Waves, Sound, and Optics",standing waves,SCI-APP,Recognition/Recall,Easy,Premium,English,,Nodes in a standing wave are points where:,amplitude is maximum,wave speed is infinite,displacement remains zero,frequency changes every moment,,C,Destructive interference keeps nodes at zero displacement.,,Nodes have minimum displacement; antinodes have maximum displacement.,110,No calculator,False,Passed,Passed,Approved for Distribution
DOST-W2-272,2,Undergraduate,Part II — Power Test,Science,Physics,"PHY6 — Waves, Sound, and Optics",mirror image,SCI-APP,Recognition/Recall,Easy,Premium,English,,A plane mirror forms an image that is:,"real, inverted, and enlarged",real and smaller,virtual and upside down,"virtual, upright, and the same size",,D,"A plane mirror produces a virtual, upright image with unit magnification.",,Plane-mirror images are laterally reversed but not upside down.,85,No calculator,False,Passed,Passed,Approved for Distribution
DOST-W2-273,2,Undergraduate,Part II — Power Test,Science,Physics,"PHY6 — Waves, Sound, and Optics",lens,SCI-APP,Analysis/Evaluation,Difficult,Premium,English,,A converging lens forms a real image when the object is:,outside the focal point,exactly at the optical center only,between the lens and focal point only,at any distance including zero,,A,"For an object beyond the focal length, refracted rays converge to a real image.",,Converging lenses form virtual images only when the object is inside the focal length.,110,No calculator,False,Passed,Passed,Approved for Distribution
DOST-W2-274,2,Undergraduate,Part II — Power Test,Science,Physics,"PHY6 — Waves, Sound, and Optics",total internal reflection,SCI-APP,Analysis/Evaluation,Difficult,Premium,English,,Total internal reflection can occur when light travels:,from lower to higher refractive index at any angle,from higher to lower refractive index above the critical angle,through vacuum only,normally into every surface,,B,Both the direction from higher to lower refractive index and an incidence angle above critical are required.,,Total internal reflection has two necessary conditions.,145,No calculator,False,Passed,Passed,Approved for Distribution
DOST-W2-275,2,Undergraduate,Part II — Power Test,Science,Physics,PHY7 — Electricity and Circuits,electric power,SCI-APP,Single-step Application,Moderate,Free,English,,A device uses 12 V and draws 2 A. What power does it consume?,6 W,10 W,24 W,14 W,,C,P=VI=12×2=24 W.,P=12×2=24 W,Electric power is voltage times current.,85,No calculator,False,Passed,Passed,Approved for Distribution
DOST-W2-276,2,Undergraduate,Part II — Power Test,Science,Physics,PHY7 — Electricity and Circuits,resistors in series,SCI-APP,Single-step Application,Moderate,Premium,English,,Two resistors of 4 Ω and 6 Ω are connected in series. Their equivalent resistance is:,2 Ω,5 Ω,24 Ω,10 Ω,,D,Series resistances add directly: 4+6=10 Ω.,Req=4+6=10 Ω,Current is common through series components.,85,No calculator,False,Passed,Passed,Approved for Distribution
DOST-W2-277,2,Undergraduate,Part II — Power Test,Science,Physics,PHY7 — Electricity and Circuits,resistors in parallel,SCI-APP,Multi-step Application,Moderate,Premium,English,,Two resistors of 6 Ω and 3 Ω are connected in parallel. Their equivalent resistance is:,2 Ω,3 Ω,4.5 Ω,9 Ω,,A,"1/Req=1/6+1/3=3/6=1/2, so Req=2 Ω.",1/Req=1/6+2/6=1/2 | Req=2 Ω,Parallel equivalent resistance is less than the smallest branch resistance.,110,No calculator,False,Passed,Passed,Approved for Distribution
DOST-W2-278,2,Undergraduate,Part II — Power Test,Science,Physics,PHY7 — Electricity and Circuits,parallel current,SCI-DIAG,Single-step Application,Moderate,Premium,English,W2-PHYCIRCUIT-061,"In the shown circuit, the 6 Ω and 3 Ω resistors are each connected across 12 V. What current flows through the 3 Ω branch?",2 A,4 A,3 A,6 A,,B,"Each parallel branch has 12 V, so I=12/3=4 A.",I=12/3=4 A,Parallel branches share source voltage.,110,No calculator,True,Passed,Passed,Approved for Distribution
DOST-W2-279,2,Undergraduate,Part II — Power Test,Science,Physics,PHY7 — Electricity and Circuits,charge,SCI-APP,Single-step Application,Moderate,Premium,English,,How much charge passes a point when a current of 3 A flows for 5 s?,0.6 C,8 C,15 C,30 C,,C,Q=It=3×5=15 C.,Q=3×5=15 C,Current is charge flow per unit time.,85,No calculator,False,Passed,Passed,Approved for Distribution
DOST-W2-280,2,Undergraduate,Part II — Power Test,Science,Physics,PHY7 — Electricity and Circuits,electromagnetic induction,SCI-APP,Recognition/Recall,Easy,Premium,English,,A changing magnetic field through a coil can produce:,mass loss only,a permanent absence of electrons,zero current under every condition,an induced voltage,,D,Faraday's law links changing magnetic flux with induced emf.,,Electromagnetic induction requires changing magnetic flux.,110,No calculator,False,Passed,Passed,Approved for Distribution
DOST-W2-281,2,Undergraduate,Part II — Power Test,Science,Earth Science,EARTH1 — Earth Materials and Geologic Processes,mineral properties,SCI-APP,Recognition/Recall,Easy,Free,English,,Which property is most useful for identifying a mineral's resistance to scratching?,hardness,luster,streak only,color temperature,,A,Hardness measures resistance to scratching and is compared using the Mohs scale.,,Use diagnostic mineral properties rather than color alone.,85,No calculator,False,Passed,Passed,Approved for Distribution
DOST-W2-282,2,Undergraduate,Part II — Power Test,Science,Earth Science,EARTH1 — Earth Materials and Geologic Processes,sedimentary rocks,SCI-APP,Recognition/Recall,Easy,Premium,English,,Which process most directly turns loose sediment into sedimentary rock?,melting and cooling,compaction and cementation,sublimation,radioactive decay only,,B,Burial compacts sediment and minerals precipitate to cement grains together.,,Lithification converts sediment into sedimentary rock.,85,No calculator,False,Passed,Passed,Approved for Distribution
DOST-W2-283,2,Undergraduate,Part II — Power Test,Science,Earth Science,EARTH1 — Earth Materials and Geologic Processes,plate tectonics,SCI-APP,Analysis/Evaluation,Moderate,Premium,English,,A deep-ocean trench and volcanic island arc most commonly form at:,a continental divergent boundary,a transform boundary with no subduction,an ocean-ocean convergent boundary,a stable craton,,C,"One oceanic plate subducts beneath another, producing a trench and volcanic arc.",,Subduction creates trenches and volcanic arcs.,110,No calculator,False,Passed,Passed,Approved for Distribution
DOST-W2-284,2,Undergraduate,Part II — Power Test,Science,Earth Science,EARTH1 — Earth Materials and Geologic Processes,geologic time,SCI-APP,Analysis/Evaluation,Moderate,Premium,English,,"An igneous intrusion cuts across three sedimentary layers. According to cross-cutting relationships, the intrusion is:",older than all three layers,the same age as every layer,impossible to compare,younger than all three layers,,D,A feature that cuts another is younger than the feature it cuts.,,Relative dating uses superposition and cross-cutting relationships.,110,No calculator,False,Passed,Passed,Approved for Distribution
DOST-W2-285,2,Undergraduate,Part II — Power Test,Science,Earth Science,EARTH1 — Earth Materials and Geologic Processes,soil formation,SCI-APP,Analysis/Evaluation,Moderate,Premium,English,,"Why does warm, wet climate often accelerate chemical weathering?",Water and higher temperature promote chemical reactions.,Rocks stop interacting with water.,Cold air always dissolves minerals faster.,Chemical weathering requires no moisture.,,A,"Water participates in reactions, and warmer conditions generally increase reaction rates.",,Climate influences the rate and type of weathering.,110,No calculator,False,Passed,Passed,Approved for Distribution
DOST-W2-286,2,Undergraduate,Part II — Power Test,Science,Earth Science,"EARTH2 — Atmosphere, Weather, and Climate",Coriolis effect,SCI-APP,Recognition/Recall,Moderate,Free,English,,Large-scale winds are deflected to the right in the Northern Hemisphere mainly because of:,Earth's magnetic field only,Earth's rotation,the Moon's phases,ocean salinity,,B,Earth's rotation produces the apparent Coriolis deflection.,,"Coriolis changes direction, not the existence, of moving air.",110,No calculator,False,Passed,Passed,Approved for Distribution
DOST-W2-287,2,Undergraduate,Part II — Power Test,Science,Earth Science,"EARTH2 — Atmosphere, Weather, and Climate",relative humidity,SCI-APP,Analysis/Evaluation,Difficult,Premium,English,,Relative humidity increases when air cools toward its dew point while water-vapor content stays constant because:,all vapor condenses immediately,pressure becomes zero,cooler air has a lower saturation capacity,cold air contains no molecules,,C,"As temperature falls, the saturation vapor pressure decreases, so the same vapor amount represents a larger fraction of saturation.",,Relative humidity depends on both vapor content and temperature.,145,No calculator,False,Passed,Passed,Approved for Distribution
DOST-W2-288,2,Undergraduate,Part II — Power Test,Science,Earth Science,"EARTH2 — Atmosphere, Weather, and Climate",sea breeze,SCI-APP,Analysis/Evaluation,Moderate,Premium,English,,"During a sunny afternoon, a sea breeze usually blows from sea to land because:",water heats faster and air rises over the sea,Earth stops rotating,mountains reverse gravity,land heats faster and air rises over it,,D,"Warmer land produces lower pressure and rising air, drawing cooler marine air inland.",,Differential heating creates local pressure differences.,110,No calculator,False,Passed,Passed,Approved for Distribution
DOST-W2-289,2,Undergraduate,Part II — Power Test,Science,Earth Science,"EARTH2 — Atmosphere, Weather, and Climate",rain shadow,SCI-APP,Analysis/Evaluation,Moderate,Premium,English,,Why is the leeward side of a mountain often drier?,Descending air warms and its relative humidity decreases.,Air always rises on the leeward side.,Clouds form only over oceans.,Mountains block sunlight permanently.,,A,"Air loses moisture while rising windward, then warms and dries as it descends leeward.",,Orographic lifting creates wet windward and dry leeward conditions.,110,No calculator,False,Passed,Passed,Approved for Distribution
DOST-W2-290,2,Undergraduate,Part II — Power Test,Science,Earth Science,"EARTH2 — Atmosphere, Weather, and Climate",climate change,SCI-APP,Recognition/Recall,Easy,Premium,English,,Which observation is a climate trend rather than a single weather event?,One afternoon thunderstorm,A 30-year increase in average nighttime temperature,A windy morning,One unusually cool day,,B,Climate describes long-term patterns and averages.,,Distinguish short-term weather from long-term climate.,85,No calculator,False,Passed,Passed,Approved for Distribution
DOST-W2-291,2,Undergraduate,Part II — Power Test,Science,Earth Science,EARTH3 — Hydrology and Groundwater,infiltration,SCI-APP,Recognition/Recall,Easy,Free,English,,Which surface generally allows the greatest infiltration?,compacted concrete,asphalt parking lot,vegetated permeable soil,metal roof,,C,Pore spaces and root channels permit water to enter permeable soil.,,Permeability and land cover control infiltration.,85,No calculator,False,Passed,Passed,Approved for Distribution
DOST-W2-292,2,Undergraduate,Part II — Power Test,Science,Earth Science,EARTH3 — Hydrology and Groundwater,groundwater contamination,SCI-APP,Analysis/Evaluation,Moderate,Premium,English,,A leaking fuel tank can contaminate a shallow aquifer most directly when:,groundwater flows only upward,the tank is painted,all soil is impermeable,pollutants infiltrate through permeable soil to the water table,,D,Dissolved contaminants can move downward and then travel with groundwater.,,"Groundwater contamination depends on source, permeability, and flow direction.",110,No calculator,False,Passed,Passed,Approved for Distribution
DOST-W2-293,2,Undergraduate,Part II — Power Test,Science,Earth Science,EARTH3 — Hydrology and Groundwater,watershed,SCI-APP,Recognition/Recall,Easy,Premium,English,,A watershed is best defined as:,the land area that drains to a common outlet,only the water inside a reservoir,an underground magma chamber,a type of cloud,,A,"Surface topography directs runoff from a watershed toward a shared stream, lake, or coast.",,Watersheds are defined by drainage boundaries.,85,No calculator,False,Passed,Passed,Approved for Distribution
DOST-W2-294,2,Undergraduate,Part II — Power Test,Science,Earth Science,EARTH3 — Hydrology and Groundwater,saltwater intrusion,SCI-APP,Analysis/Evaluation,Moderate,Premium,English,,Which management action best helps reduce saltwater intrusion in a coastal aquifer?,Pump groundwater faster near the coast.,Limit withdrawal and increase freshwater recharge.,Drill deeper without monitoring.,Remove all vegetation.,,B,Reducing drawdown and maintaining freshwater head oppose inland movement of seawater.,,Protect coastal aquifers by balancing pumping with recharge.,110,No calculator,False,Passed,Passed,Approved for Distribution
DOST-W2-295,2,Undergraduate,Part II — Power Test,Science,Earth Science,EARTH3 — Hydrology and Groundwater,flooding,SCI-APP,Analysis/Evaluation,Moderate,Premium,English,,Urban flash flooding becomes more likely when development:,increases infiltration and wetlands,removes roads,increases impervious surfaces and reduces drainage capacity,decreases runoff,,C,Impervious surfaces accelerate runoff and can overwhelm drainage.,,Land-use change alters hydrograph peak and timing.,110,No calculator,False,Passed,Passed,Approved for Distribution
DOST-W2-296,2,Undergraduate,Part II — Power Test,Science,Earth Science,EARTH4 — Astronomy and Earth-Sun-Moon Systems,lunar phases,SCI-APP,Recognition/Recall,Easy,Free,English,,Why does the Moon show phases?,Earth's shadow covers it every night.,The Moon produces different amounts of light.,Clouds permanently block parts of it.,We see changing portions of its sunlit half as it orbits Earth.,,D,"The viewing geometry of the Sun, Moon, and Earth changes during the orbit.",,Phases are not caused by Earth's shadow except during eclipses.,85,No calculator,False,Passed,Passed,Approved for Distribution
DOST-W2-297,2,Undergraduate,Part II — Power Test,Science,Earth Science,EARTH4 — Astronomy and Earth-Sun-Moon Systems,tides,SCI-APP,Analysis/Evaluation,Moderate,Premium,English,,Spring tides occur near new and full moon because:,solar and lunar tidal effects are approximately aligned,the Moon stops orbiting,Earth is closest to the Sun every month,ocean water freezes,,A,Alignment strengthens the total tidal range.,,"Spring tide refers to larger tidal range, not the season.",110,No calculator,False,Passed,Passed,Approved for Distribution
DOST-W2-298,2,Undergraduate,Part II — Power Test,Science,Earth Science,EARTH4 — Astronomy and Earth-Sun-Moon Systems,stellar color,SCI-APP,Recognition/Recall,Easy,Premium,English,,Which star color generally indicates the highest surface temperature?,red,blue,orange,yellow,,B,Blue stars have higher surface temperatures than red stars.,,Stellar color is related to surface temperature.,85,No calculator,False,Passed,Passed,Approved for Distribution
DOST-W2-299,2,Undergraduate,Part II — Power Test,Science,Earth Science,EARTH4 — Astronomy and Earth-Sun-Moon Systems,gravity and orbit,SCI-APP,Analysis/Evaluation,Difficult,Premium,English,,Why does an artificial satellite remain in orbit rather than fall straight to Earth?,Gravity does not act above the atmosphere.,The satellite has no mass.,It has enough sideways velocity that it continually falls around Earth.,Space pushes it upward.,,C,Gravity supplies centripetal acceleration while tangential velocity carries the satellite forward.,,Orbit is continuous free fall with sufficient tangential speed.,145,No calculator,False,Passed,Passed,Approved for Distribution
DOST-W2-300,2,Undergraduate,Part II — Power Test,Science,Earth Science,EARTH4 — Astronomy and Earth-Sun-Moon Systems,seasons,SCI-APP,Analysis/Evaluation,Moderate,Premium,English,,"When the Northern Hemisphere is tilted toward the Sun, it generally experiences:",shorter days and less direct sunlight,the same day length everywhere,a solar eclipse every day,longer days and more direct sunlight,,D,Tilt toward the Sun increases solar angle and daylight duration.,,Seasonal energy changes come from tilt and day length.,110,No calculator,False,Passed,Passed,Approved for Distribution
DOST-W2-301,2,Undergraduate,Part II — Power Test,Science,Earth Science,EARTH5 — Natural Hazards and Environmental Systems,earthquake magnitude,SCI-APP,Analysis/Evaluation,Difficult,Free,English,,Why can soft sediment amplify earthquake shaking compared with solid bedrock?,Loose material can resonate and deform more strongly.,Sediment removes seismic waves.,Bedrock has no mass.,Earthquakes occur only in soil.,,A,Low-rigidity sediments can amplify certain seismic-wave frequencies.,,Local geology affects shaking intensity.,145,No calculator,False,Passed,Passed,Approved for Distribution
DOST-W2-302,2,Undergraduate,Part II — Power Test,Science,Earth Science,EARTH5 — Natural Hazards and Environmental Systems,tsunami warning,SCI-APP,Recognition/Recall,Moderate,Premium,English,,"After a strong coastal earthquake, which natural warning suggests immediate movement to higher ground?",A light breeze,Rapid sea withdrawal or unusual rise,Clear sky,Normal low tide predicted days earlier,,B,Sudden abnormal sea-level change can precede tsunami arrival.,,Do not wait for an official alert when strong natural tsunami warnings occur.,110,No calculator,False,Passed,Passed,Approved for Distribution
DOST-W2-303,2,Undergraduate,Part II — Power Test,Science,Earth Science,EARTH5 — Natural Hazards and Environmental Systems,volcanic monitoring,SCI-APP,Analysis/Evaluation,Difficult,Premium,English,,Which observation can indicate rising magma beneath a volcano?,Decreasing elevation of every mountain,Daily sunrise,Ground deformation and increased volcanic gas emissions,Lower ocean salinity worldwide,,C,Magma movement can swell the ground and alter gas release.,,"Volcano monitoring combines seismic, deformation, gas, and thermal evidence.",110,No calculator,False,Passed,Passed,Approved for Distribution
DOST-W2-304,2,Undergraduate,Part II — Power Test,Science,Earth Science,EARTH5 — Natural Hazards and Environmental Systems,eutrophication,SCI-APP,Analysis/Evaluation,Difficult,Premium,English,,Excess fertilizer entering a lake can lead to fish kills because:,fertilizer instantly freezes the lake,fish become producers,water gains unlimited oxygen,algal growth and decomposition can deplete dissolved oxygen,,D,Nutrient enrichment promotes blooms; decomposition consumes oxygen.,,Eutrophication links nutrient loading to oxygen depletion.,110,No calculator,False,Passed,Passed,Approved for Distribution
DOST-W2-305,2,Undergraduate,Part II — Power Test,Science,Earth Science,EARTH5 — Natural Hazards and Environmental Systems,renewable resources,SCI-APP,Recognition/Recall,Easy,Premium,English,,Which energy source is renewable on a human time scale?,solar radiation,coal,petroleum,natural gas,,A,"Sunlight is continually supplied, unlike fossil fuels formed over geologic time.",,Renewability concerns replenishment rate relative to use.,85,No calculator,False,Passed,Passed,Approved for Distribution
DOST-W2-306,2,Undergraduate,Part II — Power Test,Science,Earth Science,EARTH6 — Earth-Science Data Interpretation,rainfall table,SCI-DATA,Recognition/Recall,Moderate,Free,English,W2-EARTHRAIN-062,Which month in the table had the greatest rainfall?,January,May,March,April,,B,May has the highest listed rainfall at 205 mm.,,Read units and identify the maximum value.,85,No calculator,True,Passed,Passed,Approved for Distribution
DOST-W2-307,2,Undergraduate,Part II — Power Test,Science,Earth Science,EARTH6 — Earth-Science Data Interpretation,rainfall change,SCI-DATA,Single-step Application,Moderate,Premium,English,W2-EARTHRAIN-062,By how many millimeters did rainfall increase from March to April?,38 mm,52 mm,58 mm,110 mm,,C,110−52=58 mm.,110−52=58 mm,Compute change using final minus initial value.,85,No calculator,True,Passed,Passed,Approved for Distribution
DOST-W2-308,2,Undergraduate,Part II — Power Test,Science,Earth Science,EARTH6 — Earth-Science Data Interpretation,contour map,SCI-DATA,Analysis/Evaluation,Difficult,Premium,English,W2-EARTHTOPO-063,What do the closed contours with increasing elevation toward the center represent?,a depression with hachures,a flat plain,sea level only,a hill,,D,"Elevation increases inward, indicating a hill.",,Contour values reveal whether relief rises or falls toward the center.,110,No calculator,True,Passed,Passed,Approved for Distribution
DOST-W2-309,2,Undergraduate,Part II — Power Test,Science,Earth Science,EARTH6 — Earth-Science Data Interpretation,stream direction,SCI-DATA,Recognition/Recall,Moderate,Premium,English,W2-EARTHTOPO-063,"On a contour map, contour lines crossing a stream usually form V-shapes that point:",upstream,downstream,east in every map,toward sea level only,,A,The V points toward higher elevation and upstream.,,Use contour bends to infer drainage direction.,145,No calculator,True,Passed,Passed,Approved for Distribution
DOST-W2-310,2,Undergraduate,Part II — Power Test,Science,Earth Science,EARTH6 — Earth-Science Data Interpretation,trend interpretation,SCI-DATA,Analysis/Evaluation,Difficult,Premium,English,W2-EARTHRAIN-062,Rainfall rises sharply from March through May in the table. Which statement is best supported?,Rainfall will always increase forever.,The location entered a wetter period during those months.,No rain occurred before March.,Temperature caused all rainfall changes.,,B,"The data support a short-term rising rainfall pattern, not an unlimited or causal claim.",,Describe the observed trend without overgeneralizing.,110,No calculator,True,Passed,Passed,Approved for Distribution
DOST-W2-311,2,Undergraduate,Part II — Power Test,Mathematics,Mathematics,MATH1 — Number Sense and Proportional Reasoning,percent decrease,MATH-WP,Multi-step Application,Moderate,Free,English,,A quantity decreases from 250 to 200. What is the percent decrease?,25%,40%,20%,50%,,C,"The decrease is 50, and 50/250=0.20=20%.",250−200=50 | 50/250×100=20%,Percent change uses the original value as denominator.,85,No calculator,False,Passed,Passed,Approved for Distribution
DOST-W2-312,2,Undergraduate,Part II — Power Test,Mathematics,Mathematics,MATH1 — Number Sense and Proportional Reasoning,direct proportion,MATH-WP,Multi-step Application,Moderate,Free,English,,"If 6 notebooks cost ₱270 at the same rate, how much do 10 notebooks cost?",₱360,₱400,₱540,₱450,,D,Unit price=270/6=45; ten cost 10×45=450.,270/6=45 | 45×10=450,Find the unit rate before scaling.,85,No calculator,False,Passed,Passed,Approved for Distribution
DOST-W2-313,2,Undergraduate,Part II — Power Test,Mathematics,Mathematics,MATH1 — Number Sense and Proportional Reasoning,inverse proportion,MATH-WP,Multi-step Application,Moderate,Free,English,,Eight workers complete a task in 15 days at equal constant rates. How many days would 12 workers need?,10 days,8 days,12 days,22.5 days,,A,Worker-days are constant: 8×15=120; 120/12=10 days.,8×15=120 worker-days | 120/12=10 days,"For fixed work, workers and time are inversely proportional.",115,No calculator,False,Passed,Passed,Approved for Distribution
DOST-W2-314,2,Undergraduate,Part II — Power Test,Mathematics,Mathematics,MATH1 — Number Sense and Proportional Reasoning,fraction comparison,MATH-WP,Single-step Application,Easy,Premium,English,,Which fraction is greatest?,7/12,5/8,9/16,11/20,,B,"Their decimal values are 0.625, about 0.583, 0.5625, and 0.55.",,Use common denominators or decimal benchmarks.,85,No calculator,False,Passed,Passed,Approved for Distribution
DOST-W2-315,2,Undergraduate,Part II — Power Test,Mathematics,Mathematics,MATH1 — Number Sense and Proportional Reasoning,scientific notation,MATH-WP,Single-step Application,Moderate,Premium,English,,What is (3×10⁴)(2×10⁻³)?,6×10⁻⁷,5×10¹,6×10¹,6×10⁷,,C,Multiply coefficients and add exponents: 6×10^(4−3)=6×10¹.,3×2=6 | 10⁴×10⁻³=10¹,Multiply coefficients and add powers of ten.,115,No calculator,False,Passed,Passed,Approved for Distribution
DOST-W2-316,2,Undergraduate,Part II — Power Test,Mathematics,Mathematics,MATH1 — Number Sense and Proportional Reasoning,estimation,MATH-WP,Single-step Application,Easy,Premium,English,,Which is the best estimate of 19.8×5.1?,10,50,500,100,,D,Round to 20×5=100.,,Use compatible rounded values to estimate.,85,No calculator,False,Passed,Passed,Approved for Distribution
DOST-W2-317,2,Undergraduate,Part II — Power Test,Mathematics,Mathematics,MATH2 — Expressions and Algebraic Manipulation,simplification,MATH-WP,Multi-step Application,Moderate,Free,English,,Simplify 4(3x−2)−3(2x+5).,6x−23,6x+7,18x−23,2x−7,,A,12x−8−6x−15=6x−23.,12x−8−6x−15 | 6x−23,Distribute negative factors carefully.,85,No calculator,False,Passed,Passed,Approved for Distribution
DOST-W2-318,2,Undergraduate,Part II — Power Test,Mathematics,Mathematics,MATH2 — Expressions and Algebraic Manipulation,factoring,MATH-WP,Single-step Application,Easy,Premium,English,,Factor 2x²−8x.,2(x−4)²,2x(x−4),x(2x−8x),2x(x+4),,B,"The greatest common factor is 2x, leaving x−4.",,Factor out the greatest common factor first.,85,No calculator,False,Passed,Passed,Approved for Distribution
DOST-W2-319,2,Undergraduate,Part II — Power Test,Mathematics,Mathematics,MATH2 — Expressions and Algebraic Manipulation,quadratic factoring,MATH-WP,Single-step Application,Moderate,Premium,English,,Factor x²+7x+12.,(x+2)(x+6),(x−3)(x−4),(x+3)(x+4),(x+1)(x+12),,C,The numbers 3 and 4 have product 12 and sum 7.,,"For x²+bx+c, find two numbers with sum b and product c.",115,No calculator,False,Passed,Passed,Approved for Distribution
DOST-W2-320,2,Undergraduate,Part II — Power Test,Mathematics,Mathematics,MATH2 — Expressions and Algebraic Manipulation,rational expression,MATH-WP,Multi-step Application,Moderate,Premium,English,,"Simplify (x²−9)/(x−3), for x≠3.",x−3,x²+3,1,x+3,,D,"x²−9=(x−3)(x+3), so cancellation gives x+3.",factor numerator | cancel x−3,State excluded values before canceling factors.,115,No calculator,False,Passed,Passed,Approved for Distribution
DOST-W2-321,2,Undergraduate,Part II — Power Test,Mathematics,Mathematics,MATH2 — Expressions and Algebraic Manipulation,negative exponents,MATH-WP,Recognition/Recall,Easy,Premium,English,,Rewrite 2x⁻³ using positive exponents.,2/x³,x³/2,2x³,1/(2x³),,A,"x⁻³=1/x³, so 2x⁻³=2/x³.",,A negative exponent indicates a reciprocal.,85,No calculator,False,Passed,Passed,Approved for Distribution
DOST-W2-322,2,Undergraduate,Part II — Power Test,Mathematics,Mathematics,MATH2 — Expressions and Algebraic Manipulation,radical equation,MATH-WP,Single-step Application,Moderate,Premium,English,,Simplify 3√8.,12√2,6√2,24,3√2,,B,"√8=2√2, so 3√8=6√2.",√8=2√2 | 3×2√2=6√2,Extract perfect-square factors from radicals.,115,No calculator,False,Passed,Passed,Approved for Distribution
DOST-W2-323,2,Undergraduate,Part II — Power Test,Mathematics,Mathematics,"MATH3 — Equations, Systems, and Inequalities",linear equation,MATH-WP,Multi-step Application,Moderate,Free,English,,Solve 4(2x−1)=3x+16.,2,5,4,8,,C,"8x−4=3x+16, so 5x=20 and x=4.",8x−4=3x+16 | 5x=20 | x=4,Expand before collecting variable terms.,115,No calculator,False,Passed,Passed,Approved for Distribution
DOST-W2-324,2,Undergraduate,Part II — Power Test,Mathematics,Mathematics,"MATH3 — Equations, Systems, and Inequalities",system,MATH-WP,Multi-step Application,Moderate,Premium,English,,Solve 2x+y=13 and x−y=2.,"x=3,y=7","x=7,y=−1","x=4,y=5","x=5,y=3",,D,"Adding equations gives 3x=15, so x=5 and y=3.",3x=15 | x=5 | y=3,Use elimination when coefficients cancel conveniently.,115,No calculator,False,Passed,Passed,Approved for Distribution
DOST-W2-325,2,Undergraduate,Part II — Power Test,Mathematics,Mathematics,"MATH3 — Equations, Systems, and Inequalities",absolute value,MATH-WP,Multi-step Application,Moderate,Premium,English,,Solve |x−3|=5.,x=8 or x=−2,x=8 only,x=−2 only,x=5 or x=3,,A,x−3=5 gives x=8; x−3=−5 gives x=−2.,x−3=±5 | x=8 or −2,Absolute-value equations usually produce two cases.,115,No calculator,False,Passed,Passed,Approved for Distribution
DOST-W2-326,2,Undergraduate,Part II — Power Test,Mathematics,Mathematics,"MATH3 — Equations, Systems, and Inequalities",inequality,MATH-WP,Single-step Application,Moderate,Premium,English,,Solve −2x+6≥14.,x≥−4,x≤−4,x≥4,x≤4,,B,−2x≥8; dividing by −2 reverses the inequality: x≤−4.,−2x≥8 | x≤−4,Reverse the inequality when dividing by a negative number.,115,No calculator,False,Passed,Passed,Approved for Distribution
DOST-W2-327,2,Undergraduate,Part II — Power Test,Mathematics,Mathematics,"MATH3 — Equations, Systems, and Inequalities",quadratic equation,MATH-WP,Single-step Application,Easy,Premium,English,,Solve x²−5x+6=0.,x=1 or 6,x=−2 or −3,x=2 or 3,x=5 or 6,,C,"(x−2)(x−3)=0, so x=2 or x=3.",,Set each factor equal to zero.,85,No calculator,False,Passed,Passed,Approved for Distribution
DOST-W2-328,2,Undergraduate,Part II — Power Test,Mathematics,Mathematics,"MATH3 — Equations, Systems, and Inequalities",age problem,MATH-WP,Multi-step Application,Moderate,Premium,English,,Rina is 4 years older than Ben. Their ages total 30. How old is Rina?,13,15,19,17,,D,"Let Ben=x and Rina=x+4. Then 2x+4=30, x=13, so Rina=17.",2x+4=30 | x=13 | x+4=17,Translate relationships before solving.,115,No calculator,False,Passed,Passed,Approved for Distribution
DOST-W2-329,2,Undergraduate,Part II — Power Test,Mathematics,Mathematics,"MATH4 — Functions, Relations, and Graphs",composition,MATH-WP,Multi-step Application,Moderate,Free,English,,"If f(x)=2x+1 and g(x)=x², what is f(g(3))?",19,10,18,49,,A,"g(3)=9, then f(9)=19.",g(3)=9 | f(9)=19,Evaluate the inner function first.,115,No calculator,False,Passed,Passed,Approved for Distribution
DOST-W2-330,2,Undergraduate,Part II — Power Test,Mathematics,Mathematics,"MATH4 — Functions, Relations, and Graphs",inverse relation,MATH-WP,Multi-step Application,Difficult,Premium,English,,"If f(x)=3x−6, which expression gives f⁻¹(x)?",3x+6,(x+6)/3,x/3−6,6−3x,,B,"Set y=3x−6, swap variables, and solve: y=(x+6)/3.",,Find an inverse by swapping x and y and solving.,155,No calculator,False,Passed,Passed,Approved for Distribution
DOST-W2-331,2,Undergraduate,Part II — Power Test,Mathematics,Mathematics,"MATH4 — Functions, Relations, and Graphs",domain,MATH-WP,Recognition/Recall,Easy,Premium,English,,What is the domain of f(x)=1/(x−4)?,all real numbers,x>4 only,all real numbers except 4,x<4 only,,C,"The denominator cannot be zero, so x≠4.",,Exclude values that make a denominator zero.,85,No calculator,False,Passed,Passed,Approved for Distribution
DOST-W2-332,2,Undergraduate,Part II — Power Test,Mathematics,Mathematics,"MATH4 — Functions, Relations, and Graphs",slope-intercept form,MATH-WP,Recognition/Recall,Easy,Premium,English,,Which equation has slope −2 and y-intercept 5?,y=5x−2,y=2x−5,y=−5x+2,y=−2x+5,,D,"In y=mx+b, m=−2 and b=5.",,Read slope and intercept directly from y=mx+b.,85,No calculator,False,Passed,Passed,Approved for Distribution
DOST-W2-333,2,Undergraduate,Part II — Power Test,Mathematics,Mathematics,"MATH4 — Functions, Relations, and Graphs",distance-time graph,MATH-REL,Analysis/Evaluation,Difficult,Premium,English,W2-MATHGRAPH-065,What happened from t=1 h to t=2 h in the graph?,The object was stationary.,Distance increased at a constant rate.,The object returned to the start.,Speed increased continuously.,,A,"The horizontal segment means distance did not change, so the object was stationary.",,A horizontal distance-time segment indicates zero speed.,85,No calculator,True,Passed,Passed,Approved for Distribution
DOST-W2-334,2,Undergraduate,Part II — Power Test,Mathematics,Mathematics,"MATH4 — Functions, Relations, and Graphs",average speed from graph,MATH-REL,Single-step Application,Moderate,Premium,English,W2-MATHGRAPH-065,"From t=2 h to t=3 h, the graph shows distance increasing from 40 km to 80 km. What was the average speed?",20 km/h,40 km/h,60 km/h,80 km/h,,B,Speed=(80−40)/(3−2)=40 km/h.,40 km / 1 h = 40 km/h,Slope of a distance-time graph gives speed.,115,No calculator,True,Passed,Passed,Approved for Distribution
DOST-W2-335,2,Undergraduate,Part II — Power Test,Mathematics,Mathematics,MATH5 — Geometry and Measurement,Pythagorean theorem,MATH-REL,Single-step Application,Easy,Free,English,W2-MATHTRI-066,"In the shown right triangle, what is x?",13,18,15,21,,C,x=√(9²+12²)=√225=15.,x=√(81+144)=15,The hypotenuse is opposite the right angle.,85,No calculator,True,Passed,Passed,Approved for Distribution
DOST-W2-336,2,Undergraduate,Part II — Power Test,Mathematics,Mathematics,MATH5 — Geometry and Measurement,similar triangles,MATH-WP,Multi-step Application,Moderate,Premium,English,,"Two similar triangles have corresponding sides 6 and 9 in the first, and 10 and x in the second. What is x?",12,18,20,15,,D,"The scale factor is 10/6=5/3, so x=9×5/3=15.",x/9=10/6 | x=15,Corresponding side ratios are equal in similar triangles.,115,No calculator,False,Passed,Passed,Approved for Distribution
DOST-W2-337,2,Undergraduate,Part II — Power Test,Mathematics,Mathematics,MATH5 — Geometry and Measurement,polygon angles,MATH-WP,Single-step Application,Easy,Premium,English,,What is the sum of interior angles of a hexagon?,720°,360°,540°,900°,,A,Sum=(n−2)180=(6−2)180=720°.,4×180=720°,Interior-angle sum is (n−2)180°.,85,No calculator,False,Passed,Passed,Approved for Distribution
DOST-W2-338,2,Undergraduate,Part II — Power Test,Mathematics,Mathematics,MATH5 — Geometry and Measurement,sector area,MATH-WP,Multi-step Application,Moderate,Premium,English,,What is the area of a 90° sector of a circle with radius 8 cm?,8π cm²,16π cm²,32π cm²,64π cm²,,B,"A 90° sector is one-fourth of π(8²)=64π, so area=16π.",90/360×64π=16π,Sector area is the same fraction of total circle area as its central angle.,115,No calculator,False,Passed,Passed,Approved for Distribution
DOST-W2-339,2,Undergraduate,Part II — Power Test,Mathematics,Mathematics,MATH5 — Geometry and Measurement,surface area,MATH-WP,Single-step Application,Easy,Premium,English,,What is the total surface area of a cube with side 4 cm?,16 cm²,24 cm²,96 cm²,64 cm²,,C,A cube has six square faces: 6×4²=96 cm².,6×16=96,Surface area counts all exposed faces.,85,No calculator,False,Passed,Passed,Approved for Distribution
DOST-W2-340,2,Undergraduate,Part II — Power Test,Mathematics,Mathematics,MATH5 — Geometry and Measurement,coordinate distance,MATH-WP,Single-step Application,Moderate,Premium,English,,"What is the distance between (1,2) and (4,6)?",3,4,7,5,,D,Distance=√[(3)²+(4)²]=5.,√(9+16)=5,Coordinate distance uses the Pythagorean theorem.,115,No calculator,False,Passed,Passed,Approved for Distribution
DOST-W2-341,2,Undergraduate,Part II — Power Test,Mathematics,Mathematics,MATH5 — Geometry and Measurement,circle tangent,MATH-WP,Recognition/Recall,Easy,Premium,English,,A radius drawn to the point of tangency is:,perpendicular to the tangent,parallel to the tangent,equal to the circumference,always a diameter,,A,The radius to a tangent point forms a right angle with the tangent line.,,Use the radius-tangent perpendicularity theorem.,85,No calculator,False,Passed,Passed,Approved for Distribution
DOST-W2-342,2,Undergraduate,Part II — Power Test,Mathematics,Mathematics,MATH5 — Geometry and Measurement,composite volume,MATH-WP,Single-step Application,Easy,Premium,English,,A rectangular tank measures 2 m by 1.5 m by 1 m. How many cubic meters does it hold when full?,2 m³,3 m³,3.5 m³,4.5 m³,,B,Volume=2×1.5×1=3 m³.,2×1.5×1=3,Rectangular-prism volume is length×width×height.,85,No calculator,False,Passed,Passed,Approved for Distribution
DOST-W2-343,2,Undergraduate,Part II — Power Test,Mathematics,Mathematics,MATH6 — Trigonometry,tangent ratio,MATH-WP,Single-step Application,Easy,Free,English,,"In a right triangle, the opposite side is 8 and the adjacent side is 6. What is tan θ?",3/4,7/8,4/3,8/14,,C,tanθ=opposite/adjacent=8/6=4/3.,,TOA: tangent equals opposite over adjacent.,85,No calculator,False,Passed,Passed,Approved for Distribution
DOST-W2-344,2,Undergraduate,Part II — Power Test,Mathematics,Mathematics,MATH6 — Trigonometry,special angle,MATH-WP,Recognition/Recall,Easy,Premium,English,,What is sin 30°?,0,√2/2,√3/2,1/2,,D,The exact special-angle value is 1/2.,,Use standard 30°–60°–90° ratios.,85,No calculator,False,Passed,Passed,Approved for Distribution
DOST-W2-345,2,Undergraduate,Part II — Power Test,Mathematics,Mathematics,MATH6 — Trigonometry,law of sines,MATH-WP,Multi-step Application,Moderate,Premium,English,,"In a triangle, side a=10 is opposite angle 30°. Side b is opposite angle 90°. What is b?",20,5,10,10√2,,A,"a/sin30=b/sin90, so 10/(1/2)=b/1 and b=20.",10/0.5=20,Match each side with its opposite angle.,115,No calculator,False,Passed,Passed,Approved for Distribution
DOST-W2-346,2,Undergraduate,Part II — Power Test,Mathematics,Mathematics,MATH6 — Trigonometry,identity,MATH-WP,Single-step Application,Moderate,Premium,English,,"If cosθ=12/13 and θ is acute, what is sinθ?",12/13,5/13,13/5,1/13,,B,Using a 5-12-13 triangle or sin²+cos²=1 gives sinθ=5/13.,,"For acute angles, use the positive complementary leg ratio.",115,No calculator,False,Passed,Passed,Approved for Distribution
DOST-W2-347,2,Undergraduate,Part II — Power Test,Mathematics,Mathematics,MATH6 — Trigonometry,bearing application,MATH-WP,Analysis/Evaluation,Difficult,Premium,English,,A person walks 10 km east and 10 km north. The direction from the start is:,45° south of east,90° north of west,45° north of east,due east,,C,Equal perpendicular components form a 45° direction northeast.,,Equal east and north components give a 45° northeast bearing.,85,No calculator,False,Passed,Passed,Approved for Distribution
DOST-W2-348,2,Undergraduate,Part II — Power Test,Mathematics,Mathematics,MATH7 — Sequences and Pattern Reasoning,arithmetic sequence,MATH-WP,Single-step Application,Moderate,Free,English,,"What is the 15th term of 7, 11, 15, 19, ...?",59,67,71,63,,D,a15=7+14(4)=63.,7+56=63,Use a_n=a_1+(n−1)d.,115,No calculator,False,Passed,Passed,Approved for Distribution
DOST-W2-349,2,Undergraduate,Part II — Power Test,Mathematics,Mathematics,MATH7 — Sequences and Pattern Reasoning,geometric sequence,MATH-WP,Single-step Application,Moderate,Premium,English,,"What is the 6th term of 2, 6, 18, ...?",486,162,243,729,,A,a6=2×3⁵=486.,2×243=486,Use a_n=a_1r^(n−1).,115,No calculator,False,Passed,Passed,Approved for Distribution
DOST-W2-350,2,Undergraduate,Part II — Power Test,Mathematics,Mathematics,MATH7 — Sequences and Pattern Reasoning,sum arithmetic,MATH-WP,Single-step Application,Moderate,Premium,English,,What is the sum of the first 10 positive integers?,45,55,50,100,,B,S=10(1+10)/2=55.,10×11/2=55,Arithmetic-series sum is n(first+last)/2.,85,No calculator,False,Passed,Passed,Approved for Distribution
DOST-W2-351,2,Undergraduate,Part II — Power Test,Mathematics,Mathematics,MATH7 — Sequences and Pattern Reasoning,recursive pattern,MATH-WP,Analysis/Evaluation,Difficult,Premium,English,,"Find the next term: 2, 5, 11, 23, ____",35,46,47,48,,C,Each term is twice the previous term plus 1: 23×2+1=47.,,Test recursive rules across all given terms.,115,No calculator,False,Passed,Passed,Approved for Distribution
DOST-W2-352,2,Undergraduate,Part II — Power Test,Mathematics,Mathematics,MATH7 — Sequences and Pattern Reasoning,alternating sequence,MATH-WP,Analysis/Evaluation,Difficult,Premium,English,,"Find the next term: 4, 9, 7, 12, 10, 15, ____",11,12,20,13,,D,"The pattern alternates +5, −2, so 15−2=13.",,Separate alternating operations into two repeating steps.,115,No calculator,False,Passed,Passed,Approved for Distribution
DOST-W2-353,2,Undergraduate,Part II — Power Test,Mathematics,Mathematics,MATH8 — Statistics and Probability,weighted mean,MATH-WP,Multi-step Application,Moderate,Free,English,,A quiz counts 40% and an exam counts 60%. A student scores 80 on the quiz and 90 on the exam. What is the weighted score?,86,84,85,88,,A,0.40(80)+0.60(90)=32+54=86.,32+54=86,Weights must sum to 1 or 100%.,115,No calculator,False,Passed,Passed,Approved for Distribution
DOST-W2-354,2,Undergraduate,Part II — Power Test,Mathematics,Mathematics,MATH8 — Statistics and Probability,range,MATH-WP,Single-step Application,Moderate,Premium,English,,"What is the range of 14, 8, 21, 17, and 11?",7,13,10,29,,B,Range=max−min=21−8=13.,,Range measures total spread from minimum to maximum.,85,No calculator,False,Passed,Passed,Approved for Distribution
DOST-W2-355,2,Undergraduate,Part II — Power Test,Mathematics,Mathematics,MATH8 — Statistics and Probability,probability without replacement,MATH-WP,Multi-step Application,Moderate,Premium,English,,A bag contains 3 red and 2 blue balls. What is the probability of drawing two red balls without replacement?,1/5,2/5,3/10,3/5,,C,P=3/5×2/4=6/20=3/10.,3/5×2/4=3/10,Update the denominator after the first draw.,115,No calculator,False,Passed,Passed,Approved for Distribution
DOST-W2-356,2,Undergraduate,Part II — Power Test,Mathematics,Mathematics,MATH8 — Statistics and Probability,independent events,MATH-WP,Multi-step Application,Moderate,Premium,English,,A fair coin is tossed and a fair six-sided die is rolled. What is the probability of heads and an even number?,1/6,1/3,1/2,1/4,,D,P(heads)=1/2 and P(even)=3/6=1/2; product=1/4.,1/2×1/2=1/4,Multiply probabilities of independent events.,115,No calculator,False,Passed,Passed,Approved for Distribution
DOST-W2-357,2,Undergraduate,Part II — Power Test,Mathematics,Mathematics,MATH8 — Statistics and Probability,permutation,MATH-WP,Recognition/Recall,Easy,Premium,English,,"How many arrangements of the letters A, B, C, and D are possible?",24,4,8,12,,A,There are 4!=24 arrangements.,,Permutations of n distinct objects equal n!.,85,No calculator,False,Passed,Passed,Approved for Distribution
DOST-W2-358,2,Undergraduate,Part II — Power Test,Mathematics,Mathematics,MATH8 — Statistics and Probability,standard deviation concept,MATH-WP,Analysis/Evaluation,Difficult,Premium,English,,Which data set has the smaller spread?,"7,9,11,13","10,10,10,10","2,8,12,18","0,10,10,20",,B,"All values in the first set are identical, so its standard deviation is zero.",,Less variation means smaller standard deviation.,115,No calculator,False,Passed,Passed,Approved for Distribution
DOST-W2-359,2,Undergraduate,Part II — Power Test,Mathematics,Mathematics,MATH9 — Applied Quantitative Problems,compound interest,MATH-WP,Multi-step Application,Moderate,Free,English,,"₱10,000 earns 10% compounded annually for 2 years. What is the final amount?","₱11,000","₱12,000","₱12,100","₱20,000",,C,A=10000(1.10)²=12100.,10000×1.21=12100,Compound interest applies growth to the updated balance.,115,No calculator,False,Passed,Passed,Approved for Distribution
DOST-W2-360,2,Undergraduate,Part II — Power Test,Mathematics,Mathematics,MATH9 — Applied Quantitative Problems,mixture,MATH-WP,Multi-step Application,Difficult,Premium,English,,How many liters of pure water should be added to 5 L of 40% solution to make it 25%?,2 L,5 L,8 L,3 L,,D,"Pure solute remains 2 L. Let final volume be V: 2/V=0.25, so V=8 and water added=3 L.",0.40×5=2 L solute | 2/V=0.25 → V=8 | 8−5=3 L,Conserve the amount of dissolved substance.,155,No calculator,False,Passed,Passed,Approved for Distribution
DOST-W2-361,2,Undergraduate,Part II — Power Test,Mathematics,Mathematics,MATH9 — Applied Quantitative Problems,combined work,MATH-WP,Multi-step Application,Difficult,Premium,English,,Pipe A fills a tank in 4 h and Pipe B in 6 h. How long do they take together?,2 h 24 min,3 h,5 h,10 h,,A,"Rate=1/4+1/6=5/12 tank/h, so time=12/5 h=2.4 h=2 h 24 min.",1/4+1/6=5/12 | time=12/5 h,"Add rates, then take the reciprocal.",155,No calculator,False,Passed,Passed,Approved for Distribution
DOST-W2-362,2,Undergraduate,Part II — Power Test,Mathematics,Mathematics,MATH9 — Applied Quantitative Problems,relative speed,MATH-WP,Multi-step Application,Difficult,Premium,English,,A bus leaves at 8:00 AM traveling 60 km/h. A car leaves the same point at 9:00 AM traveling 90 km/h in the same direction. When does the car catch the bus?,10:00 AM,11:00 AM,12:00 PM,1:00 PM,,B,"The bus has a 60 km lead. Relative speed=30 km/h, so catch-up takes 2 h after 9:00, at 11:00 AM.",lead=60 km | relative speed=30 km/h | time=2 h,Catch-up time equals lead divided by relative speed.,115,No calculator,False,Passed,Passed,Approved for Distribution
DOST-W2-363,2,Undergraduate,Part II — Power Test,Mathematics,Mathematics,MATH9 — Applied Quantitative Problems,age,MATH-WP,Multi-step Application,Difficult,Premium,English,,"Five years ago, Ana was twice Ben's age. In five years, their ages will total 50. How old is Ana now?",20,30,25,35,,C,"Let current ages be A and B. A−5=2(B−5), so A=2B−5. Also A+B+10=50, so A+B=40. Then 3B−5=40, B=15, and A=25.","A=2B−5 | A+B=40 | 3B=45 | B=15, A=25",Set equations from both time conditions.,155,No calculator,False,Passed,Passed,Approved for Distribution
DOST-W2-364,2,Undergraduate,Part II — Power Test,Mathematics,Mathematics,MATH9 — Applied Quantitative Problems,optimization,MATH-WP,Analysis/Evaluation,Difficult,Premium,English,,A rectangle has perimeter 40 m. Which dimensions give the maximum area?,1 m by 19 m,5 m by 15 m,8 m by 12 m,10 m by 10 m,,D,"For a fixed perimeter, the rectangle with maximum area is a square: 10×10.",,"Among rectangles with fixed perimeter, the square has maximum area.",115,No calculator,False,Passed,Passed,Approved for Distribution
DOST-W2-365,2,Undergraduate,Part II — Power Test,Mathematics,Mathematics,"MATH10 — Tables, Charts, and Quantitative Interpretation",defect rate,MATH-REL,Single-step Application,Moderate,Free,English,W2-MATHTABLE-064,What was the defect rate in Week 2?,3%,2%,4%,9%,,A,9 defective out of 300 gives 9/300=0.03=3%.,9/300×100=3%,A rate compares part with the corresponding total.,115,No calculator,True,Passed,Passed,Approved for Distribution
DOST-W2-366,2,Undergraduate,Part II — Power Test,Mathematics,Mathematics,"MATH10 — Tables, Charts, and Quantitative Interpretation",lowest defect percentage,MATH-REL,Multi-step Application,Difficult,Premium,English,W2-MATHTABLE-064,Which week had the lowest defect percentage?,Week 1,Week 4,Week 2,Week 3,,B,"Rates are 5%, 3%, 5%, and 2.5%, so Week 4 is lowest.",12/240=5% | 9/300=3% | 14/280=5% | 8/320=2.5%,"Compare proportions, not raw defective counts alone.",155,No calculator,True,Passed,Passed,Approved for Distribution
DOST-W2-367,2,Undergraduate,Part II — Power Test,Mathematics,Mathematics,"MATH10 — Tables, Charts, and Quantitative Interpretation",total production,MATH-REL,Single-step Application,Moderate,Premium,English,W2-MATHTABLE-064,How many units were produced during all four weeks?,820,"1,040","1,140","1,240",,C,"240+300+280+320=1,140.",240+300+280+320=1140,Add all relevant totals carefully.,85,No calculator,True,Passed,Passed,Approved for Distribution
DOST-W2-368,2,Undergraduate,Part II — Power Test,Mathematics,Mathematics,"MATH10 — Tables, Charts, and Quantitative Interpretation",percentage comparison,MATH-REL,Multi-step Application,Difficult,Premium,English,W2-MATHTABLE-064,Production rose from 240 units in Week 1 to 300 in Week 2. What was the percent increase?,20%,40%,60%,25%,,D,Increase=60; 60/240=25%.,60/240×100=25%,Percent increase uses the initial amount.,115,No calculator,True,Passed,Passed,Approved for Distribution
DOST-W2-369,2,Undergraduate,Part II — Power Test,Mathematics,Mathematics,"MATH10 — Tables, Charts, and Quantitative Interpretation",graph interpretation,MATH-REL,Analysis/Evaluation,Difficult,Premium,English,W2-MATHGRAPH-065,The flat segment of a cumulative-distance graph indicates:,no additional distance during that interval,zero distance traveled overall,constant acceleration,negative distance,,A,A horizontal cumulative-distance segment means the recorded distance did not increase.,,Interpret slope in the context of the graph's variables.,85,No calculator,True,Passed,Passed,Approved for Distribution
DOST-W2-370,2,Undergraduate,Part II — Power Test,Mathematics,Mathematics,"MATH10 — Tables, Charts, and Quantitative Interpretation",data claim,MATH-REL,Analysis/Evaluation,Difficult,Premium,English,W2-MATHTABLE-064,Which claim is best supported by the production table?,Week 3 had the best quality.,Week 4 had both the highest output and the lowest defect percentage.,Defect counts rose every week.,Production was constant.,,B,"Week 4 produced 320 units and had 8 defects, the highest output and lowest percentage.",,Check every part of a compound claim against the data.,115,No calculator,True,Passed,Passed,Approved for Distribution
DOST-W2-371,2,Undergraduate,Part II — Power Test,Mechanical-Technical,Mechanical-Technical,MECH1 — Simple Machines,gear train,MECH-SYS,Multi-step Application,Moderate,Free,English,W2-MECHGEAR-067,Gear A rotates clockwise in the diagram. In which direction does Gear C rotate?,counterclockwise,it does not rotate,clockwise,direction cannot be determined,,C,"A drives B in the opposite direction; B drives C opposite B, so C rotates in the same direction as A.",,Each external gear contact reverses rotation direction.,115,No calculator,True,Passed,Passed,Approved for Distribution
DOST-W2-372,2,Undergraduate,Part II — Power Test,Mechanical-Technical,Mechanical-Technical,MECH1 — Simple Machines,gear speed,MECH-SYS,Analysis/Evaluation,Moderate,Premium,English,W2-MECHGEAR-067,"If Gear A is larger than Gear C in the shown train, Gear C generally rotates:",more slowly than A,at exactly the same speed,only when B is removed,faster than A,,D,"For meshed gears, smaller gears rotate faster than larger gears, ignoring losses.",,Angular speed is inversely related to gear size or tooth count.,115,No calculator,True,Passed,Passed,Approved for Distribution
DOST-W2-373,2,Undergraduate,Part II — Power Test,Mechanical-Technical,Mechanical-Technical,MECH1 — Simple Machines,pulley mechanical advantage,MECH-SYS,Single-step Application,Moderate,Premium,English,W2-MECHPULLEY-068,"In an ideal pulley system with two supporting rope segments holding the moving load, the mechanical advantage is approximately:",2,1,3,4,,A,"Two rope segments share the load, so the ideal force advantage is 2.",,Count the rope segments supporting the moving load.,115,No calculator,True,Passed,Passed,Approved for Distribution
DOST-W2-374,2,Undergraduate,Part II — Power Test,Mechanical-Technical,Mechanical-Technical,MECH1 — Simple Machines,wheel and axle,MECH-SYS,Analysis/Evaluation,Moderate,Premium,English,,A large steering wheel makes turning a shaft easier mainly because it:,decreases all friction to zero,increases the lever arm,reduces the shaft's mass,creates energy,,B,A larger radius allows the same force to produce greater torque.,,Wheel-and-axle systems trade distance for torque.,85,No calculator,False,Passed,Passed,Approved for Distribution
DOST-W2-375,2,Undergraduate,Part II — Power Test,Mechanical-Technical,Mechanical-Technical,MECH1 — Simple Machines,inclined plane,MECH-SYS,Analysis/Evaluation,Moderate,Premium,English,,An ideal ramp is made twice as long while reaching the same height. The force needed to push the same load up the ramp is approximately:,doubled,unchanged,halved,four times greater,,C,Doubling the ramp length halves the ideal slope force while doubling travel distance.,,Ideal work is conserved: lower force requires longer distance.,115,No calculator,False,Passed,Passed,Approved for Distribution
DOST-W2-376,2,Undergraduate,Part II — Power Test,Mechanical-Technical,Mechanical-Technical,"MECH2 — Force, Torque, and Equilibrium",lever equilibrium,MECH-SYS,Multi-step Application,Moderate,Free,English,W2-MECHLEVER-069,What downward force on the right balances the lever in the diagram?,40 N,50 N,80 N,60 N,,D,"Balance torques: 40×1.5=F×1.0, so F=60 N.",40×1.5=60 N·m | F=60 N,Set clockwise and counterclockwise torques equal.,115,No calculator,True,Passed,Passed,Approved for Distribution
DOST-W2-377,2,Undergraduate,Part II — Power Test,Mechanical-Technical,Mechanical-Technical,"MECH2 — Force, Torque, and Equilibrium",center of gravity,MECH-SYS,Analysis/Evaluation,Moderate,Premium,English,,A tall cabinet is less likely to tip when heavy items are placed:,near the bottom,on the top shelf,outside the cabinet,at any height equally,,A,Lowering the center of mass increases stability.,,A low center of mass and wide base improve stability.,85,No calculator,False,Passed,Passed,Approved for Distribution
DOST-W2-378,2,Undergraduate,Part II — Power Test,Mechanical-Technical,Mechanical-Technical,"MECH2 — Force, Torque, and Equilibrium",support reactions,MECH-SYS,Analysis/Evaluation,Moderate,Premium,English,,"A uniform beam rests on two supports and carries a centered load. If the setup is symmetric, the supports exert:",forces in the same downward direction as the load,equal upward forces,zero force,unequal forces regardless of placement,,B,Symmetry and vertical equilibrium require the load to be shared equally.,,Use symmetry before doing detailed calculations.,115,No calculator,False,Passed,Passed,Approved for Distribution
DOST-W2-379,2,Undergraduate,Part II — Power Test,Mechanical-Technical,Mechanical-Technical,"MECH2 — Force, Torque, and Equilibrium",moment arm,MECH-SYS,Recognition/Recall,Easy,Premium,English,,A force produces maximum torque when applied:,parallel to the lever arm,through the pivot,perpendicular to the lever arm,with zero magnitude,,C,Torque τ=rFsinθ is largest when θ=90°.,,Perpendicular force gives maximum turning effect.,85,No calculator,False,Passed,Passed,Approved for Distribution
DOST-W2-380,2,Undergraduate,Part II — Power Test,Mechanical-Technical,Mechanical-Technical,MECH3 — Motion and Component Interaction,belt drive,MECH-SYS,Recognition/Recall,Easy,Free,English,,"An uncrossed belt connects two pulleys. If the driving pulley rotates clockwise, the driven pulley rotates:",counterclockwise,randomly,only vertically,clockwise,,D,An uncrossed belt preserves the direction of rotation.,,A crossed belt reverses direction; an uncrossed belt preserves it.,85,No calculator,False,Passed,Passed,Approved for Distribution
DOST-W2-381,2,Undergraduate,Part II — Power Test,Mechanical-Technical,Mechanical-Technical,MECH3 — Motion and Component Interaction,cam mechanism,MECH-SYS,Recognition/Recall,Easy,Premium,English,,A rotating cam is commonly used to convert rotary motion into:,reciprocating or oscillating motion,chemical energy,magnetic charge only,no motion,,A,The changing cam radius pushes a follower in and out.,,Cams transform rotation into controlled follower motion.,115,No calculator,False,Passed,Passed,Approved for Distribution
DOST-W2-382,2,Undergraduate,Part II — Power Test,Mechanical-Technical,Mechanical-Technical,MECH3 — Motion and Component Interaction,crank-slider,MECH-SYS,Analysis/Evaluation,Moderate,Premium,English,,"In an engine, the crankshaft and connecting rod primarily convert:",heat directly into mass,reciprocating piston motion and rotary motion into each other,pressure into light only,electrical resistance into density,,B,The crank-slider mechanism links linear piston travel and shaft rotation.,,Identify the motion transformation performed by each mechanism.,115,No calculator,False,Passed,Passed,Approved for Distribution
DOST-W2-383,2,Undergraduate,Part II — Power Test,Mechanical-Technical,Mechanical-Technical,MECH3 — Motion and Component Interaction,flywheel,MECH-SYS,Analysis/Evaluation,Difficult,Premium,English,,A flywheel helps a machine run more smoothly because it:,eliminates all friction,stops the shaft every cycle,stores rotational energy and resists rapid speed changes,reduces mass to zero,,C,Its rotational inertia stores energy during high-torque intervals and releases it during low-torque intervals.,,Flywheels smooth cyclic speed variation.,150,No calculator,False,Passed,Passed,Approved for Distribution
DOST-W2-384,2,Undergraduate,Part II — Power Test,Mechanical-Technical,Mechanical-Technical,"MECH4 — Fluids, Hydraulics, and Flow",hydraulic force,MECH-SYS,Multi-step Application,Moderate,Free,English,W2-MECHHYD-070,"Using the areas shown, what ideal output force results from a 100 N input?",100 N,250 N,1000 N,500 N,,D,Pressure is equal: Fout=100×(50/10)=500 N.,100×5=500 N,Hydraulic force ratio equals piston-area ratio.,115,No calculator,True,Passed,Passed,Approved for Distribution
DOST-W2-385,2,Undergraduate,Part II — Power Test,Mechanical-Technical,Mechanical-Technical,"MECH4 — Fluids, Hydraulics, and Flow",pipe diameter,MECH-SYS,Analysis/Evaluation,Moderate,Premium,English,,"If a steady incompressible flow enters a pipe section with half the cross-sectional area, the average speed becomes approximately:",double,half,the same,four times smaller,,A,Continuity A₁v₁=A₂v₂ means halving area doubles speed.,,"For steady incompressible flow, area and speed are inversely related.",115,No calculator,False,Passed,Passed,Approved for Distribution
DOST-W2-386,2,Undergraduate,Part II — Power Test,Mechanical-Technical,Mechanical-Technical,"MECH4 — Fluids, Hydraulics, and Flow",pump placement,MECH-SYS,Analysis/Evaluation,Difficult,Premium,English,,A pump is generally more prone to cavitation when pressure at its inlet becomes:,too high only,too low,equal to zero velocity,independent of vapor pressure,,B,Very low inlet pressure can cause liquid to vaporize locally and form collapsing bubbles.,,Cavitation is linked to pressure falling below vapor pressure.,150,No calculator,False,Passed,Passed,Approved for Distribution
DOST-W2-387,2,Undergraduate,Part II — Power Test,Mechanical-Technical,Mechanical-Technical,"MECH4 — Fluids, Hydraulics, and Flow",tank head,MECH-SYS,Analysis/Evaluation,Moderate,Premium,English,,Two identical faucets are supplied from open tanks. Tank X has a higher water surface above the faucet than Tank Y. Which faucet has greater ideal pressure?,Y,both equal regardless of height,X,neither has pressure,,C,Hydrostatic pressure increases with vertical head.,,"Pressure head depends on elevation difference, not tank shape alone.",85,No calculator,False,Passed,Passed,Approved for Distribution
DOST-W2-388,2,Undergraduate,Part II — Power Test,Mechanical-Technical,Mechanical-Technical,"MECH5 — Heat, Materials, and Thermal Response",insulation,MECH-SYS,Analysis/Evaluation,Moderate,Free,English,,Why does trapped air improve insulation in foam or double-glazed windows?,Air generates unlimited heat.,Air has no particles.,It increases metal conductivity.,Air is a poor conductor and convection is limited in small spaces.,,D,"Still air conducts poorly, and small cells suppress large convection currents.",,Good insulation limits conduction and convection.,115,No calculator,False,Passed,Passed,Approved for Distribution
DOST-W2-389,2,Undergraduate,Part II — Power Test,Mechanical-Technical,Mechanical-Technical,"MECH5 — Heat, Materials, and Thermal Response",material choice,MECH-SYS,Analysis/Evaluation,Moderate,Premium,English,,A heat sink is commonly made from aluminum because aluminum has:,relatively high thermal conductivity and low mass,zero thermal expansion,no electrical properties,lower conductivity than wood,,A,Aluminum transfers heat effectively while remaining lightweight.,,Choose materials based on the required thermal and mechanical properties.,115,No calculator,False,Passed,Passed,Approved for Distribution
DOST-W2-390,2,Undergraduate,Part II — Power Test,Mechanical-Technical,Mechanical-Technical,"MECH5 — Heat, Materials, and Thermal Response",bimetal strip,MECH-SYS,Analysis/Evaluation,Difficult,Premium,English,,A bimetal strip bends when heated because the two bonded metals:,have identical expansion,expand by different amounts,lose all mass,become magnets only,,B,Different coefficients of thermal expansion force the bonded strip to curve.,,Differential thermal expansion can produce controlled motion.,115,No calculator,False,Passed,Passed,Approved for Distribution
DOST-W2-391,2,Undergraduate,Part II — Power Test,Mechanical-Technical,Mechanical-Technical,MECH6 — Engines and Cycles,four-stroke cycle,MECH-SYS,Recognition/Recall,Easy,Free,English,,Which sequence is correct for a four-stroke engine?,compression → intake → exhaust → power,power → intake → compression → exhaust,intake → compression → power → exhaust,exhaust → power → intake → compression,,C,"The standard sequence is intake, compression, power, and exhaust.",,Know the function and order of the four strokes.,85,No calculator,False,Passed,Passed,Approved for Distribution
DOST-W2-392,2,Undergraduate,Part II — Power Test,Mechanical-Technical,Mechanical-Technical,MECH6 — Engines and Cycles,cooling system,MECH-SYS,Recognition/Recall,Easy,Premium,English,,The main purpose of an engine radiator is to:,increase combustion pressure directly,store fuel,charge the battery,transfer excess heat from coolant to surrounding air,,D,The radiator provides large area for heat exchange between coolant and air.,,Cooling systems remove waste heat to prevent overheating.,85,No calculator,False,Passed,Passed,Approved for Distribution
DOST-W2-393,2,Undergraduate,Part II — Power Test,Mechanical-Technical,Mechanical-Technical,MECH6 — Engines and Cycles,efficiency,MECH-SYS,Analysis/Evaluation,Difficult,Premium,English,,No heat engine can convert all absorbed heat into useful work because:,some energy must be rejected as waste heat under the second law,energy is not conserved,work has no units,temperature never changes,,A,A cyclic heat engine must discharge some thermal energy to a lower-temperature reservoir.,,Thermal efficiency is fundamentally less than 100%.,150,No calculator,False,Passed,Passed,Approved for Distribution
DOST-W2-394,2,Undergraduate,Part II — Power Test,Mechanical-Technical,Mechanical-Technical,MECH7 — Electrical and Electromagnetic Systems,fuse,MECH-SYS,Recognition/Recall,Easy,Premium,English,,A fuse protects a circuit by:,increasing voltage without limit,melting and opening the circuit when current is excessive,storing all current,cooling every component,,B,Excess current heats the fuse element until it melts and interrupts the path.,,Protective devices open a circuit before wiring overheats.,85,No calculator,False,Passed,Passed,Approved for Distribution
DOST-W2-395,2,Undergraduate,Part II — Power Test,Mechanical-Technical,Mechanical-Technical,MECH7 — Electrical and Electromagnetic Systems,motor principle,MECH-SYS,Recognition/Recall,Moderate,Premium,English,,An electric motor operates because a current-carrying conductor in a magnetic field experiences:,a loss of all charge,zero energy transfer,a force,only chemical corrosion,,C,Magnetic force on current-carrying conductors produces torque.,,Motors convert electrical energy into mechanical rotation.,115,No calculator,False,Passed,Passed,Approved for Distribution
DOST-W2-396,2,Undergraduate,Part II — Power Test,Mechanical-Technical,Mechanical-Technical,MECH7 — Electrical and Electromagnetic Systems,transformer,MECH-SYS,Analysis/Evaluation,Difficult,Premium,English,,A transformer requires alternating current mainly because:,direct current has no electrons,alternating current has no resistance,magnets work only at night,a changing magnetic flux induces voltage in the secondary coil,,D,Continuous voltage induction requires changing magnetic flux.,,Transformers operate through electromagnetic induction.,150,No calculator,False,Passed,Passed,Approved for Distribution
DOST-W2-397,2,Undergraduate,Part II — Power Test,Mechanical-Technical,Mechanical-Technical,MECH7 — Electrical and Electromagnetic Systems,circuit fault,MECH-SYS,Analysis/Evaluation,Difficult,Premium,English,,A short circuit is dangerous because it can create:,very large current through a low-resistance path,zero current in all wires,lower temperature automatically,a perfectly regulated voltage,,A,Low resistance can allow current high enough to overheat wires and damage the source.,,Current rises when resistance falls at fixed voltage.,115,No calculator,False,Passed,Passed,Approved for Distribution
DOST-W2-398,2,Undergraduate,Part II — Power Test,Mechanical-Technical,Mechanical-Technical,"MECH8 — Tools, Structures, and Applied Design",tool selection,MECH-SYS,Recognition/Recall,Easy,Premium,English,,Which tool is most appropriate for accurately measuring the outside diameter of a small metal rod?,paint brush,vernier caliper,wood saw,screwdriver,,B,"A vernier caliper is designed for precise external, internal, and depth measurements.",,Select tools by function and required precision.,85,No calculator,False,Passed,Passed,Approved for Distribution
DOST-W2-399,2,Undergraduate,Part II — Power Test,Mechanical-Technical,Mechanical-Technical,"MECH8 — Tools, Structures, and Applied Design",truss,MECH-SYS,Analysis/Evaluation,Difficult,Premium,English,,Why are triangles widely used in truss bridges?,Triangles eliminate all forces.,They always use no material.,A triangle is geometrically rigid when its side lengths are fixed.,They cannot carry compression.,,C,Triangular members resist shape change and distribute tension and compression.,,Triangulation improves structural stability.,115,No calculator,False,Passed,Passed,Approved for Distribution
DOST-W2-400,2,Undergraduate,Part II — Power Test,Mechanical-Technical,Mechanical-Technical,"MECH8 — Tools, Structures, and Applied Design",safety factor,MECH-SYS,Analysis/Evaluation,Difficult,Premium,English,,Why do engineers design structures with a safety factor?,To guarantee that failure is impossible,To reduce all dimensions to zero,To ignore material variation,To provide capacity beyond expected working loads and uncertainties,,D,"Safety factors account for uncertain loads, material variation, wear, and modeling limits.",,Safety factors manage uncertainty; they do not eliminate risk.,150,No calculator,False,Passed,Passed,Approved for Distribution
DOST-W3-001,3,Undergraduate,Part I — Logical Reasoning,Verbal Reasoning,Verbal Reasoning,VR1 — Analogies and Semantic Relationships,access mechanism,VR-ANA,Recognition/Recall,Easy,Free,English,,KEY : LOCK :: PASSWORD : ____,account,keyboard,screen,message,,A,A key grants access through a lock; a password grants access to an account.,,Name the relationship before applying it to the second pair.,45,No calculator,False,Passed,Passed,Approved for Distribution
DOST-W3-002,3,Undergraduate,Part I — Logical Reasoning,Verbal Reasoning,Verbal Reasoning,VR1 — Analogies and Semantic Relationships,counteracting agent,VR-ANA,Recognition/Recall,Easy,Free,English,,ANTIDOTE : POISON :: FIRE EXTINGUISHER : ____,smoke,flame,water,alarm,,B,An antidote counteracts poison; a fire extinguisher counteracts flame.,,Name the relationship before applying it to the second pair.,45,No calculator,False,Passed,Passed,Approved for Distribution
DOST-W3-003,3,Undergraduate,Part I — Logical Reasoning,Verbal Reasoning,Verbal Reasoning,VR1 — Analogies and Semantic Relationships,path-to-mover,VR-ANA,Recognition/Recall,Easy,Free,English,,ORBIT : PLANET :: TRACK : ____,stadium,coach,runner,medal,,C,A planet follows an orbit; a runner follows a track.,,Name the relationship before applying it to the second pair.,45,No calculator,False,Passed,Passed,Approved for Distribution
DOST-W3-004,3,Undergraduate,Part I — Logical Reasoning,Verbal Reasoning,Verbal Reasoning,VR1 — Analogies and Semantic Relationships,instrument-to-measurement,VR-ANA,Recognition/Recall,Easy,Free,English,,SCALE : WEIGHT :: PROTRACTOR : ____,length,area,volume,angle,,D,A scale measures weight; a protractor measures angle.,,Name the relationship before applying it to the second pair.,45,No calculator,False,Passed,Passed,Approved for Distribution
DOST-W3-005,3,Undergraduate,Part I — Logical Reasoning,Verbal Reasoning,Verbal Reasoning,VR1 — Analogies and Semantic Relationships,dwelling-to-group,VR-ANA,Recognition/Recall,Easy,Free,English,,HIVE : BEES :: COLONY : ____,ants,trees,clouds,rivers,,A,A hive houses bees; a colony houses or groups ants.,,Name the relationship before applying it to the second pair.,45,No calculator,False,Passed,Passed,Approved for Distribution
DOST-W3-006,3,Undergraduate,Part I — Logical Reasoning,Verbal Reasoning,Verbal Reasoning,VR1 — Analogies and Semantic Relationships,introductory element,VR-ANA,Recognition/Recall,Easy,Free,English,,PREFACE : BOOK :: TRAILER : ____,actor,movie,camera,ticket,,B,A preface introduces a book; a trailer introduces or previews a movie.,,Name the relationship before applying it to the second pair.,45,No calculator,False,Passed,Passed,Approved for Distribution
DOST-W3-007,3,Undergraduate,Part I — Logical Reasoning,Verbal Reasoning,Verbal Reasoning,VR1 — Analogies and Semantic Relationships,organism-to-renewal process,VR-ANA,Recognition/Recall,Easy,Premium,English,,MOLT : BIRD :: SHED : ____,fish,tree,snake,stone,,C,A bird molts feathers; a snake sheds skin.,,Name the relationship before applying it to the second pair.,45,No calculator,False,Passed,Passed,Approved for Distribution
DOST-W3-008,3,Undergraduate,Part I — Logical Reasoning,Verbal Reasoning,Verbal Reasoning,VR1 — Analogies and Semantic Relationships,action-to-reduced property,VR-ANA,Recognition/Recall,Easy,Premium,English,,DILUTE : CONCENTRATION :: INSULATE : ____,weight,sound source,volume only,temperature transfer,,D,Dilution reduces concentration; insulation reduces heat transfer.,,Name the relationship before applying it to the second pair.,45,No calculator,False,Passed,Passed,Approved for Distribution
DOST-W3-009,3,Undergraduate,Part I — Logical Reasoning,Verbal Reasoning,Verbal Reasoning,VR2 — Coded Words and Transformations,multi-rule letter coding,VR-COD,Multi-step Application,Easy,Free,English,,A code moves every letter three places forward in the alphabet. How is LAMP written?,ODPS,ODPT,KZLO,PEQT,,A,"L→O, A→D, M→P, and P→S, giving ODPS.",,Apply the stated transformation exactly once to every required position.,65,No calculator,False,Passed,Passed,Approved for Distribution
DOST-W3-010,3,Undergraduate,Part I — Logical Reasoning,Verbal Reasoning,Verbal Reasoning,VR2 — Coded Words and Transformations,multi-rule letter coding,VR-COD,Multi-step Application,Easy,Premium,English,,A code reverses the word and then replaces every A with Z. How is DATA written?,ATAD,ZTZD,ZTAD,ATZD,,B,DATA reversed is ATAD; replacing both A letters with Z gives ZTZD.,,Apply the stated transformation exactly once to every required position.,65,No calculator,False,Passed,Passed,Approved for Distribution
DOST-W3-011,3,Undergraduate,Part I — Logical Reasoning,Verbal Reasoning,Verbal Reasoning,VR2 — Coded Words and Transformations,multi-rule letter coding,VR-COD,Multi-step Application,Easy,Premium,English,,"Letters in odd positions move two places forward, while letters in even positions stay unchanged. How is MIND coded?",OIPE,OJPF,OIPD,MIND,,C,"M→O, I stays I, N→P, D stays D, producing OIPD.",,Apply the stated transformation exactly once to every required position.,65,No calculator,False,Passed,Passed,Approved for Distribution
DOST-W3-012,3,Undergraduate,Part I — Logical Reasoning,Verbal Reasoning,Verbal Reasoning,VR2 — Coded Words and Transformations,multi-rule letter coding,VR-COD,Multi-step Application,Easy,Premium,English,,"Using A=1, B=2, …, Z=26, what word is represented by 3-15-4-5?",COLD,COVE,CORE,CODE,,D,"3=C, 15=O, 4=D, and 5=E, spelling CODE.",,Apply the stated transformation exactly once to every required position.,65,No calculator,False,Passed,Passed,Approved for Distribution
DOST-W3-013,3,Undergraduate,Part I — Logical Reasoning,Verbal Reasoning,Verbal Reasoning,VR2 — Coded Words and Transformations,multi-rule letter coding,VR-COD,Multi-step Application,Easy,Premium,English,,A word is coded by moving its first two letters to the end. How is SIGNAL coded?,GNALSI,NALSIG,ALSIGN,SIGALN,,A,SIGNAL becomes GNALSI after moving SI to the end.,,Apply the stated transformation exactly once to every required position.,65,No calculator,False,Passed,Passed,Approved for Distribution
DOST-W3-014,3,Undergraduate,Part I — Logical Reasoning,Verbal Reasoning,Verbal Reasoning,VR2 — Coded Words and Transformations,multi-rule letter coding,VR-COD,Multi-step Application,Easy,Premium,English,,"A code replaces each letter with its opposite in the alphabet: A↔Z, B↔Y, and so on. How is LOGIC written?",OLGIX,OLTRX,MPTJD,KMFHB,,B,"L→O, O→L, G→T, I→R, and C→X, giving OLTRX.",,Apply the stated transformation exactly once to every required position.,65,No calculator,False,Passed,Passed,Approved for Distribution
DOST-W3-015,3,Undergraduate,Part I — Logical Reasoning,Verbal Reasoning,Verbal Reasoning,VR2 — Coded Words and Transformations,multi-rule letter coding,VR-COD,Multi-step Application,Moderate,Premium,English,,A code adds the alphabet positions of the first and last letters. What is the code value of MATH?,20,22,21,25,,C,"M=13 and H=8, so the code value is 21.",,Apply the stated transformation exactly once to every required position.,65,No calculator,False,Passed,Passed,Approved for Distribution
DOST-W3-016,3,Undergraduate,Part I — Logical Reasoning,Verbal Reasoning,Verbal Reasoning,VR2 — Coded Words and Transformations,multi-rule letter coding,VR-COD,Multi-step Application,Moderate,Premium,English,,A code duplicates every consonant and leaves vowels unchanged. How is MAP written?,MMAAPP,MAPP,MMAAP,MMAPP,,D,"M becomes MM, A stays A, and P becomes PP, giving MMAPP.",,Apply the stated transformation exactly once to every required position.,65,No calculator,False,Passed,Passed,Approved for Distribution
DOST-W3-017,3,Undergraduate,Part I — Logical Reasoning,Verbal Reasoning,Verbal Reasoning,VR3 — Syllogisms and Deductive Logic,valid conclusion and contraposition,VR-LOG,Analysis/Evaluation,Moderate,Free,English,,All biodegradable bags break down under suitable conditions. Bag P is biodegradable. Which conclusion must be true?,Bag P can break down under suitable conditions.,Bag P will disappear immediately.,Only Bag P is biodegradable.,All bags are biodegradable.,,A,Bag P belongs to the class stated to break down under suitable conditions.,,Do not confuse a necessary condition with a sufficient one.,75,No calculator,False,Passed,Passed,Approved for Distribution
DOST-W3-018,3,Undergraduate,Part I — Logical Reasoning,Verbal Reasoning,Verbal Reasoning,VR3 — Syllogisms and Deductive Logic,valid conclusion and contraposition,VR-LOG,Analysis/Evaluation,Moderate,Premium,English,,No mammals breathe through gills throughout life. All whales are mammals. Which conclusion follows?,Some whales are fish.,No whales breathe through gills throughout life.,All gill-breathing animals are whales.,Whales do not need oxygen.,,B,"If all whales are mammals and no mammals have that property, then no whales have it.",,Do not confuse a necessary condition with a sufficient one.,75,No calculator,False,Passed,Passed,Approved for Distribution
DOST-W3-019,3,Undergraduate,Part I — Logical Reasoning,Verbal Reasoning,Verbal Reasoning,VR3 — Syllogisms and Deductive Logic,valid conclusion and contraposition,VR-LOG,Analysis/Evaluation,Moderate,Premium,English,,"If the sensor detects smoke, the alarm sounds. The alarm did not sound. Which conclusion is valid under the stated rule?",There was definitely no fire.,The battery was removed.,The sensor did not detect smoke.,The sensor detected heat instead.,,C,"Contraposition gives: if the alarm did not sound, the stated sufficient condition did not occur.",,Do not confuse a necessary condition with a sufficient one.,75,No calculator,False,Passed,Passed,Approved for Distribution
DOST-W3-020,3,Undergraduate,Part I — Logical Reasoning,Verbal Reasoning,Verbal Reasoning,VR3 — Syllogisms and Deductive Logic,valid conclusion and contraposition,VR-LOG,Analysis/Evaluation,Moderate,Premium,English,,All certified devices passed the safety test. Device Q passed the safety test. What can be concluded?,Q is certified.,Q failed certification.,Only certified devices can pass.,Q may or may not be certified.,,D,"Passing is necessary for certification, but the premise does not state that passing is sufficient.",,Do not confuse a necessary condition with a sufficient one.,75,No calculator,False,Passed,Passed,Approved for Distribution
DOST-W3-021,3,Undergraduate,Part I — Logical Reasoning,Verbal Reasoning,Verbal Reasoning,VR3 — Syllogisms and Deductive Logic,valid conclusion and contraposition,VR-LOG,Analysis/Evaluation,Moderate,Premium,English,,Some river water samples contain nitrates. All nitrate-containing samples require further analysis. Which conclusion follows?,Some river water samples require further analysis.,All river water samples contain nitrates.,Only river water contains nitrates.,No sample can be tested.,,A,The river samples containing nitrates belong to the group requiring further analysis.,,Do not confuse a necessary condition with a sufficient one.,75,No calculator,False,Passed,Passed,Approved for Distribution
DOST-W3-022,3,Undergraduate,Part I — Logical Reasoning,Verbal Reasoning,Verbal Reasoning,VR3 — Syllogisms and Deductive Logic,valid conclusion and contraposition,VR-LOG,Analysis/Evaluation,Moderate,Premium,English,,No transparent material in the set is metallic. Sample R is metallic. Which conclusion must be true?,R is glass.,R is not transparent.,All metals are opaque everywhere.,R is not in the set.,,B,"Within the stated set, metallic and transparent categories do not overlap.",,Do not confuse a necessary condition with a sufficient one.,75,No calculator,False,Passed,Passed,Approved for Distribution
DOST-W3-023,3,Undergraduate,Part I — Logical Reasoning,Verbal Reasoning,Verbal Reasoning,VR3 — Syllogisms and Deductive Logic,valid conclusion and contraposition,VR-LOG,Analysis/Evaluation,Moderate,Premium,English,,Every student who joined the field trip submitted a consent form. Carlo did not submit a consent form. What follows?,Carlo joined without permission.,The trip was cancelled.,Carlo did not join the field trip.,All nonparticipants lacked forms.,,C,"By contraposition, failure to submit the required form rules out joining under the stated condition.",,Do not confuse a necessary condition with a sufficient one.,75,No calculator,False,Passed,Passed,Approved for Distribution
DOST-W3-024,3,Undergraduate,Part I — Logical Reasoning,Verbal Reasoning,Verbal Reasoning,VR3 — Syllogisms and Deductive Logic,valid conclusion and contraposition,VR-LOG,Analysis/Evaluation,Moderate,Premium,English,,Some efficient buildings use passive cooling. No building using passive cooling in the study had high daytime energy use. Which conclusion follows?,All efficient buildings use passive cooling.,All low-energy buildings are efficient.,No building used electricity.,Some efficient buildings did not have high daytime energy use.,,D,The efficient buildings using passive cooling are included among buildings without high daytime energy use.,,Do not confuse a necessary condition with a sufficient one.,75,No calculator,False,Passed,Passed,Approved for Distribution
DOST-W3-025,3,Undergraduate,Part I — Logical Reasoning,Verbal Reasoning,Verbal Reasoning,VR3 — Syllogisms and Deductive Logic,valid conclusion and contraposition,VR-LOG,Analysis/Evaluation,Moderate,Premium,English,,All calibrated instruments give readings within the accepted tolerance. Instrument S gives a reading outside tolerance. Which conclusion is valid?,S is not calibrated under the stated conditions.,S has no scale.,All instruments are inaccurate.,Tolerance has no meaning.,,A,An outside-tolerance reading contradicts the stated property of every calibrated instrument.,,Do not confuse a necessary condition with a sufficient one.,75,No calculator,False,Passed,Passed,Approved for Distribution
DOST-W3-026,3,Undergraduate,Part I — Logical Reasoning,Verbal Reasoning,Verbal Reasoning,VR3 — Syllogisms and Deductive Logic,valid conclusion and contraposition,VR-LOG,Analysis/Evaluation,Moderate,Premium,English,,Some applicants are honor students. All honor students in the batch received recommendation letters. Which conclusion must be true?,Every applicant is an honor student.,Some applicants received recommendation letters.,Only honor students received letters.,No applicant lacked a letter.,,B,The applicants who are honor students received recommendation letters.,,Do not confuse a necessary condition with a sufficient one.,75,No calculator,False,Passed,Passed,Approved for Distribution
DOST-W3-027,3,Undergraduate,Part I — Logical Reasoning,Verbal Reasoning,Verbal Reasoning,VR4 — Ordering and Comparative Logic,ranking and direction,VR-LOG,Multi-step Application,Moderate,Free,English,,Aris arrived before Bea. Cora arrived after Bea but before Dino. Who arrived first?,Bea,Cora,Aris,Dino,,C,"The order is Aris, Bea, Cora, Dino.",,Translate statements into one consistent chain or map.,70,No calculator,False,Passed,Passed,Approved for Distribution
DOST-W3-028,3,Undergraduate,Part I — Logical Reasoning,Verbal Reasoning,Verbal Reasoning,VR4 — Ordering and Comparative Logic,ranking and direction,VR-LOG,Multi-step Application,Moderate,Premium,English,,Container W is heavier than X. Y is lighter than Z but heavier than W. Which is heaviest?,W,X,Y,Z,,D,Z > Y > W > X.,,Translate statements into one consistent chain or map.,70,No calculator,False,Passed,Passed,Approved for Distribution
DOST-W3-029,3,Undergraduate,Part I — Logical Reasoning,Verbal Reasoning,Verbal Reasoning,VR4 — Ordering and Comparative Logic,ranking and direction,VR-LOG,Multi-step Application,Moderate,Premium,English,,"Station B is north of Station A. Station C is west of B. From A, C is generally:",northwest,northeast,southeast,southwest,,A,"Move north, then west, so C is northwest of A.",,Translate statements into one consistent chain or map.,70,No calculator,False,Passed,Passed,Approved for Distribution
DOST-W3-030,3,Undergraduate,Part I — Logical Reasoning,Verbal Reasoning,Verbal Reasoning,VR4 — Ordering and Comparative Logic,ranking and direction,VR-LOG,Multi-step Application,Moderate,Premium,English,,Lina submits before Miko. Neri submits after Olan but before Lina. Who submits last?,Lina,Miko,Neri,Olan,,B,Olan → Neri → Lina → Miko.,,Translate statements into one consistent chain or map.,70,No calculator,False,Passed,Passed,Approved for Distribution
DOST-W3-031,3,Undergraduate,Part I — Logical Reasoning,Verbal Reasoning,Verbal Reasoning,VR4 — Ordering and Comparative Logic,ranking and direction,VR-LOG,Multi-step Application,Moderate,Premium,English,,Sample P has a higher boiling point than Q. R has a lower boiling point than S but higher than P. Which has the lowest boiling point?,P,R,Q,S,,C,S > R > P > Q.,,Translate statements into one consistent chain or map.,70,No calculator,False,Passed,Passed,Approved for Distribution
DOST-W3-032,3,Undergraduate,Part I — Logical Reasoning,Verbal Reasoning,Verbal Reasoning,VR4 — Ordering and Comparative Logic,ranking and direction,VR-LOG,Multi-step Application,Moderate,Premium,English,,Team J scored more than K but less than L. Team M scored less than K. Which team placed second?,K,L,M,J,,D,"L is first, J second, K third, M fourth.",,Translate statements into one consistent chain or map.,70,No calculator,False,Passed,Passed,Approved for Distribution
DOST-W3-033,3,Undergraduate,Part I — Logical Reasoning,Verbal Reasoning,Verbal Reasoning,VR4 — Ordering and Comparative Logic,ranking and direction,VR-LOG,Multi-step Application,Moderate,Premium,English,,Tank A empties faster than B. C empties slower than A but faster than B. Which order is correct?,"A, C, B","C, A, B","A, B, C","B, C, A",,A,"C lies between A and B, so A > C > B in emptying speed.",,Translate statements into one consistent chain or map.,70,No calculator,False,Passed,Passed,Approved for Distribution
DOST-W3-034,3,Undergraduate,Part I — Logical Reasoning,Verbal Reasoning,Verbal Reasoning,VR4 — Ordering and Comparative Logic,ranking and direction,VR-LOG,Multi-step Application,Moderate,Premium,English,,"Point X is east of Y. Z is south of X. W is west of Z. If east and west distances are equal, W is:",north of Y,south of Y,east of Y,at Y,,B,"The horizontal shifts cancel, leaving W south of Y.",,Translate statements into one consistent chain or map.,70,No calculator,False,Passed,Passed,Approved for Distribution
DOST-W3-035,3,Undergraduate,Part I — Logical Reasoning,Verbal Reasoning,Verbal Reasoning,VR4 — Ordering and Comparative Logic,ranking and direction,VR-LOG,Multi-step Application,Moderate,Premium,English,,Book H is thicker than J. K is thinner than H but thicker than L. J is thicker than K. Which is thickest?,J,K,H,L,,C,H > J > K > L.,,Translate statements into one consistent chain or map.,70,No calculator,False,Passed,Passed,Approved for Distribution
DOST-W3-036,3,Undergraduate,Part I — Logical Reasoning,Verbal Reasoning,Verbal Reasoning,VR4 — Ordering and Comparative Logic,ranking and direction,VR-LOG,Multi-step Application,Moderate,Premium,English,,Device R uses less energy than S. T uses more than U but less than R. Which uses the least energy?,R,S,T,U,,D,S > R > T > U.,,Translate statements into one consistent chain or map.,70,No calculator,False,Passed,Passed,Approved for Distribution
DOST-W3-037,3,Undergraduate,Part I — Logical Reasoning,Verbal Reasoning,Verbal Reasoning,VR5 — Inference and Argument Analysis,"evidence, bias, and assumption",VR-LOG,Analysis/Evaluation,Difficult,Free,English,,A school says a new ventilation schedule reduced classroom carbon dioxide. Which evidence best supports the claim?,CO₂ readings fell during matched occupied periods after the schedule began.,Students liked the new timetable.,Windows were repainted.,The school bought new chairs.,,A,Matched before-and-after measurements directly address the claim.,,"Look for controls, confounders, selection effects, and overgeneralization.",95,No calculator,False,Passed,Passed,Approved for Distribution
DOST-W3-038,3,Undergraduate,Part I — Logical Reasoning,Verbal Reasoning,Verbal Reasoning,VR5 — Inference and Argument Analysis,"evidence, bias, and assumption",VR-LOG,Analysis/Evaluation,Difficult,Premium,English,,A farm claims that a seed treatment increased germination. Which information is most important?,The color of the seed packet,A control group of untreated seeds under the same conditions,The farmer's years of experience,The distance to the market,,B,A matched untreated group is needed to isolate the treatment effect.,,"Look for controls, confounders, selection effects, and overgeneralization.",95,No calculator,False,Passed,Passed,Approved for Distribution
DOST-W3-039,3,Undergraduate,Part I — Logical Reasoning,Verbal Reasoning,Verbal Reasoning,VR5 — Inference and Argument Analysis,"evidence, bias, and assumption",VR-LOG,Analysis/Evaluation,Difficult,Premium,English,,A survey finds that students who join clubs report higher confidence. Which fact most weakens a causal conclusion?,The survey used online forms.,Clubs meet after class.,Students with higher confidence may be more likely to join clubs initially.,Some clubs are academic.,,C,Self-selection could explain the association.,,"Look for controls, confounders, selection effects, and overgeneralization.",95,No calculator,False,Passed,Passed,Approved for Distribution
DOST-W3-040,3,Undergraduate,Part I — Logical Reasoning,Verbal Reasoning,Verbal Reasoning,VR5 — Inference and Argument Analysis,"evidence, bias, and assumption",VR-LOG,Analysis/Evaluation,Difficult,Premium,English,,"Which assumption is required for the proposal, “Adding covered walkways will reduce late arrivals during heavy rain”?",All students walk to school.,Covered walkways prevent every delay.,Rain occurs every day.,Rain exposure contributes to at least some delays.,,D,The intervention can help only if rain exposure is a genuine cause of delay.,,"Look for controls, confounders, selection effects, and overgeneralization.",95,No calculator,False,Passed,Passed,Approved for Distribution
DOST-W3-041,3,Undergraduate,Part I — Logical Reasoning,Verbal Reasoning,Verbal Reasoning,VR5 — Inference and Argument Analysis,"evidence, bias, and assumption",VR-LOG,Analysis/Evaluation,Difficult,Premium,English,,A test filter removed 90% of particles in four laboratory trials. Which conclusion is most cautious?,"The filter removed most measured particles under the tested conditions, but wider testing is needed.",The filter is perfect in all settings.,No other filter can work.,The filter removes every chemical.,,A,"The limited trial supports a qualified, not universal, conclusion.",,"Look for controls, confounders, selection effects, and overgeneralization.",95,No calculator,False,Passed,Passed,Approved for Distribution
DOST-W3-042,3,Undergraduate,Part I — Logical Reasoning,Verbal Reasoning,Verbal Reasoning,VR5 — Inference and Argument Analysis,"evidence, bias, and assumption",VR-LOG,Analysis/Evaluation,Difficult,Premium,English,,Which evidence most strongly supports installing a pedestrian island on a wide road?,The road has streetlights.,Many pedestrians wait midway because they cannot cross safely in one signal cycle.,The nearby stores are busy.,The road was built ten years ago.,,B,The evidence directly identifies the crossing problem the island addresses.,,"Look for controls, confounders, selection effects, and overgeneralization.",95,No calculator,False,Passed,Passed,Approved for Distribution
DOST-W3-043,3,Undergraduate,Part I — Logical Reasoning,Verbal Reasoning,Verbal Reasoning,VR5 — Inference and Argument Analysis,"evidence, bias, and assumption",VR-LOG,Analysis/Evaluation,Difficult,Premium,English,,A report concludes that background music improves concentration because one class scored higher while music played. What is the main weakness?,The music had no lyrics.,The test was printed.,There was no comparable no-music group under the same conditions.,The class had windows.,,C,"Without a matched comparison, the score difference cannot be attributed confidently to music.",,"Look for controls, confounders, selection effects, and overgeneralization.",95,No calculator,False,Passed,Passed,Approved for Distribution
DOST-W3-044,3,Undergraduate,Part I — Logical Reasoning,Verbal Reasoning,Verbal Reasoning,VR5 — Inference and Argument Analysis,"evidence, bias, and assumption",VR-LOG,Analysis/Evaluation,Difficult,Premium,English,,A city wants to replace paper permits with an online system. Which condition is most important for equitable implementation?,The website should use the mayor's favorite color.,All permits must be longer.,Paper records should be destroyed immediately.,Applicants must have accessible alternatives if they lack internet or devices.,,D,Equitable access requires accommodation for people unable to use the digital channel.,,"Look for controls, confounders, selection effects, and overgeneralization.",95,No calculator,False,Passed,Passed,Approved for Distribution
DOST-W3-045,3,Undergraduate,Part I — Logical Reasoning,Verbal Reasoning,Verbal Reasoning,VR5 — Inference and Argument Analysis,"evidence, bias, and assumption",VR-LOG,Analysis/Evaluation,Difficult,Premium,English,,Which finding best strengthens the claim that tree shade lowers pavement temperature?,"At the same time of day, shaded pavement averaged 8°C cooler than nearby unshaded pavement of the same material.",Trees have branches.,Pavement is gray.,The street receives traffic.,,A,The matched temperature comparison directly supports the cooling claim.,,"Look for controls, confounders, selection effects, and overgeneralization.",95,No calculator,False,Passed,Passed,Approved for Distribution
DOST-W3-046,3,Undergraduate,Part I — Logical Reasoning,Verbal Reasoning,Verbal Reasoning,VR5 — Inference and Argument Analysis,"evidence, bias, and assumption",VR-LOG,Analysis/Evaluation,Difficult,Premium,English,,"A study reports that a tutoring program was followed by higher scores, but only students who completed every session were analyzed. What possible bias is present?",Unit conversion error,Completion or attrition bias,Random assignment,Double blinding,,B,Excluding noncompleters can make the program appear more effective than it was for all participants.,,"Look for controls, confounders, selection effects, and overgeneralization.",95,No calculator,False,Passed,Passed,Approved for Distribution
DOST-W3-047,3,Undergraduate,Part I — Logical Reasoning,Verbal Reasoning,Verbal Reasoning,VR7 — Short-Passage Reasoning,critical interpretation,VR-PASS,Analysis/Evaluation,Moderate,Free,English,W3-VRPASS-001,What is the best summary?,The project was abandoned after one problem.,Rain barrels always prevent flooding.,The team improved a useful system after identifying design limits.,Cleaning water use increased.,,C,"The system provided benefits, revealed limitations, and was modified.",,Choose the conclusion that matches the passage's actual evidence and limits.,85,No calculator,False,Passed,Passed,Approved for Distribution
DOST-W3-048,3,Undergraduate,Part I — Logical Reasoning,Verbal Reasoning,Verbal Reasoning,VR7 — Short-Passage Reasoning,critical interpretation,VR-PASS,Analysis/Evaluation,Moderate,Premium,English,W3-VRPASS-002,What type of problem affected the instrument?,random variation only,sampling bias,language ambiguity,systematic error,,D,A consistent offset is systematic error.,,Choose the conclusion that matches the passage's actual evidence and limits.,85,No calculator,False,Passed,Passed,Approved for Distribution
DOST-W3-049,3,Undergraduate,Part I — Logical Reasoning,Verbal Reasoning,Verbal Reasoning,VR7 — Short-Passage Reasoning,critical interpretation,VR-PASS,Analysis/Evaluation,Moderate,Premium,English,W3-VRPASS-003,Why is the decision reasonable?,It balances user requests with observed demand.,It ignores all evidence.,It proves surveys are useless.,It guarantees full attendance.,,A,The limited trial targets the period when demand is most plausible.,,Choose the conclusion that matches the passage's actual evidence and limits.,85,No calculator,False,Passed,Passed,Approved for Distribution
DOST-W3-050,3,Undergraduate,Part I — Logical Reasoning,Verbal Reasoning,Verbal Reasoning,VR7 — Short-Passage Reasoning,critical interpretation,VR-PASS,Analysis/Evaluation,Moderate,Premium,English,W3-VRPASS-004,What makes the report cautious?,It denies that damage changed.,It recognizes that multiple interventions and other factors may have contributed.,It assumes mangroves never help.,It uses no observations.,,B,The report avoids assigning the outcome to one cause without isolation.,,Choose the conclusion that matches the passage's actual evidence and limits.,85,No calculator,False,Passed,Passed,Approved for Distribution
DOST-W3-051,3,Undergraduate,Part I — Logical Reasoning,Verbal Reasoning,Verbal Reasoning,VR7 — Short-Passage Reasoning,critical interpretation,VR-PASS,Analysis/Evaluation,Moderate,Premium,English,W3-VRPASS-005,Which principle is illustrated?,The shortest schedule is always best.,Cleanup has no effect on safety.,"Optimization should consider constraints, not speed alone.",Idle time cannot be reduced.,,C,A good design balances efficiency with required constraints.,,Choose the conclusion that matches the passage's actual evidence and limits.,85,No calculator,False,Passed,Passed,Approved for Distribution
DOST-W3-052,3,Undergraduate,Part I — Logical Reasoning,Verbal Reasoning,Verbal Reasoning,VR7 — Short-Passage Reasoning,critical interpretation,VR-PASS,Analysis/Evaluation,Difficult,Premium,English,W3-VRPASS-006,What improved the data?,more colorful sensors,fewer observations,higher temperatures,standardized measurement conditions,,D,Common placement and shielding reduced measurement inconsistency.,,Choose the conclusion that matches the passage's actual evidence and limits.,85,No calculator,False,Passed,Passed,Approved for Distribution
DOST-W3-053,3,Undergraduate,Part I — Logical Reasoning,Verbal Reasoning,Verbal Reasoning,VR7 — Short-Passage Reasoning,critical interpretation,VR-PASS,Analysis/Evaluation,Difficult,Premium,English,W3-VRPASS-007,Which reasoning step was most important?,Testing a hidden source of variation,Ignoring differences among materials,Increasing every rate equally,Removing the control plots,,A,Composition differences could explain variation and needed measurement.,,Choose the conclusion that matches the passage's actual evidence and limits.,85,No calculator,False,Passed,Passed,Approved for Distribution
DOST-W3-054,3,Undergraduate,Part I — Logical Reasoning,Verbal Reasoning,Verbal Reasoning,VR7 — Short-Passage Reasoning,critical interpretation,VR-PASS,Analysis/Evaluation,Difficult,Premium,English,W3-VRPASS-008,Why is the teacher's question important?,Device type never matters.,Different loads can affect battery runtime.,Battery runtime is unrelated to current.,One observation proves all comparisons.,,B,A fair comparison requires equal or controlled loads.,,Choose the conclusion that matches the passage's actual evidence and limits.,85,No calculator,False,Passed,Passed,Approved for Distribution
DOST-W3-055,3,Undergraduate,Part I — Logical Reasoning,Verbal Reasoning,Verbal Reasoning,VR7 — Short-Passage Reasoning,critical interpretation,VR-PASS,Analysis/Evaluation,Difficult,Premium,English,W3-VRPASS-009,Why are the additional checks needed?,Drainage can never affect flooding.,Maps contain no evidence.,Several factors can produce the same spatial pattern.,Rainfall is always constant.,,C,"Flooding may depend on drainage, topography, and storm intensity.",,Choose the conclusion that matches the passage's actual evidence and limits.,85,No calculator,False,Passed,Passed,Approved for Distribution
DOST-W3-056,3,Undergraduate,Part I — Logical Reasoning,Non-Verbal Reasoning,Non-Verbal Reasoning,"NVR1 — Identical Figure, Rotation, and Reflection",rotation with internal landmarks,NVR-ROT,Analysis/Evaluation,Moderate,Free,English,W3-NVRROT-010,Rotation Challenge 1: Which option is the same figure after rotation only?,[visual choice],[visual choice],[visual choice],[visual choice],,D,"The correct choice keeps the same clockwise order of the tail, filled circle, open square, and central diamond.",,Rotation preserves handedness; reflection reverses it.,80,No calculator,True,Passed,Passed,Approved for Distribution
DOST-W3-057,3,Undergraduate,Part I — Logical Reasoning,Non-Verbal Reasoning,Non-Verbal Reasoning,"NVR1 — Identical Figure, Rotation, and Reflection",rotation with internal landmarks,NVR-ROT,Analysis/Evaluation,Moderate,Free,English,W3-NVRROT-011,Rotation Challenge 2: Which option is the same figure after rotation only?,[visual choice],[visual choice],[visual choice],[visual choice],,A,"The correct choice keeps the same clockwise order of the tail, filled circle, open square, and central diamond.",,Rotation preserves handedness; reflection reverses it.,80,No calculator,True,Passed,Passed,Approved for Distribution
DOST-W3-058,3,Undergraduate,Part I — Logical Reasoning,Non-Verbal Reasoning,Non-Verbal Reasoning,"NVR1 — Identical Figure, Rotation, and Reflection",rotation with internal landmarks,NVR-ROT,Analysis/Evaluation,Moderate,Free,English,W3-NVRROT-012,Rotation Challenge 3: Which option is the same figure after rotation only?,[visual choice],[visual choice],[visual choice],[visual choice],,B,"The correct choice keeps the same clockwise order of the tail, filled circle, open square, and central diamond.",,Rotation preserves handedness; reflection reverses it.,80,No calculator,True,Passed,Passed,Approved for Distribution
DOST-W3-059,3,Undergraduate,Part I — Logical Reasoning,Non-Verbal Reasoning,Non-Verbal Reasoning,"NVR1 — Identical Figure, Rotation, and Reflection",rotation with internal landmarks,NVR-ROT,Analysis/Evaluation,Moderate,Free,English,W3-NVRROT-013,Rotation Challenge 4: Which option is the same figure after rotation only?,[visual choice],[visual choice],[visual choice],[visual choice],,C,"The correct choice keeps the same clockwise order of the tail, filled circle, open square, and central diamond.",,Rotation preserves handedness; reflection reverses it.,80,No calculator,True,Passed,Passed,Approved for Distribution
DOST-W3-060,3,Undergraduate,Part I — Logical Reasoning,Non-Verbal Reasoning,Non-Verbal Reasoning,"NVR1 — Identical Figure, Rotation, and Reflection",rotation with internal landmarks,NVR-ROT,Analysis/Evaluation,Moderate,Free,English,W3-NVRROT-014,Rotation Challenge 5: Which option is the same figure after rotation only?,[visual choice],[visual choice],[visual choice],[visual choice],,D,"The correct choice keeps the same clockwise order of the tail, filled circle, open square, and central diamond.",,Rotation preserves handedness; reflection reverses it.,80,No calculator,True,Passed,Passed,Approved for Distribution
DOST-W3-061,3,Undergraduate,Part I — Logical Reasoning,Non-Verbal Reasoning,Non-Verbal Reasoning,"NVR1 — Identical Figure, Rotation, and Reflection",rotation with internal landmarks,NVR-ROT,Analysis/Evaluation,Moderate,Premium,English,W3-NVRROT-015,Rotation Challenge 6: Which option is the same figure after rotation only?,[visual choice],[visual choice],[visual choice],[visual choice],,A,"The correct choice keeps the same clockwise order of the tail, filled circle, open square, and central diamond.",,Rotation preserves handedness; reflection reverses it.,80,No calculator,True,Passed,Passed,Approved for Distribution
DOST-W3-062,3,Undergraduate,Part I — Logical Reasoning,Non-Verbal Reasoning,Non-Verbal Reasoning,"NVR1 — Identical Figure, Rotation, and Reflection",rotation with internal landmarks,NVR-ROT,Analysis/Evaluation,Moderate,Premium,English,W3-NVRROT-016,Rotation Challenge 7: Which option is the same figure after rotation only?,[visual choice],[visual choice],[visual choice],[visual choice],,B,"The correct choice keeps the same clockwise order of the tail, filled circle, open square, and central diamond.",,Rotation preserves handedness; reflection reverses it.,80,No calculator,True,Passed,Passed,Approved for Distribution
DOST-W3-063,3,Undergraduate,Part I — Logical Reasoning,Non-Verbal Reasoning,Non-Verbal Reasoning,"NVR1 — Identical Figure, Rotation, and Reflection",rotation with internal landmarks,NVR-ROT,Analysis/Evaluation,Moderate,Premium,English,W3-NVRROT-017,Rotation Challenge 8: Which option is the same figure after rotation only?,[visual choice],[visual choice],[visual choice],[visual choice],,C,"The correct choice keeps the same clockwise order of the tail, filled circle, open square, and central diamond.",,Rotation preserves handedness; reflection reverses it.,80,No calculator,True,Passed,Passed,Approved for Distribution
DOST-W3-064,3,Undergraduate,Part I — Logical Reasoning,Non-Verbal Reasoning,Non-Verbal Reasoning,"NVR1 — Identical Figure, Rotation, and Reflection",rotation with internal landmarks,NVR-ROT,Analysis/Evaluation,Moderate,Premium,English,W3-NVRROT-018,Rotation Challenge 9: Which option is the same figure after rotation only?,[visual choice],[visual choice],[visual choice],[visual choice],,D,"The correct choice keeps the same clockwise order of the tail, filled circle, open square, and central diamond.",,Rotation preserves handedness; reflection reverses it.,80,No calculator,True,Passed,Passed,Approved for Distribution
DOST-W3-065,3,Undergraduate,Part I — Logical Reasoning,Non-Verbal Reasoning,Non-Verbal Reasoning,"NVR1 — Identical Figure, Rotation, and Reflection",rotation with internal landmarks,NVR-ROT,Analysis/Evaluation,Moderate,Premium,English,W3-NVRROT-019,Rotation Challenge 10: Which option is the same figure after rotation only?,[visual choice],[visual choice],[visual choice],[visual choice],,A,"The correct choice keeps the same clockwise order of the tail, filled circle, open square, and central diamond.",,Rotation preserves handedness; reflection reverses it.,80,No calculator,True,Passed,Passed,Approved for Distribution
DOST-W3-066,3,Undergraduate,Part I — Logical Reasoning,Non-Verbal Reasoning,Non-Verbal Reasoning,NVR2 — Figure Series and Matrices,multi-rule visual sequence,NVR-SER,Multi-step Application,Difficult,Free,English,TD-VR-AR-P1-05,Which figure comes next?,Figure A,Figure B,Figure C,Figure D,,C,"The whole cross rotates 45° each step. The filled and open squares each advance one arm, while the centre dot alternates absent/present. The next frame returns to an unfilled centre.",,"Track each changing feature independently, then combine the rules only after each pattern is clear.",70,No calculator,True,Passed,Passed,Approved for Distribution
DOST-W3-067,3,Undergraduate,Part I — Logical Reasoning,Non-Verbal Reasoning,Non-Verbal Reasoning,NVR3 — Odd One Out and Classification,relational odd-one-out,NVR-ROT,Multi-step Application,Moderate,Premium,English,TD-VR-AR-P1-06,Which figure is the odd one out?,Figure A,Figure B,Figure C,Figure D,Figure E,D,"In A, B, C and E the open marker sits on the branch that is a quarter-turn from the filled endpoint. D breaks that relation.",,Compare relationships across the whole set instead of following only one visible feature.,55,No calculator,True,Passed,Passed,Approved for Distribution
DOST-W3-068,3,Undergraduate,Part I — Logical Reasoning,Non-Verbal Reasoning,Non-Verbal Reasoning,NVR3 — Odd One Out and Classification,relational odd-one-out,NVR-ROT,Multi-step Application,Moderate,Premium,English,TD-VR-AR-P1-07,Which figure is the odd one out?,Figure A,Figure B,Figure C,Figure D,Figure E,E,"In A–D, the open marker is exactly one position clockwise from the filled marker around the diamond. E places it opposite instead.",,Compare relationships across the whole set instead of following only one visible feature.,55,No calculator,True,Passed,Passed,Approved for Distribution
DOST-W3-069,3,Undergraduate,Part I — Logical Reasoning,Non-Verbal Reasoning,Non-Verbal Reasoning,NVR2 — Figure Series and Matrices,visual matrix and rule combination,NVR-SER,Multi-step Application,Difficult,Premium,English,TD-VR-AR-P1-08,Which figure completes the matrix?,Figure A,Figure B,Figure C,Figure D,,B,"Within each row, the third panel is the exclusive-or of the first two: a dot remains only when it appears in one panel, not both. Applying that rule to the last row gives B.",,Compare relationships across the whole set instead of following only one visible feature.,70,No calculator,True,Passed,Passed,Approved for Distribution
DOST-W3-070,3,Undergraduate,Part I — Logical Reasoning,Non-Verbal Reasoning,Non-Verbal Reasoning,NVR2 — Figure Series and Matrices,multi-rule inductive sequence,NVR-SER,Multi-step Application,Difficult,Premium,English,TD-VR-PI-P2-02,Which figure completes the sequence?,Figure A,Figure B,Figure C,Figure D,Figure E,C,"The long line rotates 45° per step, the central shape alternates 3D/2D, and the line alternates between appearing in front of and behind the shape. The missing second frame must be the 2D square with the vertical line behind it.",,"Track each changing feature independently, then combine the rules only after each pattern is clear.",80,No calculator,True,Passed,Passed,Approved for Distribution
DOST-W3-071,3,Undergraduate,Part I — Logical Reasoning,Non-Verbal Reasoning,Non-Verbal Reasoning,NVR2 — Figure Series and Matrices,diagonal matrix progression,NVR-SER,Analysis/Evaluation,Difficult,Premium,English,W3-NVRMAT-025,Visual Matrix 1: Which option belongs in the lower-right cell?,[visual choice],[visual choice],[visual choice],[visual choice],,C,Moving one step right or down increases polygon side count and dot count while advancing rotation and alternating fill.,,Compare both rows and columns before selecting the missing cell.,105,No calculator,True,Passed,Passed,Approved for Distribution
DOST-W3-072,3,Undergraduate,Part I — Logical Reasoning,Non-Verbal Reasoning,Non-Verbal Reasoning,NVR2 — Figure Series and Matrices,diagonal matrix progression,NVR-SER,Analysis/Evaluation,Difficult,Premium,English,W3-NVRMAT-026,Visual Matrix 2: Which option belongs in the lower-right cell?,[visual choice],[visual choice],[visual choice],[visual choice],,D,Moving one step right or down increases polygon side count and dot count while advancing rotation and alternating fill.,,Compare both rows and columns before selecting the missing cell.,105,No calculator,True,Passed,Passed,Approved for Distribution
DOST-W3-073,3,Undergraduate,Part I — Logical Reasoning,Non-Verbal Reasoning,Non-Verbal Reasoning,NVR2 — Figure Series and Matrices,diagonal matrix progression,NVR-SER,Analysis/Evaluation,Difficult,Premium,English,W3-NVRMAT-027,Visual Matrix 3: Which option belongs in the lower-right cell?,[visual choice],[visual choice],[visual choice],[visual choice],,A,Moving one step right or down increases polygon side count and dot count while advancing rotation and alternating fill.,,Compare both rows and columns before selecting the missing cell.,105,No calculator,True,Passed,Passed,Approved for Distribution
DOST-W3-074,3,Undergraduate,Part I — Logical Reasoning,Non-Verbal Reasoning,Non-Verbal Reasoning,NVR2 — Figure Series and Matrices,diagonal matrix progression,NVR-SER,Analysis/Evaluation,Difficult,Premium,English,W3-NVRMAT-028,Visual Matrix 4: Which option belongs in the lower-right cell?,[visual choice],[visual choice],[visual choice],[visual choice],,B,Moving one step right or down increases polygon side count and dot count while advancing rotation and alternating fill.,,Compare both rows and columns before selecting the missing cell.,105,No calculator,True,Passed,Passed,Approved for Distribution
DOST-W3-075,3,Undergraduate,Part I — Logical Reasoning,Non-Verbal Reasoning,Non-Verbal Reasoning,NVR2 — Figure Series and Matrices,diagonal matrix progression,NVR-SER,Analysis/Evaluation,Difficult,Premium,English,W3-NVRMAT-029,Visual Matrix 5: Which option belongs in the lower-right cell?,[visual choice],[visual choice],[visual choice],[visual choice],,C,Moving one step right or down increases polygon side count and dot count while advancing rotation and alternating fill.,,Compare both rows and columns before selecting the missing cell.,105,No calculator,True,Passed,Passed,Approved for Distribution
DOST-W3-076,3,Undergraduate,Part I — Logical Reasoning,Non-Verbal Reasoning,Non-Verbal Reasoning,NVR3 — Odd One Out and Classification,invariant landmark relation,NVR-ROT,Analysis/Evaluation,Moderate,Free,English,,Odd-Figure Set 1: Which option violates the shared visual rule?,[visual choice],[visual choice],[visual choice],[visual choice],,D,Three figures preserve the marker's position relative to the asymmetric body under rotation; the odd figure changes that relation.,,Ignore orientation and compare invariant internal relationships.,75,No calculator,True,Passed,Passed,Approved for Distribution
DOST-W3-077,3,Undergraduate,Part I — Logical Reasoning,Non-Verbal Reasoning,Non-Verbal Reasoning,NVR3 — Odd One Out and Classification,invariant landmark relation,NVR-ROT,Analysis/Evaluation,Moderate,Premium,English,,Odd-Figure Set 2: Which option violates the shared visual rule?,[visual choice],[visual choice],[visual choice],[visual choice],,A,Three figures preserve the marker's position relative to the asymmetric body under rotation; the odd figure changes that relation.,,Ignore orientation and compare invariant internal relationships.,75,No calculator,True,Passed,Passed,Approved for Distribution
DOST-W3-078,3,Undergraduate,Part I — Logical Reasoning,Non-Verbal Reasoning,Non-Verbal Reasoning,NVR3 — Odd One Out and Classification,invariant landmark relation,NVR-ROT,Analysis/Evaluation,Moderate,Premium,English,,Odd-Figure Set 3: Which option violates the shared visual rule?,[visual choice],[visual choice],[visual choice],[visual choice],,B,Three figures preserve the marker's position relative to the asymmetric body under rotation; the odd figure changes that relation.,,Ignore orientation and compare invariant internal relationships.,75,No calculator,True,Passed,Passed,Approved for Distribution
DOST-W3-079,3,Undergraduate,Part I — Logical Reasoning,Non-Verbal Reasoning,Non-Verbal Reasoning,NVR3 — Odd One Out and Classification,invariant landmark relation,NVR-ROT,Analysis/Evaluation,Moderate,Premium,English,,Odd-Figure Set 4: Which option violates the shared visual rule?,[visual choice],[visual choice],[visual choice],[visual choice],,C,Three figures preserve the marker's position relative to the asymmetric body under rotation; the odd figure changes that relation.,,Ignore orientation and compare invariant internal relationships.,75,No calculator,True,Passed,Passed,Approved for Distribution
DOST-W3-080,3,Undergraduate,Part I — Logical Reasoning,Non-Verbal Reasoning,Non-Verbal Reasoning,NVR3 — Odd One Out and Classification,invariant landmark relation,NVR-ROT,Analysis/Evaluation,Moderate,Premium,English,,Odd-Figure Set 5: Which option violates the shared visual rule?,[visual choice],[visual choice],[visual choice],[visual choice],,D,Three figures preserve the marker's position relative to the asymmetric body under rotation; the odd figure changes that relation.,,Ignore orientation and compare invariant internal relationships.,75,No calculator,True,Passed,Passed,Approved for Distribution
DOST-W3-081,3,Undergraduate,Part I — Logical Reasoning,Non-Verbal Reasoning,Non-Verbal Reasoning,NVR3 — Odd One Out and Classification,invariant landmark relation,NVR-ROT,Analysis/Evaluation,Moderate,Premium,English,,Odd-Figure Set 6: Which option violates the shared visual rule?,[visual choice],[visual choice],[visual choice],[visual choice],,A,Three figures preserve the marker's position relative to the asymmetric body under rotation; the odd figure changes that relation.,,Ignore orientation and compare invariant internal relationships.,75,No calculator,True,Passed,Passed,Approved for Distribution
DOST-W3-082,3,Undergraduate,Part I — Logical Reasoning,Non-Verbal Reasoning,Non-Verbal Reasoning,NVR3 — Odd One Out and Classification,invariant landmark relation,NVR-ROT,Analysis/Evaluation,Moderate,Premium,English,,Odd-Figure Set 7: Which option violates the shared visual rule?,[visual choice],[visual choice],[visual choice],[visual choice],,B,Three figures preserve the marker's position relative to the asymmetric body under rotation; the odd figure changes that relation.,,Ignore orientation and compare invariant internal relationships.,75,No calculator,True,Passed,Passed,Approved for Distribution
DOST-W3-083,3,Undergraduate,Part I — Logical Reasoning,Non-Verbal Reasoning,Non-Verbal Reasoning,NVR3 — Odd One Out and Classification,invariant landmark relation,NVR-ROT,Analysis/Evaluation,Moderate,Premium,English,,Odd-Figure Set 8: Which option violates the shared visual rule?,[visual choice],[visual choice],[visual choice],[visual choice],,C,Three figures preserve the marker's position relative to the asymmetric body under rotation; the odd figure changes that relation.,,Ignore orientation and compare invariant internal relationships.,75,No calculator,True,Passed,Passed,Approved for Distribution
DOST-W3-084,3,Undergraduate,Part I — Logical Reasoning,Non-Verbal Reasoning,Non-Verbal Reasoning,NVR4 — Paper Folding and Hole Punching,multi-fold symmetry,NVR-FOLD,Multi-step Application,Moderate,Free,English,W3-NVRFOLD-030,Paper-Folding Set 1: Which hole pattern appears after the sheet is fully unfolded?,[visual choice],[visual choice],[visual choice],[visual choice],,D,Each opening of a fold reflects every existing punch across that crease.,,Unfold in reverse order and duplicate the entire current pattern.,105,No calculator,True,Passed,Passed,Approved for Distribution
DOST-W3-085,3,Undergraduate,Part I — Logical Reasoning,Non-Verbal Reasoning,Non-Verbal Reasoning,NVR4 — Paper Folding and Hole Punching,multi-fold symmetry,NVR-FOLD,Multi-step Application,Moderate,Premium,English,W3-NVRFOLD-031,Paper-Folding Set 2: Which hole pattern appears after the sheet is fully unfolded?,[visual choice],[visual choice],[visual choice],[visual choice],,A,Each opening of a fold reflects every existing punch across that crease.,,Unfold in reverse order and duplicate the entire current pattern.,105,No calculator,True,Passed,Passed,Approved for Distribution
DOST-W3-086,3,Undergraduate,Part I — Logical Reasoning,Non-Verbal Reasoning,Non-Verbal Reasoning,NVR4 — Paper Folding and Hole Punching,multi-fold symmetry,NVR-FOLD,Multi-step Application,Moderate,Premium,English,W3-NVRFOLD-032,Paper-Folding Set 3: Which hole pattern appears after the sheet is fully unfolded?,[visual choice],[visual choice],[visual choice],[visual choice],,B,Each opening of a fold reflects every existing punch across that crease.,,Unfold in reverse order and duplicate the entire current pattern.,105,No calculator,True,Passed,Passed,Approved for Distribution
DOST-W3-087,3,Undergraduate,Part I — Logical Reasoning,Non-Verbal Reasoning,Non-Verbal Reasoning,NVR4 — Paper Folding and Hole Punching,multi-fold symmetry,NVR-FOLD,Multi-step Application,Moderate,Premium,English,W3-NVRFOLD-033,Paper-Folding Set 4: Which hole pattern appears after the sheet is fully unfolded?,[visual choice],[visual choice],[visual choice],[visual choice],,C,Each opening of a fold reflects every existing punch across that crease.,,Unfold in reverse order and duplicate the entire current pattern.,105,No calculator,True,Passed,Passed,Approved for Distribution
DOST-W3-088,3,Undergraduate,Part I — Logical Reasoning,Non-Verbal Reasoning,Non-Verbal Reasoning,NVR4 — Paper Folding and Hole Punching,multi-fold symmetry,NVR-FOLD,Multi-step Application,Moderate,Premium,English,W3-NVRFOLD-034,Paper-Folding Set 5: Which hole pattern appears after the sheet is fully unfolded?,[visual choice],[visual choice],[visual choice],[visual choice],,D,Each opening of a fold reflects every existing punch across that crease.,,Unfold in reverse order and duplicate the entire current pattern.,105,No calculator,True,Passed,Passed,Approved for Distribution
DOST-W3-089,3,Undergraduate,Part I — Logical Reasoning,Non-Verbal Reasoning,Non-Verbal Reasoning,NVR4 — Paper Folding and Hole Punching,multi-fold symmetry,NVR-FOLD,Multi-step Application,Moderate,Premium,English,W3-NVRFOLD-035,Paper-Folding Set 6: Which hole pattern appears after the sheet is fully unfolded?,[visual choice],[visual choice],[visual choice],[visual choice],,A,Each opening of a fold reflects every existing punch across that crease.,,Unfold in reverse order and duplicate the entire current pattern.,105,No calculator,True,Passed,Passed,Approved for Distribution
DOST-W3-090,3,Undergraduate,Part I — Logical Reasoning,Non-Verbal Reasoning,Non-Verbal Reasoning,NVR4 — Paper Folding and Hole Punching,multi-fold symmetry,NVR-FOLD,Multi-step Application,Moderate,Premium,English,W3-NVRFOLD-036,Paper-Folding Set 7: Which hole pattern appears after the sheet is fully unfolded?,[visual choice],[visual choice],[visual choice],[visual choice],,B,Each opening of a fold reflects every existing punch across that crease.,,Unfold in reverse order and duplicate the entire current pattern.,105,No calculator,True,Passed,Passed,Approved for Distribution
DOST-W3-091,3,Undergraduate,Part I — Logical Reasoning,Non-Verbal Reasoning,Non-Verbal Reasoning,NVR4 — Paper Folding and Hole Punching,multi-fold symmetry,NVR-FOLD,Multi-step Application,Moderate,Premium,English,W3-NVRFOLD-037,Paper-Folding Set 8: Which hole pattern appears after the sheet is fully unfolded?,[visual choice],[visual choice],[visual choice],[visual choice],,C,Each opening of a fold reflects every existing punch across that crease.,,Unfold in reverse order and duplicate the entire current pattern.,105,No calculator,True,Passed,Passed,Approved for Distribution
DOST-W3-092,3,Undergraduate,Part I — Logical Reasoning,Non-Verbal Reasoning,Non-Verbal Reasoning,NVR5 — Cube Nets and Solid Rotation,opposite faces in varied nets,NVR-VIEW,Multi-step Application,Moderate,Free,English,W3-NVRCUBE-038,Cube-Net Set 1: Which face becomes opposite face B?,A,C,E,D,,D,Following the folds places face D opposite face B.,,Track face orientation through each 90° fold.,95,No calculator,True,Passed,Passed,Approved for Distribution
DOST-W3-093,3,Undergraduate,Part I — Logical Reasoning,Non-Verbal Reasoning,Non-Verbal Reasoning,NVR5 — Cube Nets and Solid Rotation,opposite faces in varied nets,NVR-VIEW,Multi-step Application,Moderate,Premium,English,W3-NVRCUBE-039,Cube-Net Set 2: Which face becomes opposite face C?,E,A,B,D,,A,Following the folds places face E opposite face C.,,Track face orientation through each 90° fold.,95,No calculator,True,Passed,Passed,Approved for Distribution
DOST-W3-094,3,Undergraduate,Part I — Logical Reasoning,Non-Verbal Reasoning,Non-Verbal Reasoning,NVR5 — Cube Nets and Solid Rotation,opposite faces in varied nets,NVR-VIEW,Multi-step Application,Moderate,Premium,English,W3-NVRCUBE-040,Cube-Net Set 3: Which face becomes opposite face D?,C,B,E,A,,B,Following the folds places face B opposite face D.,,Track face orientation through each 90° fold.,95,No calculator,True,Passed,Passed,Approved for Distribution
DOST-W3-095,3,Undergraduate,Part I — Logical Reasoning,Non-Verbal Reasoning,Non-Verbal Reasoning,NVR5 — Cube Nets and Solid Rotation,opposite faces in varied nets,NVR-VIEW,Multi-step Application,Moderate,Premium,English,W3-NVRCUBE-041,Cube-Net Set 4: Which face becomes opposite face E?,D,A,B,C,,C,Following the folds places face B opposite face E.,,Track face orientation through each 90° fold.,95,No calculator,True,Passed,Passed,Approved for Distribution
DOST-W3-096,3,Undergraduate,Part I — Logical Reasoning,Non-Verbal Reasoning,Non-Verbal Reasoning,NVR5 — Cube Nets and Solid Rotation,cyclic rotation about a cube vertex,NVR-VIEW,Analysis/Evaluation,Difficult,Premium,English,W3-NVRSOLID-042,Solid-Rotation Set 1: The cube rotates about the visible corner so the three visible faces cycle positions. Which view is possible?,[visual choice],[visual choice],[visual choice],[visual choice],,D,A rotation about the common visible vertex cyclically permutes the three faces without reversing their order.,,Valid cube rotations preserve cyclic order around a vertex.,95,No calculator,True,Passed,Passed,Approved for Distribution
DOST-W3-097,3,Undergraduate,Part I — Logical Reasoning,Non-Verbal Reasoning,Non-Verbal Reasoning,NVR5 — Cube Nets and Solid Rotation,cyclic rotation about a cube vertex,NVR-VIEW,Analysis/Evaluation,Difficult,Premium,English,W3-NVRSOLID-043,Solid-Rotation Set 2: The cube rotates about the visible corner so the three visible faces cycle positions. Which view is possible?,[visual choice],[visual choice],[visual choice],[visual choice],,A,A rotation about the common visible vertex cyclically permutes the three faces without reversing their order.,,Valid cube rotations preserve cyclic order around a vertex.,95,No calculator,True,Passed,Passed,Approved for Distribution
DOST-W3-098,3,Undergraduate,Part I — Logical Reasoning,Non-Verbal Reasoning,Non-Verbal Reasoning,NVR5 — Cube Nets and Solid Rotation,cyclic rotation about a cube vertex,NVR-VIEW,Analysis/Evaluation,Difficult,Premium,English,W3-NVRSOLID-044,Solid-Rotation Set 3: The cube rotates about the visible corner so the three visible faces cycle positions. Which view is possible?,[visual choice],[visual choice],[visual choice],[visual choice],,B,A rotation about the common visible vertex cyclically permutes the three faces without reversing their order.,,Valid cube rotations preserve cyclic order around a vertex.,95,No calculator,True,Passed,Passed,Approved for Distribution
DOST-W3-099,3,Undergraduate,Part I — Logical Reasoning,Non-Verbal Reasoning,Non-Verbal Reasoning,NVR5 — Cube Nets and Solid Rotation,cyclic rotation about a cube vertex,NVR-VIEW,Analysis/Evaluation,Difficult,Premium,English,W3-NVRSOLID-045,Solid-Rotation Set 4: The cube rotates about the visible corner so the three visible faces cycle positions. Which view is possible?,[visual choice],[visual choice],[visual choice],[visual choice],,C,A rotation about the common visible vertex cyclically permutes the three faces without reversing their order.,,Valid cube rotations preserve cyclic order around a vertex.,95,No calculator,True,Passed,Passed,Approved for Distribution
DOST-W3-100,3,Undergraduate,Part I — Logical Reasoning,Non-Verbal Reasoning,Non-Verbal Reasoning,NVR6 — Block Counting and Orthographic Views,volume from top-view heights,NVR-VIEW,Multi-step Application,Easy,Free,English,W3-NVRBLOCK-046,Block Stack 1: How many unit cubes are represented by the height map?,14,12,9,10,,D,The stack heights sum to 10.,Add all entries: 10.,Each number is a vertical column height.,70,No calculator,True,Passed,Passed,Approved for Distribution
DOST-W3-101,3,Undergraduate,Part I — Logical Reasoning,Non-Verbal Reasoning,Non-Verbal Reasoning,NVR6 — Block Counting and Orthographic Views,volume from top-view heights,NVR-VIEW,Multi-step Application,Easy,Free,English,W3-NVRBLOCK-047,Block Stack 2: How many unit cubes are represented by the height map?,12,14,11,16,,A,The stack heights sum to 12.,Add all entries: 12.,Each number is a vertical column height.,70,No calculator,True,Passed,Passed,Approved for Distribution
DOST-W3-102,3,Undergraduate,Part I — Logical Reasoning,Non-Verbal Reasoning,Non-Verbal Reasoning,NVR6 — Block Counting and Orthographic Views,volume from top-view heights,NVR-VIEW,Multi-step Application,Easy,Premium,English,W3-NVRBLOCK-048,Block Stack 3: How many unit cubes are represented by the height map?,17,15,14,19,,B,The stack heights sum to 15.,Add all entries: 15.,Each number is a vertical column height.,70,No calculator,True,Passed,Passed,Approved for Distribution
DOST-W3-103,3,Undergraduate,Part I — Logical Reasoning,Non-Verbal Reasoning,Non-Verbal Reasoning,NVR6 — Block Counting and Orthographic Views,volume from top-view heights,NVR-VIEW,Multi-step Application,Easy,Premium,English,W3-NVRBLOCK-049,Block Stack 4: How many unit cubes are represented by the height map?,13,18,14,16,,C,The stack heights sum to 14.,Add all entries: 14.,Each number is a vertical column height.,70,No calculator,True,Passed,Passed,Approved for Distribution
DOST-W3-104,3,Undergraduate,Part I — Logical Reasoning,Non-Verbal Reasoning,Non-Verbal Reasoning,NVR6 — Block Counting and Orthographic Views,volume from top-view heights,NVR-VIEW,Multi-step Application,Easy,Premium,English,W3-NVRBLOCK-050,Block Stack 5: How many unit cubes are represented by the height map?,16,14,11,12,,D,The stack heights sum to 12.,Add all entries: 12.,Each number is a vertical column height.,70,No calculator,True,Passed,Passed,Approved for Distribution
DOST-W3-105,3,Undergraduate,Part I — Logical Reasoning,Non-Verbal Reasoning,Non-Verbal Reasoning,NVR6 — Block Counting and Orthographic Views,volume from top-view heights,NVR-VIEW,Multi-step Application,Easy,Premium,English,W3-NVRBLOCK-051,Block Stack 6: How many unit cubes are represented by the height map?,13,15,12,17,,A,The stack heights sum to 13.,Add all entries: 13.,Each number is a vertical column height.,70,No calculator,True,Passed,Passed,Approved for Distribution
DOST-W3-106,3,Undergraduate,Part I — Logical Reasoning,Non-Verbal Reasoning,Non-Verbal Reasoning,NVR6 — Block Counting and Orthographic Views,volume from top-view heights,NVR-VIEW,Multi-step Application,Easy,Premium,English,W3-NVRBLOCK-052,Block Stack 7: How many unit cubes are represented by the height map?,14,12,11,16,,B,The stack heights sum to 12.,Add all entries: 12.,Each number is a vertical column height.,70,No calculator,True,Passed,Passed,Approved for Distribution
DOST-W3-107,3,Undergraduate,Part I — Logical Reasoning,Non-Verbal Reasoning,Non-Verbal Reasoning,NVR6 — Block Counting and Orthographic Views,volume from top-view heights,NVR-VIEW,Multi-step Application,Easy,Premium,English,W3-NVRBLOCK-053,Block Stack 8: How many unit cubes are represented by the height map?,15,20,16,18,,C,The stack heights sum to 16.,Add all entries: 16.,Each number is a vertical column height.,70,No calculator,True,Passed,Passed,Approved for Distribution
DOST-W3-108,3,Undergraduate,Part I — Logical Reasoning,Non-Verbal Reasoning,Non-Verbal Reasoning,NVR7 — Piece Assembly and Tangram Logic,compatible-edge assembly,NVR-VIEW,Analysis/Evaluation,Moderate,Free,English,W3-NVRPIECE-054,Piece Assembly 1: Which complete form can be made using all pieces without overlap?,a circle,a regular pentagon,a shape requiring curved edges,a square,,D,The pieces have matching boundaries that can be combined to form a square.,,Preserve total area and match complementary edges.,90,No calculator,True,Passed,Passed,Approved for Distribution
DOST-W3-109,3,Undergraduate,Part I — Logical Reasoning,Non-Verbal Reasoning,Non-Verbal Reasoning,NVR7 — Piece Assembly and Tangram Logic,compatible-edge assembly,NVR-VIEW,Analysis/Evaluation,Moderate,Premium,English,W3-NVRPIECE-055,Piece Assembly 2: Which complete form can be made using all pieces without overlap?,a larger square,a circle,a regular pentagon,a shape requiring curved edges,,A,The pieces have matching boundaries that can be combined to form a larger square.,,Preserve total area and match complementary edges.,90,No calculator,True,Passed,Passed,Approved for Distribution
DOST-W3-110,3,Undergraduate,Part I — Logical Reasoning,Non-Verbal Reasoning,Non-Verbal Reasoning,NVR7 — Piece Assembly and Tangram Logic,compatible-edge assembly,NVR-VIEW,Analysis/Evaluation,Moderate,Premium,English,W3-NVRPIECE-056,Piece Assembly 3: Which complete form can be made using all pieces without overlap?,a shape requiring curved edges,a circle,a cube,a regular pentagon,,B,The pieces have matching boundaries that can be combined to form a circle.,,Preserve total area and match complementary edges.,90,No calculator,True,Passed,Passed,Approved for Distribution
DOST-W3-111,3,Undergraduate,Part I — Logical Reasoning,Non-Verbal Reasoning,Non-Verbal Reasoning,NVR7 — Piece Assembly and Tangram Logic,compatible-edge assembly,NVR-VIEW,Analysis/Evaluation,Moderate,Premium,English,W3-NVRPIECE-057,Piece Assembly 4: Which complete form can be made using all pieces without overlap?,a shape requiring curved edges,a circle,a regular hexagon,a regular pentagon,,C,The pieces have matching boundaries that can be combined to form a regular hexagon.,,Preserve total area and match complementary edges.,90,No calculator,True,Passed,Passed,Approved for Distribution
DOST-W3-112,3,Undergraduate,Part I — Logical Reasoning,Non-Verbal Reasoning,Non-Verbal Reasoning,NVR7 — Piece Assembly and Tangram Logic,compatible-edge assembly,NVR-VIEW,Analysis/Evaluation,Difficult,Premium,English,W3-NVRPIECE-058,Piece Assembly 5: Which complete form can be made using all pieces without overlap?,a circle,a regular pentagon,a shape requiring curved edges,a square pyramid,,D,The pieces have matching boundaries that can be combined to form a square pyramid.,,Preserve total area and match complementary edges.,90,No calculator,True,Passed,Passed,Approved for Distribution
DOST-W3-113,3,Undergraduate,Part I — Logical Reasoning,Non-Verbal Reasoning,Non-Verbal Reasoning,NVR7 — Piece Assembly and Tangram Logic,compatible-edge assembly,NVR-VIEW,Analysis/Evaluation,Difficult,Premium,English,W3-NVRPIECE-059,Piece Assembly 6: Which complete form can be made using all pieces without overlap?,a larger rhombus-shaped strip,a circle,a regular pentagon,a shape requiring curved edges,,A,The pieces have matching boundaries that can be combined to form a larger rhombus-shaped strip.,,Preserve total area and match complementary edges.,90,No calculator,True,Passed,Passed,Approved for Distribution
DOST-W3-114,3,Undergraduate,Part I — Logical Reasoning,Non-Verbal Reasoning,Non-Verbal Reasoning,NVR8 — Navigation and Rule-Following,coordinate route tracing,NVR-PATH,Multi-step Application,Easy,Free,English,W3-NVRPATH-060,"Grid Route 1: Which coordinate marks the endpoint, written (horizontal, vertical)?","(4, 2)","(3, 3)","(6, 2)","(2, 4)",,B,"The route ends at (3, 3).",,Update only one coordinate for each move.,70,No calculator,True,Passed,Passed,Approved for Distribution
DOST-W3-115,3,Undergraduate,Part I — Logical Reasoning,Non-Verbal Reasoning,Non-Verbal Reasoning,NVR8 — Navigation and Rule-Following,coordinate route tracing,NVR-PATH,Multi-step Application,Easy,Premium,English,W3-NVRPATH-061,"Grid Route 2: Which coordinate marks the endpoint, written (horizontal, vertical)?","(5, 2)","(3, 2)","(2, 3)","(1, 4)",,C,"The route ends at (2, 3).",,Update only one coordinate for each move.,70,No calculator,True,Passed,Passed,Approved for Distribution
DOST-W3-116,3,Undergraduate,Part I — Logical Reasoning,Non-Verbal Reasoning,Non-Verbal Reasoning,NVR8 — Navigation and Rule-Following,coordinate route tracing,NVR-PATH,Multi-step Application,Easy,Premium,English,W3-NVRPATH-062,"Grid Route 3: Which coordinate marks the endpoint, written (horizontal, vertical)?","(2, 4)","(4, 2)","(6, 2)","(3, 3)",,D,"The route ends at (3, 3).",,Update only one coordinate for each move.,70,No calculator,True,Passed,Passed,Approved for Distribution
DOST-W3-117,3,Undergraduate,Part I — Logical Reasoning,Non-Verbal Reasoning,Non-Verbal Reasoning,NVR8 — Navigation and Rule-Following,coordinate route tracing,NVR-PATH,Multi-step Application,Easy,Premium,English,W3-NVRPATH-063,"Grid Route 4: Which coordinate marks the endpoint, written (horizontal, vertical)?","(5, 3)","(3, 5)","(4, 4)","(6, 2)",,A,"The route ends at (5, 3).",,Update only one coordinate for each move.,70,No calculator,True,Passed,Passed,Approved for Distribution
DOST-W3-118,3,Undergraduate,Part I — Logical Reasoning,Non-Verbal Reasoning,Non-Verbal Reasoning,NVR8 — Navigation and Rule-Following,coordinate route tracing,NVR-PATH,Multi-step Application,Easy,Premium,English,W3-NVRPATH-064,"Grid Route 5: Which coordinate marks the endpoint, written (horizontal, vertical)?","(2, 5)","(3, 4)","(6, 3)","(4, 3)",,B,"The route ends at (3, 4).",,Update only one coordinate for each move.,70,No calculator,True,Passed,Passed,Approved for Distribution
DOST-W3-119,3,Undergraduate,Part I — Logical Reasoning,Non-Verbal Reasoning,Non-Verbal Reasoning,NVR8 — Navigation and Rule-Following,coordinate route tracing,NVR-PATH,Multi-step Application,Easy,Premium,English,W3-NVRPATH-065,"Grid Route 6: Which coordinate marks the endpoint, written (horizontal, vertical)?","(6, 1)","(2, 3)","(3, 2)","(4, 1)",,C,"The route ends at (3, 2).",,Update only one coordinate for each move.,70,No calculator,True,Passed,Passed,Approved for Distribution
DOST-W3-120,3,Undergraduate,Part I — Logical Reasoning,Non-Verbal Reasoning,Non-Verbal Reasoning,NVR9 — Hidden Figures and Spatial Inspection,embedded exact line pattern,NVR-VIEW,Analysis/Evaluation,Difficult,Free,English,W3-NVRHIDDEN-066,Hidden Figure 1: Which option contains the reference figure exactly?,[visual choice],[visual choice],[visual choice],[visual choice],,D,"The keyed option preserves every segment, junction, angle, and endpoint; additional surrounding lines are irrelevant.",,Trace the exact reference connections and ignore extra lines.,95,No calculator,True,Passed,Passed,Approved for Distribution
DOST-W3-121,3,Undergraduate,Part I — Logical Reasoning,Non-Verbal Reasoning,Non-Verbal Reasoning,NVR9 — Hidden Figures and Spatial Inspection,embedded exact line pattern,NVR-VIEW,Analysis/Evaluation,Difficult,Premium,English,W3-NVRHIDDEN-067,Hidden Figure 2: Which option contains the reference figure exactly?,[visual choice],[visual choice],[visual choice],[visual choice],,A,"The keyed option preserves every segment, junction, angle, and endpoint; additional surrounding lines are irrelevant.",,Trace the exact reference connections and ignore extra lines.,95,No calculator,True,Passed,Passed,Approved for Distribution
DOST-W3-122,3,Undergraduate,Part I — Logical Reasoning,Non-Verbal Reasoning,Non-Verbal Reasoning,NVR9 — Hidden Figures and Spatial Inspection,embedded exact line pattern,NVR-VIEW,Analysis/Evaluation,Difficult,Premium,English,W3-NVRHIDDEN-068,Hidden Figure 3: Which option contains the reference figure exactly?,[visual choice],[visual choice],[visual choice],[visual choice],,B,"The keyed option preserves every segment, junction, angle, and endpoint; additional surrounding lines are irrelevant.",,Trace the exact reference connections and ignore extra lines.,95,No calculator,True,Passed,Passed,Approved for Distribution
DOST-W3-123,3,Undergraduate,Part I — Logical Reasoning,Non-Verbal Reasoning,Non-Verbal Reasoning,NVR9 — Hidden Figures and Spatial Inspection,embedded exact line pattern,NVR-VIEW,Analysis/Evaluation,Difficult,Premium,English,W3-NVRHIDDEN-069,Hidden Figure 4: Which option contains the reference figure exactly?,[visual choice],[visual choice],[visual choice],[visual choice],,C,"The keyed option preserves every segment, junction, angle, and endpoint; additional surrounding lines are irrelevant.",,Trace the exact reference connections and ignore extra lines.,95,No calculator,True,Passed,Passed,Approved for Distribution
DOST-W3-124,3,Undergraduate,Part I — Logical Reasoning,Non-Verbal Reasoning,Non-Verbal Reasoning,NVR9 — Hidden Figures and Spatial Inspection,embedded exact line pattern,NVR-VIEW,Analysis/Evaluation,Difficult,Premium,English,W3-NVRHIDDEN-070,Hidden Figure 5: Which option contains the reference figure exactly?,[visual choice],[visual choice],[visual choice],[visual choice],,D,"The keyed option preserves every segment, junction, angle, and endpoint; additional surrounding lines are irrelevant.",,Trace the exact reference connections and ignore extra lines.,95,No calculator,True,Passed,Passed,Approved for Distribution
DOST-W3-125,3,Undergraduate,Part I — Logical Reasoning,Non-Verbal Reasoning,Non-Verbal Reasoning,NVR9 — Hidden Figures and Spatial Inspection,embedded exact line pattern,NVR-VIEW,Analysis/Evaluation,Difficult,Premium,English,W3-NVRHIDDEN-071,Hidden Figure 6: Which option contains the reference figure exactly?,[visual choice],[visual choice],[visual choice],[visual choice],,A,"The keyed option preserves every segment, junction, angle, and endpoint; additional surrounding lines are irrelevant.",,Trace the exact reference connections and ignore extra lines.,95,No calculator,True,Passed,Passed,Approved for Distribution
DOST-W3-126,3,Undergraduate,Part II — Power Test,English,English,ENG1 — Error Identification,"agreement, tense, parallelism, and modifiers",ENG-ERR,Single-step Application,Easy,Free,English,,Which underlined segment contains an error? The collection of field notes **were stored** in a waterproof case **after the survey**.,The collection,were stored,in a waterproof case,after the survey,,B,"The subject is the singular noun 'collection,' so the verb should be 'was stored.'",,"Check the grammatical head, verb form, modifier target, and parallel structure.",65,No calculator,False,Passed,Passed,Approved for Distribution
DOST-W3-127,3,Undergraduate,Part II — Power Test,English,English,ENG1 — Error Identification,"agreement, tense, parallelism, and modifiers",ENG-ERR,Single-step Application,Easy,Free,English,,Which underlined segment contains an error? Neither the supervisor nor the technicians **has checked** the backup generator today.,Neither the supervisor nor,the technicians,has checked,today,,C,"With neither...nor, the verb agrees with the nearer plural subject 'technicians,' so 'have checked' is required.",,"Check the grammatical head, verb form, modifier target, and parallel structure.",65,No calculator,False,Passed,Passed,Approved for Distribution
DOST-W3-128,3,Undergraduate,Part II — Power Test,English,English,ENG1 — Error Identification,"agreement, tense, parallelism, and modifiers",ENG-ERR,Single-step Application,Easy,Free,English,,Which underlined segment contains an error? The results were not only accurate **but also they were obtained quickly**.,The results,were not only accurate,accurate,but also they were obtained quickly,,D,The correlative structure should be parallel: 'not only accurate but also obtained quickly.',,"Check the grammatical head, verb form, modifier target, and parallel structure.",65,No calculator,False,Passed,Passed,Approved for Distribution
DOST-W3-129,3,Undergraduate,Part II — Power Test,English,English,ENG1 — Error Identification,"agreement, tense, parallelism, and modifiers",ENG-ERR,Single-step Application,Easy,Free,English,,"Which underlined segment contains an error? By next Monday, the team **will completed** the calibration procedure.",will completed,By next Monday,the team,the calibration procedure,,A,A modal auxiliary such as 'will' is followed by the base form: 'will complete.',,"Check the grammatical head, verb form, modifier target, and parallel structure.",65,No calculator,False,Passed,Passed,Approved for Distribution
DOST-W3-130,3,Undergraduate,Part II — Power Test,English,English,ENG1 — Error Identification,"agreement, tense, parallelism, and modifiers",ENG-ERR,Single-step Application,Moderate,Free,English,,Which underlined segment contains an error? The engineer explained **that why** the pipe failed under pressure.,The engineer explained,that why,the pipe failed,under pressure,,B,"Use either 'explained why' or 'explained that,' not both together.",,"Check the grammatical head, verb form, modifier target, and parallel structure.",65,No calculator,False,Passed,Passed,Approved for Distribution
DOST-W3-131,3,Undergraduate,Part II — Power Test,English,English,ENG1 — Error Identification,"agreement, tense, parallelism, and modifiers",ENG-ERR,Single-step Application,Moderate,Premium,English,,"Which underlined segment contains an error? Having reviewed the map, **the safest route was selected** by the responders.",Having reviewed the map,by the responders,the safest route was selected,safest route,,C,"The introductory phrase should modify the responders: 'Having reviewed the map, the responders selected...'",,"Check the grammatical head, verb form, modifier target, and parallel structure.",65,No calculator,False,Passed,Passed,Approved for Distribution
DOST-W3-132,3,Undergraduate,Part II — Power Test,English,English,ENG1 — Error Identification,"agreement, tense, parallelism, and modifiers",ENG-ERR,Single-step Application,Moderate,Premium,English,,Which underlined segment contains an error? One of the samples **contain** a concentration above the limit.,One of the samples,a concentration,above the limit,contain,,D,"The subject 'One' is singular, so the verb should be 'contains.'",,"Check the grammatical head, verb form, modifier target, and parallel structure.",65,No calculator,False,Passed,Passed,Approved for Distribution
DOST-W3-133,3,Undergraduate,Part II — Power Test,English,English,ENG1 — Error Identification,"agreement, tense, parallelism, and modifiers",ENG-ERR,Single-step Application,Moderate,Premium,English,,"Which underlined segment contains an error? If the valve **would open**, the pressure will fall.",would open,If the valve,the pressure,will fall,,A,"In a real future condition, use the simple present in the if-clause: 'If the valve opens.'",,"Check the grammatical head, verb form, modifier target, and parallel structure.",65,No calculator,False,Passed,Passed,Approved for Distribution
DOST-W3-134,3,Undergraduate,Part II — Power Test,English,English,ENG1 — Error Identification,"agreement, tense, parallelism, and modifiers",ENG-ERR,Single-step Application,Moderate,Premium,English,,Which underlined segment contains an error? The report is clearer **than any document** in the archive.,The report,than any document,is clearer,in the archive,,B,"The report is itself a document, so the comparison should be 'than any other document.'",,"Check the grammatical head, verb form, modifier target, and parallel structure.",65,No calculator,False,Passed,Passed,Approved for Distribution
DOST-W3-135,3,Undergraduate,Part II — Power Test,English,English,ENG1 — Error Identification,"agreement, tense, parallelism, and modifiers",ENG-ERR,Single-step Application,Moderate,Premium,English,,Which underlined segment contains an error? The instructor requested that each group **records** its observations immediately.,The instructor requested,that each group,records,its observations immediately,,C,"After 'requested that,' formal English uses the base form: 'record.'",,"Check the grammatical head, verb form, modifier target, and parallel structure.",65,No calculator,False,Passed,Passed,Approved for Distribution
DOST-W3-136,3,Undergraduate,Part II — Power Test,English,English,ENG3 — Vocabulary and Word Relationships,academic and scientific vocabulary,ENG-EQV,Recognition/Recall,Easy,Free,English,,The word **plausible** most nearly means:,certainly false,extremely loud,already proven,seemingly reasonable,,D,"Plausible means appearing reasonable or believable, though not necessarily proven.",,Use both the word's definition and its sentence context.,45,No calculator,False,Passed,Passed,Approved for Distribution
DOST-W3-137,3,Undergraduate,Part II — Power Test,English,English,ENG3 — Vocabulary and Word Relationships,academic and scientific vocabulary,ENG-EQV,Recognition/Recall,Easy,Free,English,,The word **detrimental** is closest in meaning to:,harmful,beneficial,temporary,measurable,,A,Detrimental means causing harm or damage.,,Use both the word's definition and its sentence context.,45,No calculator,False,Passed,Passed,Approved for Distribution
DOST-W3-138,3,Undergraduate,Part II — Power Test,English,English,ENG3 — Vocabulary and Word Relationships,academic and scientific vocabulary,ENG-EQV,Recognition/Recall,Easy,Free,English,,The data were **heterogeneous**. This means they were:,uniform,varied in composition or type,missing,perfectly ordered,,B,Heterogeneous describes a mixture of different kinds or characteristics.,,Use both the word's definition and its sentence context.,45,No calculator,False,Passed,Passed,Approved for Distribution
DOST-W3-139,3,Undergraduate,Part II — Power Test,English,English,ENG3 — Vocabulary and Word Relationships,academic and scientific vocabulary,ENG-EQV,Recognition/Recall,Easy,Premium,English,,Which word is opposite in meaning to **scarce**?,rare,limited,abundant,hidden,,C,Scarce means in short supply; abundant means plentiful.,,Use both the word's definition and its sentence context.,45,No calculator,False,Passed,Passed,Approved for Distribution
DOST-W3-140,3,Undergraduate,Part II — Power Test,English,English,ENG3 — Vocabulary and Word Relationships,academic and scientific vocabulary,ENG-EQV,Recognition/Recall,Easy,Premium,English,,The committee reached a **tentative** decision. Tentative means:,final and permanent,secret,unanimous,provisional and subject to change,,D,A tentative decision is not yet final.,,Use both the word's definition and its sentence context.,45,No calculator,False,Passed,Passed,Approved for Distribution
DOST-W3-141,3,Undergraduate,Part II — Power Test,English,English,ENG3 — Vocabulary and Word Relationships,academic and scientific vocabulary,ENG-EQV,Recognition/Recall,Easy,Premium,English,,The evidence was **corroborated** by a second experiment. Corroborated means:,supported or confirmed,contradicted,ignored,simplified,,A,Additional evidence corroborates a claim by supporting it.,,Use both the word's definition and its sentence context.,45,No calculator,False,Passed,Passed,Approved for Distribution
DOST-W3-142,3,Undergraduate,Part II — Power Test,English,English,ENG3 — Vocabulary and Word Relationships,academic and scientific vocabulary,ENG-EQV,Recognition/Recall,Easy,Premium,English,,"The procedure is **laborious**, meaning it is:",automatic,effortful and time-consuming,unsafe by definition,inexpensive,,B,Laborious work requires considerable effort.,,Use both the word's definition and its sentence context.,45,No calculator,False,Passed,Passed,Approved for Distribution
DOST-W3-143,3,Undergraduate,Part II — Power Test,English,English,ENG3 — Vocabulary and Word Relationships,academic and scientific vocabulary,ENG-EQV,Recognition/Recall,Easy,Premium,English,,The difference between the two readings was **marginal**. Marginal most nearly means:,impossible,central,very small,rapidly increasing,,C,"In context, marginal means slight or limited.",,Use both the word's definition and its sentence context.,45,No calculator,False,Passed,Passed,Approved for Distribution
DOST-W3-144,3,Undergraduate,Part II — Power Test,English,English,ENG3 — Vocabulary and Word Relationships,academic and scientific vocabulary,ENG-EQV,Recognition/Recall,Easy,Premium,English,,The scientist remained **impartial** during the evaluation. Impartial means:,uncertain,unprepared,enthusiastic,unbiased,,D,An impartial evaluator does not favor one side.,,Use both the word's definition and its sentence context.,45,No calculator,False,Passed,Passed,Approved for Distribution
DOST-W3-145,3,Undergraduate,Part II — Power Test,English,English,ENG3 — Vocabulary and Word Relationships,academic and scientific vocabulary,ENG-EQV,Recognition/Recall,Easy,Premium,English,,The proposal was **viable** after the budget was revised. Viable means:,capable of working successfully,illegal,incomplete,too complex to describe,,A,Viable means practical and capable of success.,,Use both the word's definition and its sentence context.,45,No calculator,False,Passed,Passed,Approved for Distribution
DOST-W3-146,3,Undergraduate,Part II — Power Test,English,English,ENG4 — Sentence Equivalence and Paraphrase,logical equivalence and concise revision,ENG-EQV,Analysis/Evaluation,Moderate,Free,English,,Choose the sentence that best preserves the meaning: “The machine operates only when both switches are closed.”,Closing either switch is sufficient.,Both switches must be closed for the machine to operate.,The machine operates whenever both switches are open.,The switches close after the machine operates.,,B,The original states that closing both switches is necessary.,,"Preserve meaning, logical force, and degree of certainty.",70,No calculator,False,Passed,Passed,Approved for Distribution
DOST-W3-147,3,Undergraduate,Part II — Power Test,English,English,ENG4 — Sentence Equivalence and Paraphrase,logical equivalence and concise revision,ENG-EQV,Analysis/Evaluation,Moderate,Premium,English,,Choose the clearest revision: “The reason the trial was repeated was due to the fact that the first sample was contaminated.”,The reason for repetition was because contamination due to the sample.,The contaminated trial repeated the first sample.,The trial was repeated because the first sample was contaminated.,"Due to the fact of the reason, the sample repeated.",,C,The revision removes redundant wording while preserving cause and effect.,,"Preserve meaning, logical force, and degree of certainty.",70,No calculator,False,Passed,Passed,Approved for Distribution
DOST-W3-148,3,Undergraduate,Part II — Power Test,English,English,ENG4 — Sentence Equivalence and Paraphrase,logical equivalence and concise revision,ENG-EQV,Analysis/Evaluation,Moderate,Premium,English,,Which option maintains the original uncertainty? “The decline could be related to reduced rainfall.”,Reduced rainfall definitely caused the decline.,Rainfall had no relation to the decline.,Every decline results from rainfall.,The decline may be associated with reduced rainfall.,,D,Both 'could be related' and 'may be associated' express uncertainty.,,"Preserve meaning, logical force, and degree of certainty.",70,No calculator,False,Passed,Passed,Approved for Distribution
DOST-W3-149,3,Undergraduate,Part II — Power Test,English,English,ENG4 — Sentence Equivalence and Paraphrase,logical equivalence and concise revision,ENG-EQV,Analysis/Evaluation,Moderate,Premium,English,,Which sentence best combines the ideas? “The device is compact. It has a limited battery capacity.”,The device is compact but has limited battery capacity.,The device is compact because its battery is limited.,"The battery is compact, therefore the device is unlimited.","Although battery capacity is compact, the device is limited.",,A,The relation is contrast.,,"Preserve meaning, logical force, and degree of certainty.",70,No calculator,False,Passed,Passed,Approved for Distribution
DOST-W3-150,3,Undergraduate,Part II — Power Test,English,English,ENG4 — Sentence Equivalence and Paraphrase,logical equivalence and concise revision,ENG-EQV,Analysis/Evaluation,Moderate,Premium,English,,Choose the most concise revision: “The committee met together in order to discuss the proposal.”,The committee met together for the purpose of discussion of the proposal.,The committee met to discuss the proposal.,"In order to discuss, the committee met together.",The proposal was discussed together by the meeting committee.,,B,The concise sentence removes redundant 'together' and 'in order to.',,"Preserve meaning, logical force, and degree of certainty.",70,No calculator,False,Passed,Passed,Approved for Distribution
DOST-W3-151,3,Undergraduate,Part II — Power Test,English,English,ENG4 — Sentence Equivalence and Paraphrase,logical equivalence and concise revision,ENG-EQV,Analysis/Evaluation,Moderate,Premium,English,,"Which statement is logically equivalent to “Unless the backup starts, the server will shut down”?","If the backup starts, the server must shut down.",The server shuts down only when the backup starts.,"If the server does not shut down, the backup started.",The backup and server are unrelated.,,C,"The contrapositive of 'if backup does not start, server shuts down' is 'if server does not shut down, backup started.'",,"Preserve meaning, logical force, and degree of certainty.",70,No calculator,False,Passed,Passed,Approved for Distribution
DOST-W3-152,3,Undergraduate,Part II — Power Test,English,English,ENG4 — Sentence Equivalence and Paraphrase,logical equivalence and concise revision,ENG-EQV,Analysis/Evaluation,Moderate,Premium,English,,Which revision uses fully parallel verb forms?,"The sensor is designed to detect smoke, measuring heat, and to send alerts.","The sensor is designed for detecting smoke, to measure heat, and alerts.","The sensor detects smoke, heat measurement, and sending alerts.","The sensor is designed to detect smoke, measure heat, and send alerts.",,D,All three verbs use the same base form.,,"Preserve meaning, logical force, and degree of certainty.",70,No calculator,False,Passed,Passed,Approved for Distribution
DOST-W3-153,3,Undergraduate,Part II — Power Test,English,English,ENG4 — Sentence Equivalence and Paraphrase,logical equivalence and concise revision,ENG-EQV,Analysis/Evaluation,Moderate,Premium,English,,"Which revision removes the ambiguous pronoun? “When Liza called Mira, she was already at the station.”","When Liza called Mira, Mira was already at the station.","When Liza called Mira, she was there.","Calling Mira, she was at the station.",Liza and Mira called because she arrived.,,A,Naming Mira clearly identifies the person at the station.,,"Preserve meaning, logical force, and degree of certainty.",70,No calculator,False,Passed,Passed,Approved for Distribution
DOST-W3-154,3,Undergraduate,Part II — Power Test,English,English,ENG4 — Sentence Equivalence and Paraphrase,logical equivalence and concise revision,ENG-EQV,Analysis/Evaluation,Moderate,Premium,English,,"Choose the best transition: “The first model was highly accurate. _____, it required too much processing time for real-time use.”",Therefore,However,Similarly,For example,,B,The second sentence contrasts accuracy with a practical limitation.,,"Preserve meaning, logical force, and degree of certainty.",70,No calculator,False,Passed,Passed,Approved for Distribution
DOST-W3-155,3,Undergraduate,Part II — Power Test,English,English,ENG4 — Sentence Equivalence and Paraphrase,logical equivalence and concise revision,ENG-EQV,Analysis/Evaluation,Moderate,Premium,English,,Which option best restates the sentence? “Not all participants completed the optional exercise.”,No participant completed it.,Every participant completed it.,Some participants did not complete it.,Completion was required.,,C,'Not all' means at least one did not complete it.,,"Preserve meaning, logical force, and degree of certainty.",70,No calculator,False,Passed,Passed,Approved for Distribution
DOST-W3-156,3,Undergraduate,Part II — Power Test,English,English,ENG5 — Paragraph Development and Organization,"patterns, relevance, and supporting evidence",ENG-PASS,Analysis/Evaluation,Moderate,Free,English,,"A paragraph defines food security, identifies its four dimensions, and gives an example of each. What pattern is used?",chronological narration,spatial description,dialogue,classification and exemplification,,D,The topic is divided into dimensions and illustrated with examples.,,Identify how the details serve the paragraph's central purpose.,65,No calculator,False,Passed,Passed,Approved for Distribution
DOST-W3-157,3,Undergraduate,Part II — Power Test,English,English,ENG5 — Paragraph Development and Organization,"patterns, relevance, and supporting evidence",ENG-PASS,Analysis/Evaluation,Moderate,Premium,English,,A paragraph explains how clogged drainage increases surface runoff and raises flood risk. What dominant pattern is used?,cause and effect,comparison only,definition only,personal narrative,,A,It links a cause with resulting effects.,,Identify how the details serve the paragraph's central purpose.,65,No calculator,False,Passed,Passed,Approved for Distribution
DOST-W3-158,3,Undergraduate,Part II — Power Test,English,English,ENG5 — Paragraph Development and Organization,"patterns, relevance, and supporting evidence",ENG-PASS,Analysis/Evaluation,Moderate,Premium,English,,Which sentence best concludes a paragraph recommending regular equipment inspection?,Equipment can be made of metal.,"Therefore, scheduled inspection should be included in the laboratory's safety routine.",Some laboratories have windows.,Inspection is a word with ten letters.,,B,The conclusion restates the recommendation and purpose.,,Identify how the details serve the paragraph's central purpose.,65,No calculator,False,Passed,Passed,Approved for Distribution
DOST-W3-159,3,Undergraduate,Part II — Power Test,English,English,ENG5 — Paragraph Development and Organization,"patterns, relevance, and supporting evidence",ENG-PASS,Analysis/Evaluation,Moderate,Premium,English,,"A paragraph explains how to prepare a soil sample, dry it, sieve it, and measure its mass. Which pattern is used?",classification,problem-solution,process,comparison,,C,The paragraph presents ordered procedural steps.,,Identify how the details serve the paragraph's central purpose.,65,No calculator,False,Passed,Passed,Approved for Distribution
DOST-W3-160,3,Undergraduate,Part II — Power Test,English,English,ENG5 — Paragraph Development and Organization,"patterns, relevance, and supporting evidence",ENG-PASS,Analysis/Evaluation,Moderate,Premium,English,,Which evidence best supports the claim that a new bus route reduced travel time?,The buses were painted blue.,Drivers wore uniforms.,The route passed a park.,Median commute time fell from 55 to 38 minutes for matched trips.,,D,The matched travel-time data directly support the claim.,,Identify how the details serve the paragraph's central purpose.,65,No calculator,False,Passed,Passed,Approved for Distribution
DOST-W3-161,3,Undergraduate,Part II — Power Test,English,English,ENG5 — Paragraph Development and Organization,"patterns, relevance, and supporting evidence",ENG-PASS,Analysis/Evaluation,Moderate,Premium,English,,Which sentence is least relevant in a paragraph about preventing laboratory contamination?,The school team practiced volleyball.,Sterilize reusable tools.,Label clean and used containers separately.,Wear appropriate gloves.,,A,The sports detail does not support the topic.,,Identify how the details serve the paragraph's central purpose.,65,No calculator,False,Passed,Passed,Approved for Distribution
DOST-W3-162,3,Undergraduate,Part II — Power Test,English,English,ENG5 — Paragraph Development and Organization,"patterns, relevance, and supporting evidence",ENG-PASS,Analysis/Evaluation,Moderate,Premium,English,,"A paragraph presents declining fish catch, identifies overharvesting as a major factor, and proposes seasonal limits. What pattern is used?",chronological biography,problem-cause-solution,classification only,spatial order,,B,"It states a problem, explains a cause, and proposes a remedy.",,Identify how the details serve the paragraph's central purpose.,65,No calculator,False,Passed,Passed,Approved for Distribution
DOST-W3-163,3,Undergraduate,Part II — Power Test,English,English,ENG5 — Paragraph Development and Organization,"patterns, relevance, and supporting evidence",ENG-PASS,Analysis/Evaluation,Moderate,Premium,English,,"A paragraph compares concrete and permeable pavement by cost, drainage, durability, and maintenance. What organization is used?",cause only,narrative sequence,comparison-contrast,definition only,,C,The same criteria are used to compare two materials.,,Identify how the details serve the paragraph's central purpose.,65,No calculator,False,Passed,Passed,Approved for Distribution
DOST-W3-164,3,Undergraduate,Part II — Power Test,English,English,ENG5 — Paragraph Development and Organization,"patterns, relevance, and supporting evidence",ENG-PASS,Analysis/Evaluation,Moderate,Premium,English,,Which is the strongest topic sentence for a paragraph on household water conservation?,Water is transparent.,Many homes have doors.,Some faucets are silver.,"Households can reduce water use through leak repair, efficient fixtures, and careful daily habits.",,D,It states a clear controlling idea that can be supported by specific strategies.,,Identify how the details serve the paragraph's central purpose.,65,No calculator,False,Passed,Passed,Approved for Distribution
DOST-W3-165,3,Undergraduate,Part II — Power Test,English,English,ENG5 — Paragraph Development and Organization,"patterns, relevance, and supporting evidence",ENG-PASS,Analysis/Evaluation,Moderate,Premium,English,,"A paragraph first gives a general rule, then presents a case that violates it and explains why the exception matters. Which structure is most likely?",generalization followed by exception,pure chronology,spatial description,unrelated listing,,A,The paragraph moves from a broad rule to a significant exception.,,Identify how the details serve the paragraph's central purpose.,65,No calculator,False,Passed,Passed,Approved for Distribution
DOST-W3-166,3,Undergraduate,Part II — Power Test,English,English,ENG6 — Reading Comprehension,"main idea, detail, inference, and author's method",ENG-PASS,Analysis/Evaluation,Moderate,Free,English,W3-ENG-P1,What is the main lesson of the passage?,Roads never affect air quality.,Plausible data should still be checked for measurement bias.,Low-cost sensors cannot measure particles.,Generators improve sensor accuracy.,,B,The relocation showed that placement distorted an otherwise plausible pattern.,,Answer only what the passage supports and preserve its qualifications.,95,No calculator,False,Passed,Passed,Approved for Distribution
DOST-W3-167,3,Undergraduate,Part II — Power Test,English,English,ENG6 — Reading Comprehension,"main idea, detail, inference, and author's method",ENG-PASS,Analysis/Evaluation,Difficult,Premium,English,W3-ENG-P1,Why did the first roadside pattern appear misleading?,The garden had no plants.,Rush hour never occurred.,The sensor was affected by a nearby generator exhaust vent.,The corridor was outdoors.,,C,The nearby exhaust source elevated the reading beyond the road's general effect.,,Answer only what the passage supports and preserve its qualifications.,95,No calculator,False,Passed,Passed,Approved for Distribution
DOST-W3-168,3,Undergraduate,Part II — Power Test,English,English,ENG6 — Reading Comprehension,"main idea, detail, inference, and author's method",ENG-PASS,Analysis/Evaluation,Difficult,Premium,English,W3-ENG-P1,Which statement is best supported after relocation?,Roadside levels were always the lowest.,All three locations had identical readings.,The generator had no effect.,Roadside particle levels were especially elevated during rush hour.,,D,The repeated data retained a rush-hour increase without all-day elevation.,,Answer only what the passage supports and preserve its qualifications.,95,No calculator,False,Passed,Passed,Approved for Distribution
DOST-W3-169,3,Undergraduate,Part II — Power Test,English,English,ENG6 — Reading Comprehension,"main idea, detail, inference, and author's method",ENG-PASS,Analysis/Evaluation,Difficult,Premium,English,W3-ENG-P2,What change made the seed bank more useful?,Detailed records about seed condition and history,A larger building,Fewer crop varieties,Removal of germination testing,,A,The added metadata allowed members to judge seed quality.,,Answer only what the passage supports and preserve its qualifications.,95,No calculator,False,Passed,Passed,Approved for Distribution
DOST-W3-170,3,Undergraduate,Part II — Power Test,English,English,ENG6 — Reading Comprehension,"main idea, detail, inference, and author's method",ENG-PASS,Analysis/Evaluation,Difficult,Premium,English,W3-ENG-P2,What does the passage imply about collections?,Quantity is the only measure of value.,Stored items are more useful when their records make them interpretable.,Old seed always germinates.,Crop names contain all needed information.,,B,"The final sentence emphasizes interpretability, not quantity alone.",,Answer only what the passage supports and preserve its qualifications.,95,No calculator,False,Passed,Passed,Approved for Distribution
DOST-W3-171,3,Undergraduate,Part II — Power Test,English,English,ENG6 — Reading Comprehension,"main idea, detail, inference, and author's method",ENG-PASS,Analysis/Evaluation,Difficult,Premium,English,W3-ENG-P2,Why were germination-test results recorded?,To make seeds heavier,To eliminate local varieties,To identify packets likely to perform poorly before distribution,To change the source farm,,C,Testing provided evidence of seed viability.,,Answer only what the passage supports and preserve its qualifications.,95,No calculator,False,Passed,Passed,Approved for Distribution
DOST-W3-172,3,Undergraduate,Part II — Power Test,English,English,ENG6 — Reading Comprehension,"main idea, detail, inference, and author's method",ENG-PASS,Analysis/Evaluation,Difficult,Premium,English,W3-ENG-P3,Which conclusion is most strongly supported by the reflective-roof passage?,The coating cooled the room equally under all conditions.,Clouds increased solar heat gain.,Annual savings were already known exactly.,"The reflective coating reduced heat gain, but its effect varied with weather.",,D,The measured difference was larger on clear days and smaller on cloudy days.,,Answer only what the passage supports and preserve its qualifications.,95,No calculator,False,Passed,Passed,Approved for Distribution
DOST-W3-173,3,Undergraduate,Part II — Power Test,English,English,ENG6 — Reading Comprehension,"main idea, detail, inference, and author's method",ENG-PASS,Analysis/Evaluation,Difficult,Premium,English,W3-ENG-P3,Why did the investigators recommend a full-season study?,Short-term observations may not represent annual weather conditions.,The classrooms were different sizes.,The coating had not been applied.,Temperature cannot be measured.,,A,Longer monitoring would capture seasonal variation.,,Answer only what the passage supports and preserve its qualifications.,95,No calculator,False,Passed,Passed,Approved for Distribution
DOST-W3-174,3,Undergraduate,Part II — Power Test,English,English,ENG6 — Reading Comprehension,"main idea, detail, inference, and author's method",ENG-PASS,Analysis/Evaluation,Difficult,Premium,English,W3-ENG-P3,The word **yet** primarily signals:,sequence,contrast,definition,quotation,,B,It contrasts the benefit with its dependence on weather.,,Answer only what the passage supports and preserve its qualifications.,95,No calculator,False,Passed,Passed,Approved for Distribution
DOST-W3-175,3,Undergraduate,Part II — Power Test,English,English,ENG6 — Reading Comprehension,"main idea, detail, inference, and author's method",ENG-PASS,Analysis/Evaluation,Difficult,Premium,English,W3-ENG-P4,What trade-off distinguishes Lamp A and Lamp B?,Brightness versus color only,Weight versus electricity generation,Lower initial cost versus easier repair and battery replacement,Plastic versus glass only,,C,Lamp A is cheaper and lighter; Lamp B is more repairable.,,Answer only what the passage supports and preserve its qualifications.,95,No calculator,False,Passed,Passed,Approved for Distribution
DOST-W3-176,3,Undergraduate,Part II — Power Test,English,English,ENG6 — Reading Comprehension,"main idea, detail, inference, and author's method",ENG-PASS,Analysis/Evaluation,Difficult,Premium,English,W3-ENG-P4,What assumption limits the value of repairability?,Every user prefers heavy products.,Glued batteries last forever.,Initial price never matters.,Replacement parts must be available at a reasonable cost.,,D,Repairability is useful only when parts can actually be obtained affordably.,,Answer only what the passage supports and preserve its qualifications.,95,No calculator,False,Passed,Passed,Approved for Distribution
DOST-W3-177,3,Undergraduate,Part II — Power Test,English,English,ENG6 — Reading Comprehension,"main idea, detail, inference, and author's method",ENG-PASS,Analysis/Evaluation,Difficult,Premium,English,W3-ENG-P4,Which statement best expresses the author's view?,"Total value may include product lifetime and waste, not just purchase price.",The cheapest product is always best.,Repairable products create more waste.,All glued products are unsafe.,,A,The passage argues for broader evaluation of value.,,Answer only what the passage supports and preserve its qualifications.,95,No calculator,False,Passed,Passed,Approved for Distribution
DOST-W3-178,3,Undergraduate,Part II — Power Test,English,English,ENG6 — Reading Comprehension,"main idea, detail, inference, and author's method",ENG-PASS,Analysis/Evaluation,Difficult,Premium,English,W3-ENG-P5,Why was the shortest route rejected?,It was too inexpensive.,It crossed sensitive nesting habitat and did not best satisfy all design goals.,It followed disturbed ground.,It allowed maintenance access.,,B,The design balanced ecological and operational objectives.,,Answer only what the passage supports and preserve its qualifications.,95,No calculator,False,Passed,Passed,Approved for Distribution
DOST-W3-179,3,Undergraduate,Part II — Power Test,English,English,ENG6 — Reading Comprehension,"main idea, detail, inference, and author's method",ENG-PASS,Analysis/Evaluation,Difficult,Premium,English,W3-ENG-P5,What principle is illustrated?,The shortest path is always optimal.,Environmental effects should never be considered.,Optimization can require balancing several objectives and constraints.,Maintenance access is irrelevant.,,C,The selected route was not shortest but better across multiple criteria.,,Answer only what the passage supports and preserve its qualifications.,95,No calculator,False,Passed,Passed,Approved for Distribution
DOST-W3-180,3,Undergraduate,Part II — Power Test,English,English,ENG6 — Reading Comprehension,"main idea, detail, inference, and author's method",ENG-PASS,Analysis/Evaluation,Difficult,Premium,English,W3-ENG-P5,Which factor favored the longer route?,It crossed more nesting habitat.,It prevented all flooding.,It required no inspection.,It followed previously disturbed ground.,,D,Using already disturbed ground reduced additional ecological impact.,,Answer only what the passage supports and preserve its qualifications.,95,No calculator,False,Passed,Passed,Approved for Distribution
DOST-W3-181,3,Undergraduate,Part II — Power Test,Science,Biology,BIO1 — Cells and Microscopy,membrane proteins,SCI-APP,Single-step Application,Moderate,Free,English,,A membrane protein moves sodium ions against their concentration gradient. What is required?,ATP or another energy source,Only osmosis,No membrane,A lower temperature only,,A,Moving ions against a gradient is active transport and requires energy.,,Active transport moves substances against a gradient.,105,No calculator,False,Passed,Passed,Approved for Distribution
DOST-W3-182,3,Undergraduate,Part II — Power Test,Science,Biology,BIO1 — Cells and Microscopy,cell fractionation,SCI-APP,Recognition/Recall,Easy,Premium,English,,"After cell fractionation, a fraction contains organelles with internal folded membranes that produce ATP. Which organelle is abundant?",ribosomes,mitochondria,lysosomes,centrioles,,B,Mitochondria have cristae and carry out aerobic ATP production.,,Recognize organelles by both structure and function.,80,No calculator,False,Passed,Passed,Approved for Distribution
DOST-W3-183,3,Undergraduate,Part II — Power Test,Science,Biology,BIO1 — Cells and Microscopy,cell wall,SCI-APP,Analysis/Evaluation,Moderate,Premium,English,,Why can a plant cell become turgid without bursting in hypotonic water?,It has no membrane.,Water cannot enter plant cells.,Its rigid cell wall resists expansion.,Its nucleus pumps water out instantly.,,C,The cell wall develops pressure that opposes further water entry.,,Turgor pressure depends on the wall resisting expansion.,105,No calculator,False,Passed,Passed,Approved for Distribution
DOST-W3-184,3,Undergraduate,Part II — Power Test,Science,Biology,BIO1 — Cells and Microscopy,microscope resolution,SCI-APP,Recognition/Recall,Moderate,Premium,English,,Two nearby points appear as one blurred point. Which microscope property is insufficient?,magnification only,field diameter,stage height,resolution,,D,Resolution is the ability to distinguish close points as separate.,,Magnification without resolution does not reveal separate detail.,105,No calculator,False,Passed,Passed,Approved for Distribution
DOST-W3-185,3,Undergraduate,Part II — Power Test,Science,Biology,BIO1 — Cells and Microscopy,meiosis,SCI-APP,Single-step Application,Moderate,Premium,English,,A diploid cell has 16 chromosomes. How many chromosomes are expected in each normal gamete after meiosis?,8,4,16,32,,A,Meiosis halves chromosome number from diploid 16 to haploid 8.,,Gametes contain one chromosome from each homologous pair.,80,No calculator,False,Passed,Passed,Approved for Distribution
DOST-W3-186,3,Undergraduate,Part II — Power Test,Science,Biology,BIO2 — Biomolecules and Metabolism,competitive inhibition,SCI-APP,Analysis/Evaluation,Difficult,Free,English,,A competitive inhibitor reduces enzyme activity by:,destroying every substrate molecule,binding at or near the active site and competing with substrate,adding ATP to the product,increasing enzyme concentration,,B,Competitive inhibitors reduce substrate binding at the active site.,,Increasing substrate may partly overcome competitive inhibition.,140,No calculator,False,Passed,Passed,Approved for Distribution
DOST-W3-187,3,Undergraduate,Part II — Power Test,Science,Biology,BIO2 — Biomolecules and Metabolism,fermentation,SCI-APP,Analysis/Evaluation,Moderate,Premium,English,,Why does yeast produce ethanol during anaerobic metabolism?,To produce more ATP than respiration,To absorb oxygen,To regenerate NAD+ so glycolysis can continue,To create DNA,,C,Fermentation restores NAD+ needed for glycolysis.,,Fermentation permits limited ATP production without oxygen.,105,No calculator,False,Passed,Passed,Approved for Distribution
DOST-W3-188,3,Undergraduate,Part II — Power Test,Science,Biology,BIO2 — Biomolecules and Metabolism,Calvin cycle,SCI-APP,Recognition/Recall,Easy,Premium,English,,The carbon atoms in glucose produced by photosynthesis originally come from:,water,oxygen gas,chlorophyll,carbon dioxide,,D,The Calvin cycle fixes carbon from atmospheric or dissolved CO₂.,,Light supplies energy; carbon dioxide supplies carbon.,80,No calculator,False,Passed,Passed,Approved for Distribution
DOST-W3-189,3,Undergraduate,Part II — Power Test,Science,Biology,BIO2 — Biomolecules and Metabolism,hydrolysis,SCI-APP,Recognition/Recall,Easy,Premium,English,,Breaking a polymer into monomers by adding water is called:,hydrolysis,dehydration synthesis,oxidation only,diffusion,,A,Hydrolysis uses water to break covalent bonds in polymers.,,Hydrolysis breaks; dehydration synthesis builds.,80,No calculator,False,Passed,Passed,Approved for Distribution
DOST-W3-190,3,Undergraduate,Part II — Power Test,Science,Biology,BIO2 — Biomolecules and Metabolism,metabolic pathway,SCI-APP,Analysis/Evaluation,Moderate,Premium,English,,"If the first enzyme in a metabolic pathway is inhibited, what is the most direct effect?",All genes disappear.,Downstream product formation decreases.,The final product increases without limit.,The cell wall dissolves.,,B,Blocking an early step reduces the supply of intermediates for later steps.,,Pathways depend on sequential enzyme-catalyzed reactions.,105,No calculator,False,Passed,Passed,Approved for Distribution
DOST-W3-191,3,Undergraduate,Part II — Power Test,Science,Biology,BIO3 — Genetics and Molecular Biology,replication enzyme,SCI-APP,Recognition/Recall,Moderate,Free,English,,Which enzyme joins short DNA fragments on the lagging strand?,RNA polymerase,amylase,DNA ligase,pepsin,,C,DNA ligase seals gaps between Okazaki fragments.,,Lagging-strand synthesis produces fragments that must be joined.,105,No calculator,False,Passed,Passed,Approved for Distribution
DOST-W3-192,3,Undergraduate,Part II — Power Test,Science,Biology,BIO3 — Genetics and Molecular Biology,translation,SCI-APP,Analysis/Evaluation,Difficult,Premium,English,,A mutation changes an mRNA codon from UAU to UAA. What is the likely effect?,No change because both code for tyrosine,An added chromosome,A longer intron,A premature stop codon,,D,"UAA is a stop codon, so translation may terminate early.",,Nonsense mutations create premature stop codons.,140,No calculator,False,Passed,Passed,Approved for Distribution
DOST-W3-193,3,Undergraduate,Part II — Power Test,Science,Biology,BIO3 — Genetics and Molecular Biology,test cross,SCI-APP,Multi-step Application,Moderate,Premium,English,,A tall plant of unknown genotype is crossed with a short recessive plant. Some offspring are short. What is the tall parent's genotype?,Tt,TT,tt,cannot contain T,,A,"Short offspring require a recessive allele from each parent, so the tall parent is Tt.",,A test cross reveals hidden recessive alleles.,105,No calculator,False,Passed,Passed,Approved for Distribution
DOST-W3-194,3,Undergraduate,Part II — Power Test,Science,Biology,BIO3 — Genetics and Molecular Biology,incomplete dominance,SCI-APP,Recognition/Recall,Easy,Premium,English,,Red flowers crossed with white flowers produce pink offspring. This pattern is:,codominance,incomplete dominance,complete dominance,sex linkage,,B,The heterozygote has an intermediate phenotype.,,Incomplete dominance produces an intermediate heterozygous phenotype.,80,No calculator,False,Passed,Passed,Approved for Distribution
DOST-W3-195,3,Undergraduate,Part II — Power Test,Science,Biology,BIO3 — Genetics and Molecular Biology,crossing over,SCI-APP,Analysis/Evaluation,Moderate,Premium,English,,Crossing over during meiosis increases genetic variation by:,doubling chromosome number,eliminating all mutations,exchanging DNA between homologous chromosomes,preventing independent assortment,,C,Exchange between homologs creates new allele combinations.,,Crossing over occurs during prophase I.,105,No calculator,False,Passed,Passed,Approved for Distribution
DOST-W3-196,3,Undergraduate,Part II — Power Test,Science,Biology,BIO4 — Evolution and Classification,founder effect,SCI-APP,Recognition/Recall,Moderate,Free,English,,A few individuals colonize an island and their descendants have unusual allele frequencies. This is an example of:,directional selection only,gene cloning,artificial fertilization,founder effect,,D,A small founding population can carry a nonrepresentative sample of alleles.,,Founder effect is a form of genetic drift.,105,No calculator,False,Passed,Passed,Approved for Distribution
DOST-W3-197,3,Undergraduate,Part II — Power Test,Science,Biology,BIO4 — Evolution and Classification,adaptation,SCI-APP,Analysis/Evaluation,Moderate,Premium,English,,Which statement best describes an adaptation?,A heritable trait that improves reproductive success in a particular environment,Any change an individual makes during life,A trait that is always useful everywhere,A learned behavior that changes DNA directly,,A,Adaptations are inherited traits favored by selection in a specific context.,,Adaptation is population-level and environment-dependent.,105,No calculator,False,Passed,Passed,Approved for Distribution
DOST-W3-198,3,Undergraduate,Part II — Power Test,Science,Biology,BIO4 — Evolution and Classification,fossil evidence,SCI-APP,Analysis/Evaluation,Moderate,Premium,English,,Transitional fossils are useful because they:,prove every species changes at the same rate,show combinations of ancestral and derived traits,contain living DNA in all cases,eliminate the need for other evidence,,B,They can document intermediate forms and sequence of change.,,Evolutionary conclusions use multiple independent evidence sources.,105,No calculator,False,Passed,Passed,Approved for Distribution
DOST-W3-199,3,Undergraduate,Part II — Power Test,Science,Biology,BIO4 — Evolution and Classification,cladogram,SCI-APP,Analysis/Evaluation,Difficult,Premium,English,,"On a cladogram, a shared derived trait appearing before a branch is expected in:",only the oldest ancestor,no descendants,all descendants of that branch unless later lost,unrelated groups only,,C,A derived trait is inherited by descendant lineages after it evolves.,,Read traits relative to branching points.,140,No calculator,False,Passed,Passed,Approved for Distribution
DOST-W3-200,3,Undergraduate,Part II — Power Test,Science,Biology,BIO4 — Evolution and Classification,binomial nomenclature,SCI-APP,Recognition/Recall,Easy,Premium,English,,"In the scientific name Homo sapiens, Homo identifies the:",species epithet only,family,kingdom,genus,,D,The first word of a binomial name is the genus.,,Scientific names use Genus species format.,80,No calculator,False,Passed,Passed,Approved for Distribution
DOST-W3-201,3,Undergraduate,Part II — Power Test,Science,Biology,BIO5 — Ecology and Populations,density dependence,SCI-APP,Analysis/Evaluation,Moderate,Free,English,,Which factor is most likely density-dependent?,spread of a contagious disease,volcanic eruption,typhoon landfall,seasonal temperature,,A,Disease transmission often increases as population density rises.,,Density-dependent effects strengthen as populations become crowded.,105,No calculator,False,Passed,Passed,Approved for Distribution
DOST-W3-202,3,Undergraduate,Part II — Power Test,Science,Biology,BIO5 — Ecology and Populations,ecological efficiency,SCI-APP,Analysis/Evaluation,Moderate,Premium,English,,Why is a food chain usually limited to a few trophic levels?,Energy increases at every transfer.,Only a small fraction of energy transfers to the next level.,Top predators produce sunlight.,Decomposers remove all matter.,,B,Most energy is used or dissipated before reaching the next level.,,Low transfer efficiency limits higher trophic biomass.,105,No calculator,False,Passed,Passed,Approved for Distribution
DOST-W3-203,3,Undergraduate,Part II — Power Test,Science,Biology,BIO5 — Ecology and Populations,mutualism,SCI-APP,Recognition/Recall,Easy,Premium,English,,Bees obtain nectar while pollinating flowers. This relationship is:,parasitism,competition,mutualism,predation,,C,Both organisms benefit.,,Classify interactions by effects on each participant.,80,No calculator,False,Passed,Passed,Approved for Distribution
DOST-W3-204,3,Undergraduate,Part II — Power Test,Science,Biology,BIO5 — Ecology and Populations,keystone species,SCI-APP,Analysis/Evaluation,Difficult,Premium,English,,Removing a predator causes major changes across an ecosystem despite its low abundance. The predator is likely a:,primary producer only,decomposer with no interactions,random migrant,keystone species,,D,A keystone species has a disproportionately large ecological effect.,,Ecological importance is not always proportional to abundance.,140,No calculator,False,Passed,Passed,Approved for Distribution
DOST-W3-205,3,Undergraduate,Part II — Power Test,Science,Biology,BIO5 — Ecology and Populations,mark-recapture,SCI-APP,Analysis/Evaluation,Difficult,Premium,English,,"In mark-recapture sampling, why must marked animals mix back into the population?",To make the recaptured fraction representative,To guarantee all animals are caught,To change the population size,To prevent random sampling,,A,Representative mixing is necessary for the proportion estimate.,,Mark-recapture relies on several assumptions.,140,No calculator,False,Passed,Passed,Approved for Distribution
DOST-W3-206,3,Undergraduate,Part II — Power Test,Science,Biology,BIO6 — Human Systems and Reproduction,kidney function,SCI-APP,Recognition/Recall,Moderate,Free,English,,Which nephron process returns useful substances from filtrate to blood?,filtration only,reabsorption,secretion into the tubule,urination,,B,Reabsorption moves water and solutes from the tubule back to blood.,,Filtration enters the nephron; reabsorption returns substances.,105,No calculator,False,Passed,Passed,Approved for Distribution
DOST-W3-207,3,Undergraduate,Part II — Power Test,Science,Biology,BIO6 — Human Systems and Reproduction,immune response,SCI-APP,Analysis/Evaluation,Moderate,Premium,English,,A vaccine usually protects by stimulating:,immediate production of red blood cells,loss of all pathogens from the environment,memory cells and a specific adaptive response,permanent fever,,C,Vaccination primes immune memory for faster future response.,,Adaptive immunity is specific and forms memory.,105,No calculator,False,Passed,Passed,Approved for Distribution
DOST-W3-208,3,Undergraduate,Part II — Power Test,Science,Biology,BIO6 — Human Systems and Reproduction,gas transport,SCI-APP,Recognition/Recall,Easy,Premium,English,,Most oxygen in human blood is transported:,dissolved as bubbles,inside platelets,as bicarbonate ions,bound to hemoglobin,,D,Hemoglobin in red blood cells binds most oxygen.,,Oxygen and carbon dioxide use different major transport forms.,80,No calculator,False,Passed,Passed,Approved for Distribution
DOST-W3-209,3,Undergraduate,Part II — Power Test,Science,Biology,BIO6 — Human Systems and Reproduction,hormonal cycle,SCI-APP,Recognition/Recall,Moderate,Premium,English,,A surge of luteinizing hormone most directly triggers:,ovulation,menstruation only,fertilization,implantation,,A,The LH surge causes release of the mature oocyte.,,Distinguish hormonal triggers from later reproductive events.,105,No calculator,False,Passed,Passed,Approved for Distribution
DOST-W3-210,3,Undergraduate,Part II — Power Test,Science,Biology,BIO6 — Human Systems and Reproduction,synapse,SCI-APP,Recognition/Recall,Easy,Premium,English,,Neurotransmitters carry a signal across:,the cell wall,the synaptic cleft,a bone joint,the kidney capsule,,B,Chemical neurotransmitters diffuse across the gap between cells.,,Synapses transmit information between neurons or target cells.,80,No calculator,False,Passed,Passed,Approved for Distribution
DOST-W3-211,3,Undergraduate,Part II — Power Test,Science,Biology,BIO8 — Plant Biology,transpiration,SCI-APP,Analysis/Evaluation,Moderate,Free,English,,Opening stomata generally increases:,root pressure only,seed dormancy,water loss and carbon dioxide entry,cell-wall thickness,,C,Open stomata permit gas exchange but also water-vapor loss.,,Stomata create a trade-off between photosynthesis and water conservation.,105,No calculator,False,Passed,Passed,Approved for Distribution
DOST-W3-212,3,Undergraduate,Part II — Power Test,Science,Biology,BIO8 — Plant Biology,xylem and phloem,SCI-APP,Recognition/Recall,Easy,Premium,English,,Which tissue mainly transports sugars from leaves to other plant parts?,xylem,epidermis,cambium only,phloem,,D,Phloem translocates organic products such as sucrose.,,Xylem carries water/minerals; phloem carries sugars.,80,No calculator,False,Passed,Passed,Approved for Distribution
DOST-W3-213,3,Undergraduate,Part II — Power Test,Science,Biology,BIO8 — Plant Biology,tropism,SCI-APP,Recognition/Recall,Moderate,Premium,English,,A shoot bends toward light because cells on the shaded side elongate more. This response is:,positive phototropism,negative gravitropism only,thigmotropism,dormancy,,A,Growth toward light is positive phototropism.,,Tropisms are directional growth responses.,105,No calculator,False,Passed,Passed,Approved for Distribution
DOST-W3-214,3,Undergraduate,Part II — Power Test,Science,Biology,BIO8 — Plant Biology,seed germination,SCI-APP,Recognition/Recall,Easy,Premium,English,,Which condition is generally essential for seed germination?,bright light for every species,water for metabolic activation,fertilizer before imbibition,carbon dioxide exclusion,,B,Water activates enzymes and metabolism in the seed.,,"Most seeds require water, oxygen, and suitable temperature.",80,No calculator,False,Passed,Passed,Approved for Distribution
DOST-W3-215,3,Undergraduate,Part II — Power Test,Science,Biology,BIO8 — Plant Biology,alternation of generations,SCI-APP,Analysis/Evaluation,Difficult,Premium,English,,"In plants, the gametophyte generation produces gametes by:",meiosis,binary fission,mitosis,fertilization,,C,A haploid gametophyte produces haploid gametes by mitosis.,,Meiosis produces spores in the diploid sporophyte.,140,No calculator,False,Passed,Passed,Approved for Distribution
DOST-W3-216,3,Undergraduate,Part II — Power Test,Science,Biology,BIO7 — Scientific Investigation,blinding,SCI-APP,Analysis/Evaluation,Difficult,Free,English,,Why can blinding improve a biological experiment?,It increases the sample's chromosome number.,It replaces random assignment.,It guarantees the hypothesis.,It reduces expectation bias during treatment or measurement.,,D,Keeping treatment identity unknown can reduce conscious or unconscious bias.,,Blinding controls observer and participant expectations.,105,No calculator,False,Passed,Passed,Approved for Distribution
DOST-W3-217,3,Undergraduate,Part II — Power Test,Science,Biology,BIO7 — Scientific Investigation,replication,SCI-APP,Recognition/Recall,Moderate,Premium,English,,Three repeated trials give similar results. What does this most directly improve?,reliability,absolute proof,sample identity,the independent variable,,A,Consistent replication increases confidence that the result is reproducible.,,Reliability concerns consistency across repeated measurements.,80,No calculator,False,Passed,Passed,Approved for Distribution
DOST-W3-218,3,Undergraduate,Part II — Power Test,Science,Biology,BIO7 — Scientific Investigation,negative control,SCI-APP,Analysis/Evaluation,Difficult,Premium,English,,A negative control is expected to:,receive the strongest treatment,show no treatment effect under normal conditions,prove causation alone,contain every variable at once,,B,It reveals background effects and contamination when no treatment response is expected.,,Controls establish comparison baselines.,105,No calculator,False,Passed,Passed,Approved for Distribution
DOST-W3-219,3,Undergraduate,Part II — Power Test,Science,Biology,BIO7 — Scientific Investigation,statistical significance,SCI-APP,Analysis/Evaluation,Difficult,Premium,English,,A statistically significant result means most directly that:,the effect is always large and important,the hypothesis is permanently proven,the observed pattern is unlikely under the chosen null model at the stated threshold,measurement error is zero,,C,"Statistical significance addresses compatibility with a null model, not practical size or certainty.",,Distinguish statistical significance from practical importance.,140,No calculator,False,Passed,Passed,Approved for Distribution
DOST-W3-220,3,Undergraduate,Part II — Power Test,Science,Biology,BIO7 — Scientific Investigation,operational definition,SCI-APP,Analysis/Evaluation,Difficult,Premium,English,,Why should a study define exactly how 'plant growth' will be measured?,To increase sunlight,To remove all variation,To change the species,To make the dependent variable objective and repeatable,,D,An operational definition specifies a measurable procedure.,,Clear definitions improve reproducibility.,105,No calculator,False,Passed,Passed,Approved for Distribution
DOST-W3-221,3,Undergraduate,Part II — Power Test,Science,Chemistry,"CHEM1 — Matter, Measurement, and Atomic Structure",ion composition,SCI-APP,Single-step Application,Moderate,Free,English,,An ion has 19 protons and 18 electrons. What is its charge?,1+,1−,neutral,2+,,A,One more proton than electron gives a 1+ charge.,19−18=+1,Compare proton and electron counts.,82,No calculator,False,Passed,Passed,Approved for Distribution
DOST-W3-222,3,Undergraduate,Part II — Power Test,Science,Chemistry,"CHEM1 — Matter, Measurement, and Atomic Structure",isotope average,SCI-APP,Multi-step Application,Moderate,Premium,English,,An element has two isotopes: 75% has mass 10 and 25% has mass 11. What is the average atomic mass?,10.00,10.25,10.50,10.75,,B,Weighted average=0.75(10)+0.25(11)=10.25.,7.5+2.75=10.25,Use fractional abundance as weights.,110,No calculator,False,Passed,Passed,Approved for Distribution
DOST-W3-223,3,Undergraduate,Part II — Power Test,Science,Chemistry,"CHEM1 — Matter, Measurement, and Atomic Structure",electron configuration,SCI-APP,Recognition/Recall,Easy,Premium,English,,Which shell arrangement corresponds to a neutral chlorine atom?,"2,7,8","2,8,8","2,8,7","2,6,9",,C,"Chlorine has 17 electrons: 2,8,7.",,Electron count equals atomic number in a neutral atom.,82,No calculator,False,Passed,Passed,Approved for Distribution
DOST-W3-224,3,Undergraduate,Part II — Power Test,Science,Chemistry,"CHEM1 — Matter, Measurement, and Atomic Structure",periodic trend,SCI-APP,Analysis/Evaluation,Difficult,Premium,English,,Why does ionization energy generally increase across a period?,Atoms gain many new shells.,Nuclear charge decreases.,Electrons become farther from the nucleus.,Effective nuclear attraction increases while shielding changes little.,,D,Increasing effective nuclear charge holds valence electrons more strongly.,,Use effective nuclear charge to explain periodic trends.,145,No calculator,False,Passed,Passed,Approved for Distribution
DOST-W3-225,3,Undergraduate,Part II — Power Test,Science,Chemistry,"CHEM1 — Matter, Measurement, and Atomic Structure",percent error,SCI-APP,Single-step Application,Moderate,Premium,English,,An experimental value is 49.0 g and the accepted value is 50.0 g. What is the percent error?,2%,1%,20%,49%,,A,Percent error=|49−50|/50×100=2%.,1/50×100=2%,Divide absolute error by accepted value.,110,No calculator,False,Passed,Passed,Approved for Distribution
DOST-W3-226,3,Undergraduate,Part II — Power Test,Science,Chemistry,CHEM2 — Periodic Trends and Bonding,ionic bonding,SCI-APP,Analysis/Evaluation,Moderate,Free,English,,Why does sodium chloride form a crystal lattice rather than separate NaCl molecules?,NaCl contains no ions.,Electrostatic attraction extends among many oppositely charged ions.,Covalent bonds connect only one pair.,All salts are gases.,,B,Ionic attraction is nondirectional and organizes many ions into a lattice.,,Ionic solids are extended arrays of ions.,110,No calculator,False,Passed,Passed,Approved for Distribution
DOST-W3-227,3,Undergraduate,Part II — Power Test,Science,Chemistry,CHEM2 — Periodic Trends and Bonding,molecular geometry,SCI-APP,Recognition/Recall,Easy,Premium,English,,What is the molecular shape of a central atom with two bonding regions and no lone pairs?,bent,trigonal pyramidal,linear,tetrahedral,,C,Two electron regions arrange 180° apart.,,Count electron regions around the central atom.,82,No calculator,False,Passed,Passed,Approved for Distribution
DOST-W3-228,3,Undergraduate,Part II — Power Test,Science,Chemistry,CHEM2 — Periodic Trends and Bonding,intermolecular forces,SCI-APP,Recognition/Recall,Easy,Premium,English,,Which substance can form hydrogen bonds between its molecules?,CH4,CO2,Cl2,NH3,,D,N–H bonds and a lone pair allow hydrogen bonding in ammonia.,,"Hydrogen bonding usually involves H bonded to N, O, or F.",110,No calculator,False,Passed,Passed,Approved for Distribution
DOST-W3-229,3,Undergraduate,Part II — Power Test,Science,Chemistry,CHEM2 — Periodic Trends and Bonding,network solid,SCI-APP,Analysis/Evaluation,Moderate,Premium,English,,Diamond is very hard mainly because it has:,a three-dimensional network of strong covalent bonds,weak forces between separate molecules,mobile ions in water,metal atoms in layers only,,A,Each carbon is covalently bonded in a rigid extended network.,,Macroscopic properties follow bonding and structure.,110,No calculator,False,Passed,Passed,Approved for Distribution
DOST-W3-230,3,Undergraduate,Part II — Power Test,Science,Chemistry,CHEM2 — Periodic Trends and Bonding,conductivity,SCI-APP,Analysis/Evaluation,Difficult,Premium,English,,Molten ionic compounds conduct electricity because:,their atoms disappear,their ions are free to move,electrons are absent,the liquid becomes metallic,,B,Mobile charged ions carry current in the melt.,,Ionic solids conduct only when ions can move.,110,No calculator,False,Passed,Passed,Approved for Distribution
DOST-W3-231,3,Undergraduate,Part II — Power Test,Science,Chemistry,CHEM3 — Compounds and Nomenclature,ionic formula,SCI-APP,Multi-step Application,Moderate,Free,English,,"What is the formula for magnesium phosphate, Mg²⁺ and PO₄³⁻?",MgPO4,Mg2PO4,Mg3(PO4)2,Mg2(PO4)3,,C,Three Mg²⁺ ions balance two PO₄³⁻ ions: +6 and −6.,LCM of 2 and 3 is 6,Balance total ionic charge.,110,No calculator,False,Passed,Passed,Approved for Distribution
DOST-W3-232,3,Undergraduate,Part II — Power Test,Science,Chemistry,CHEM3 — Compounds and Nomenclature,transition metal naming,SCI-APP,Single-step Application,Moderate,Premium,English,,What is the name of FeO?,iron(I) oxide,iron(III) oxide,iron monoxide only,iron(II) oxide,,D,"Oxide is 2−, so iron is 2+.",,Use the anion charge to determine the Roman numeral.,82,No calculator,False,Passed,Passed,Approved for Distribution
DOST-W3-233,3,Undergraduate,Part II — Power Test,Science,Chemistry,CHEM3 — Compounds and Nomenclature,molecular formula,SCI-APP,Recognition/Recall,Easy,Premium,English,,What is the correct formula for dinitrogen tetroxide?,N2O4,NO2,N4O2,N2O,,A,Di- means two nitrogen atoms and tetra- means four oxygen atoms.,,Molecular prefixes specify atom counts.,82,No calculator,False,Passed,Passed,Approved for Distribution
DOST-W3-234,3,Undergraduate,Part II — Power Test,Science,Chemistry,CHEM3 — Compounds and Nomenclature,polyatomic ion,SCI-APP,Recognition/Recall,Easy,Premium,English,,How many nitrate ions are present in Al(NO3)3?,1,3,2,9,,B,The subscript outside the parentheses applies to the whole nitrate ion.,,Parentheses group a polyatomic ion.,82,No calculator,False,Passed,Passed,Approved for Distribution
DOST-W3-235,3,Undergraduate,Part II — Power Test,Science,Chemistry,CHEM3 — Compounds and Nomenclature,empirical formula,SCI-APP,Single-step Application,Moderate,Premium,English,,A compound contains C and H in a 1:2 mole ratio. What is its empirical formula?,CH,C2H,CH2,C2H4,,C,The simplest whole-number ratio is CH₂.,,Empirical formulas use the simplest ratio.,82,No calculator,False,Passed,Passed,Approved for Distribution
DOST-W3-236,3,Undergraduate,Part II — Power Test,Science,Chemistry,CHEM4 — Reactions and Stoichiometry,balancing,SCI-APP,Multi-step Application,Moderate,Free,English,,What coefficient belongs before O2 in 2C2H6 + O2 → 4CO2 + 6H2O?,5,6,8,7,,D,"Products contain 14 O atoms, requiring 7 O₂.",8 O in CO2 + 6 O in H2O =14 | 14/2=7,Count atoms after balancing carbon and hydrogen.,110,No calculator,False,Passed,Passed,Approved for Distribution
DOST-W3-237,3,Undergraduate,Part II — Power Test,Science,Chemistry,CHEM4 — Reactions and Stoichiometry,precipitation,SCI-APP,Recognition/Recall,Easy,Premium,English,,AgNO3(aq)+NaCl(aq)→AgCl(s)+NaNO3(aq). Which substance is the precipitate?,AgCl,AgNO3,NaCl,NaNO3,,A,AgCl is labeled solid and forms from aqueous ions.,,A precipitate is an insoluble solid product.,82,No calculator,False,Passed,Passed,Approved for Distribution
DOST-W3-238,3,Undergraduate,Part II — Power Test,Science,Chemistry,CHEM4 — Reactions and Stoichiometry,mole conversion,SCI-APP,Single-step Application,Moderate,Premium,English,,"How many molecules are in 2.0 mol of a substance, using 6.02×10²³ particles/mol?",3.01×10²³,1.204×10²⁴,6.02×10²³,12.04×10²⁴,,B,2.0×6.02×10²³=1.204×10²⁴ molecules.,2×6.02×10²³,Multiply moles by Avogadro's number.,110,No calculator,False,Passed,Passed,Approved for Distribution
DOST-W3-239,3,Undergraduate,Part II — Power Test,Science,Chemistry,CHEM4 — Reactions and Stoichiometry,limiting reagent,SCI-APP,Multi-step Application,Moderate,Premium,English,,"For 2CO+O2→2CO2, 4 mol CO reacts with 3 mol O2. Which reactant is limiting?",O2,CO2,CO,neither,,C,"Four mol CO require only 2 mol O₂, so CO is used up first.",,Compare available amounts with stoichiometric requirements.,110,No calculator,False,Passed,Passed,Approved for Distribution
DOST-W3-240,3,Undergraduate,Part II — Power Test,Science,Chemistry,CHEM4 — Reactions and Stoichiometry,theoretical yield,SCI-APP,Single-step Application,Moderate,Premium,English,,"For 2H2+O2→2H2O, how many moles of water can form from 5 mol H2 with excess O2?",2.5 mol,7.5 mol,10 mol,5 mol,,D,The H₂:H₂O ratio is 1:1.,,Use the simplest coefficient ratio.,82,No calculator,False,Passed,Passed,Approved for Distribution
DOST-W3-241,3,Undergraduate,Part II — Power Test,Science,Chemistry,"CHEM5 — Solutions, Acids, Bases, and Separation",molarity,SCI-APP,Single-step Application,Moderate,Free,English,,What is the molarity of 1.5 mol solute in 0.50 L solution?,3.0 M,0.75 M,1.0 M,4.0 M,,A,M=1.5/0.50=3.0 M.,1.5÷0.50=3.0,Molarity is moles per liter.,82,No calculator,False,Passed,Passed,Approved for Distribution
DOST-W3-242,3,Undergraduate,Part II — Power Test,Science,Chemistry,"CHEM5 — Solutions, Acids, Bases, and Separation",dilution,SCI-APP,Single-step Application,Moderate,Premium,English,,How much 4.0 M stock is needed to make 200 mL of 1.0 M solution?,25 mL,50 mL,100 mL,800 mL,,B,V1=M2V2/M1=1.0×200/4.0=50 mL.,V1=50 mL,Use M1V1=M2V2.,110,No calculator,False,Passed,Passed,Approved for Distribution
DOST-W3-243,3,Undergraduate,Part II — Power Test,Science,Chemistry,"CHEM5 — Solutions, Acids, Bases, and Separation",pOH,SCI-APP,Single-step Application,Moderate,Premium,English,,"At 25°C, a solution with pH 9 has pOH:",3,9,5,14,,C,"pH+pOH=14, so pOH=5.",14−9=5,"At 25°C, pH and pOH sum to 14.",82,No calculator,False,Passed,Passed,Approved for Distribution
DOST-W3-244,3,Undergraduate,Part II — Power Test,Science,Chemistry,"CHEM5 — Solutions, Acids, Bases, and Separation",buffer,SCI-APP,Analysis/Evaluation,Difficult,Premium,English,,A buffer resists pH change because it contains components that:,remove all water,prevent every reaction,make pH exactly 7,consume added H+ or OH−,,D,A weak acid/base pair neutralizes small added amounts of acid or base.,,"Buffers resist, but do not prevent, pH change.",145,No calculator,False,Passed,Passed,Approved for Distribution
DOST-W3-245,3,Undergraduate,Part II — Power Test,Science,Chemistry,"CHEM5 — Solutions, Acids, Bases, and Separation",solubility table,SCI-DATA,Recognition/Recall,Easy,Premium,English,W3-CHEMSOL-077,"According to the table, how much Salt Y dissolves in 100 g water at 50°C?",55 g,20 g,35 g,85 g,,A,The 50°C row gives 55 g per 100 g water.,,Read the correct temperature row and units.,82,No calculator,True,Passed,Passed,Approved for Distribution
DOST-W3-246,3,Undergraduate,Part II — Power Test,Science,Chemistry,CHEM6 — Gas Laws and Thermochemistry,Boyle's law,SCI-APP,Single-step Application,Moderate,Free,English,,"A gas at 2.0 atm occupies 3.0 L. At constant temperature, what volume does it occupy at 1.0 atm?",1.5 L,6.0 L,3.0 L,9.0 L,,B,"P1V1=P2V2, so V2=2×3/1=6 L.",V2=6 L,Pressure and volume are inversely related at constant temperature.,82,No calculator,False,Passed,Passed,Approved for Distribution
DOST-W3-247,3,Undergraduate,Part II — Power Test,Science,Chemistry,CHEM6 — Gas Laws and Thermochemistry,Gay-Lussac law,SCI-APP,Single-step Application,Moderate,Premium,English,,"A rigid gas container is heated from 300 K to 450 K. If initial pressure is 2.0 atm, final pressure is:",1.0 atm,2.0 atm,3.0 atm,4.5 atm,,C,P2=P1T2/T1=2×450/300=3 atm.,P2=3 atm,"At constant volume, pressure is proportional to Kelvin temperature.",110,No calculator,False,Passed,Passed,Approved for Distribution
DOST-W3-248,3,Undergraduate,Part II — Power Test,Science,Chemistry,CHEM6 — Gas Laws and Thermochemistry,heating curve,SCI-APP,Analysis/Evaluation,Difficult,Premium,English,,"During a flat segment of a heating curve, added energy is used mainly to:",raise temperature rapidly,decrease particle motion,remove mass,change phase,,D,Temperature remains constant while intermolecular attractions are overcome.,,Plateaus represent phase changes.,110,No calculator,False,Passed,Passed,Approved for Distribution
DOST-W3-249,3,Undergraduate,Part II — Power Test,Science,Chemistry,CHEM6 — Gas Laws and Thermochemistry,Hess's law,SCI-APP,Recognition/Recall,Moderate,Premium,English,,Hess's law works because enthalpy is:,a state function,always zero,a catalyst,a particle count,,A,Enthalpy change depends only on initial and final states.,,State functions are independent of path.,145,No calculator,False,Passed,Passed,Approved for Distribution
DOST-W3-250,3,Undergraduate,Part II — Power Test,Science,Chemistry,CHEM6 — Gas Laws and Thermochemistry,specific heat,SCI-APP,Single-step Application,Moderate,Premium,English,,How much heat raises 50 g water by 4°C if c=4.2 J/g°C?,210 J,840 J,420 J,"1,680 J",,B,Q=mcΔT=50×4.2×4=840 J.,50×4.2×4=840,Use Q=mcΔT.,110,No calculator,False,Passed,Passed,Approved for Distribution
DOST-W3-251,3,Undergraduate,Part II — Power Test,Science,Chemistry,CHEM8 — Chemical Equilibrium and Rates,catalyst,SCI-APP,Recognition/Recall,Moderate,Free,English,,A catalyst increases reaction rate by:,raising product energy permanently,changing equilibrium constant,lowering activation energy,being consumed completely,,C,A catalyst provides an alternative lower-energy pathway.,,"Catalysts affect rate, not equilibrium position.",110,No calculator,False,Passed,Passed,Approved for Distribution
DOST-W3-252,3,Undergraduate,Part II — Power Test,Science,Chemistry,CHEM8 — Chemical Equilibrium and Rates,Le Châtelier,SCI-APP,Analysis/Evaluation,Difficult,Premium,English,,"For an exothermic equilibrium, increasing temperature shifts the system toward:",products,no particles,the catalyst,reactants,,D,"Heat behaves like a product, so adding heat favors the reverse direction.",,Treat imposed changes as stresses on equilibrium.,145,No calculator,False,Passed,Passed,Approved for Distribution
DOST-W3-253,3,Undergraduate,Part II — Power Test,Science,Chemistry,CHEM8 — Chemical Equilibrium and Rates,surface area data,SCI-DATA,Analysis/Evaluation,Difficult,Premium,English,W3-CHEMEXP-078,Which trials isolate the effect of particle size in the table?,1 and 2,1 and 3,2 and 3,all three equally,,A,Trials 1 and 2 have the same temperature but different particle size.,,Hold other variables constant when comparing one factor.,110,No calculator,True,Passed,Passed,Approved for Distribution
DOST-W3-254,3,Undergraduate,Part II — Power Test,Science,Chemistry,CHEM8 — Chemical Equilibrium and Rates,temperature data,SCI-DATA,Analysis/Evaluation,Difficult,Premium,English,W3-CHEMEXP-078,What do Trials 1 and 3 suggest?,Higher temperature stopped reaction.,Higher temperature increased reaction rate.,Particle size changed.,Temperature had no effect.,,B,"At the same particle size, the higher-temperature trial reached the endpoint faster.",,Shorter reaction time indicates faster rate.,110,No calculator,True,Passed,Passed,Approved for Distribution
DOST-W3-255,3,Undergraduate,Part II — Power Test,Science,Chemistry,CHEM8 — Chemical Equilibrium and Rates,collision theory,SCI-APP,Analysis/Evaluation,Difficult,Premium,English,,Increasing concentration usually increases reaction rate because:,activation energy becomes zero,atoms gain mass,particles collide more frequently,products disappear,,C,More particles per volume produce more collisions per unit time.,,Collision frequency and successful orientation affect rate.,110,No calculator,False,Passed,Passed,Approved for Distribution
DOST-W3-256,3,Undergraduate,Part II — Power Test,Science,Chemistry,CHEM7 — Laboratory and Data Reasoning,filtration,SCI-APP,Recognition/Recall,Easy,Free,English,,Which method best separates an insoluble solid from a liquid?,distillation only,chromatography,titration,filtration,,D,A filter retains the solid while the liquid passes through.,,Choose separation methods from physical properties.,82,No calculator,False,Passed,Passed,Approved for Distribution
DOST-W3-257,3,Undergraduate,Part II — Power Test,Science,Chemistry,CHEM7 — Laboratory and Data Reasoning,distillation,SCI-APP,Recognition/Recall,Easy,Premium,English,,Simple distillation separates substances mainly by differences in:,boiling point,color,mass number,magnetic field,,A,The more volatile component vaporizes and condenses first.,,Distillation uses volatility differences.,82,No calculator,False,Passed,Passed,Approved for Distribution
DOST-W3-258,3,Undergraduate,Part II — Power Test,Science,Chemistry,CHEM7 — Laboratory and Data Reasoning,accuracy,SCI-APP,Analysis/Evaluation,Difficult,Premium,English,,Measurements cluster near each other but far from the accepted value. They are:,accurate but imprecise,precise but inaccurate,both accurate and precise,neither recorded,,B,Close agreement shows precision; distance from accepted value shows inaccuracy.,,Accuracy and precision describe different qualities.,110,No calculator,False,Passed,Passed,Approved for Distribution
DOST-W3-259,3,Undergraduate,Part II — Power Test,Science,Chemistry,CHEM7 — Laboratory and Data Reasoning,titration endpoint,SCI-APP,Analysis/Evaluation,Difficult,Premium,English,,Why is indicator added dropwise near a titration endpoint?,The burette stops working.,The solution becomes solid.,A small excess titrant can cause a large color change and overshoot.,Indicators require boiling.,,C,"Near equivalence, a small added volume may pass the endpoint.",,Slow addition improves endpoint precision.,110,No calculator,False,Passed,Passed,Approved for Distribution
DOST-W3-260,3,Undergraduate,Part II — Power Test,Science,Chemistry,CHEM7 — Laboratory and Data Reasoning,safety,SCI-APP,Recognition/Recall,Easy,Premium,English,,"When diluting concentrated acid, the safer procedure is generally to:",add water rapidly to acid,mix without eye protection,seal a hot container,add acid slowly to water,,D,Adding acid to more water disperses heat and reduces splashing risk.,,"Remember: add acid to water, not water to acid.",82,No calculator,False,Passed,Passed,Approved for Distribution
DOST-W3-261,3,Undergraduate,Part II — Power Test,Science,Physics,"PHY1 — Measurement, Vectors, and Motion",vector components,SCI-APP,Single-step Application,Moderate,Free,English,,A 10 N force acts at 60° above the horizontal. Its horizontal component is:,5 N,8.7 N,10 N,20 N,,A,Fx=F cos60°=10(0.5)=5 N.,10×0.5=5,Use cosine for the component adjacent to the angle.,110,No calculator,False,Passed,Passed,Approved for Distribution
DOST-W3-262,3,Undergraduate,Part II — Power Test,Science,Physics,"PHY1 — Measurement, Vectors, and Motion",average speed,SCI-APP,Multi-step Application,Moderate,Premium,English,,A car travels 60 km at 30 km/h and then 60 km at 60 km/h. What is its average speed?,45 km/h,40 km/h,50 km/h,60 km/h,,B,Total distance=120 km; total time=2 h+1 h=3 h; average=40 km/h.,120/3=40,Average speed is total distance divided by total time.,110,No calculator,False,Passed,Passed,Approved for Distribution
DOST-W3-263,3,Undergraduate,Part II — Power Test,Science,Physics,"PHY1 — Measurement, Vectors, and Motion",kinematic displacement,SCI-APP,Single-step Application,Moderate,Premium,English,,An object starts from rest and accelerates at 2 m/s² for 5 s. What distance does it travel?,10 m,20 m,25 m,50 m,,C,s=½at²=0.5×2×25=25 m.,s=25 m,"For rest start, use s=½at².",110,No calculator,False,Passed,Passed,Approved for Distribution
DOST-W3-264,3,Undergraduate,Part II — Power Test,Science,Physics,"PHY1 — Measurement, Vectors, and Motion",projectile range concept,SCI-APP,Analysis/Evaluation,Difficult,Premium,English,,"For launches at the same speed on level ground without air resistance, complementary angles such as 30° and 60° have:",the same maximum height,the same flight path,zero range,the same range,,D,"Range depends on sin2θ, which is equal for complementary angles.",,Complementary launch angles produce equal ideal range.,145,No calculator,False,Passed,Passed,Approved for Distribution
DOST-W3-265,3,Undergraduate,Part II — Power Test,Science,Physics,"PHY1 — Measurement, Vectors, and Motion",relative motion,SCI-APP,Single-step Application,Easy,Premium,English,,"A train moves east at 20 m/s. A passenger walks east inside it at 2 m/s relative to the train. Relative to the ground, the passenger moves at:",22 m/s east,18 m/s east,20 m/s east,2 m/s west,,A,Velocities in the same direction add: 20+2=22 m/s east.,,Add relative velocities with signs and directions.,82,No calculator,False,Passed,Passed,Approved for Distribution
DOST-W3-266,3,Undergraduate,Part II — Power Test,Science,Physics,PHY2 — Forces and Newtonian Mechanics,net force diagram,SCI-DIAG,Single-step Application,Moderate,Free,English,W3-PHYFORCE-079,What is the net horizontal force in the diagram?,12 N left,12 N right,48 N right,48 N left,,B,30 N right−18 N left=12 N right.,30−18=12 N right,Subtract opposing forces and keep direction.,82,No calculator,True,Passed,Passed,Approved for Distribution
DOST-W3-267,3,Undergraduate,Part II — Power Test,Science,Physics,PHY2 — Forces and Newtonian Mechanics,acceleration from force,SCI-DIAG,Multi-step Application,Moderate,Premium,English,W3-PHYFORCE-079,"If the block in the diagram has mass 4 kg, what is its acceleration?",4.5 m/s² right,7.5 m/s² right,3 m/s² right,12 m/s² right,,C,a=Fnet/m=12/4=3 m/s² right.,a=12/4=3,"Use net force, not a single applied force.",110,No calculator,True,Passed,Passed,Approved for Distribution
DOST-W3-268,3,Undergraduate,Part II — Power Test,Science,Physics,PHY2 — Forces and Newtonian Mechanics,inclined plane component,SCI-APP,Single-step Application,Moderate,Premium,English,,"A 10 kg block rests on a 30° frictionless incline. Using g=10 m/s², the component of weight down the slope is:",25 N,87 N,100 N,50 N,,D,mg sin30°=100×0.5=50 N.,100×0.5=50,The downhill component is mg sinθ.,110,No calculator,False,Passed,Passed,Approved for Distribution
DOST-W3-269,3,Undergraduate,Part II — Power Test,Science,Physics,PHY2 — Forces and Newtonian Mechanics,static friction,SCI-APP,Analysis/Evaluation,Difficult,Premium,English,,"A horizontal force increases on a stationary box. Before slipping, static friction:",matches the applied force up to a maximum,is always equal to μkN,remains zero,always exceeds the applied force,,A,Static friction adjusts to maintain equilibrium until its limit.,,"Static friction is variable, not always at maximum.",110,No calculator,False,Passed,Passed,Approved for Distribution
DOST-W3-270,3,Undergraduate,Part II — Power Test,Science,Physics,PHY2 — Forces and Newtonian Mechanics,centripetal force,SCI-APP,Single-step Application,Moderate,Premium,English,,"If speed in circular motion doubles while radius and mass stay constant, centripetal force becomes:",half,four times,double,eight times,,B,"Fc=mv²/r, so doubling v multiplies force by four.",,Centripetal force depends on speed squared.,110,No calculator,False,Passed,Passed,Approved for Distribution
DOST-W3-271,3,Undergraduate,Part II — Power Test,Science,Physics,"PHY3 — Work, Energy, Momentum, and Rotation",work at angle,SCI-APP,Single-step Application,Moderate,Free,English,,A 20 N force moves an object 5 m while acting at 60° to the displacement. Work done is:,25 J,100 J,50 J,200 J,,C,W=Fd cos60°=20×5×0.5=50 J.,W=50 J,Use the force component parallel to displacement.,110,No calculator,False,Passed,Passed,Approved for Distribution
DOST-W3-272,3,Undergraduate,Part II — Power Test,Science,Physics,"PHY3 — Work, Energy, Momentum, and Rotation",mechanical energy,SCI-APP,Single-step Application,Moderate,Premium,English,,"A 2 kg object falls 5 m without air resistance. Using g=10 m/s², its kinetic energy increases by:",10 J,50 J,200 J,100 J,,D,Loss in potential energy=mgh=2×10×5=100 J.,ΔK=100 J,Mechanical energy converts between potential and kinetic forms.,82,No calculator,False,Passed,Passed,Approved for Distribution
DOST-W3-273,3,Undergraduate,Part II — Power Test,Science,Physics,"PHY3 — Work, Energy, Momentum, and Rotation",elastic collision concept,SCI-APP,Recognition/Recall,Easy,Premium,English,,"In a perfectly elastic collision, which quantities are conserved?",momentum and kinetic energy,kinetic energy only,momentum only,mass and temperature only,,A,Both total momentum and total kinetic energy are conserved.,,Elastic collisions conserve more than momentum alone.,110,No calculator,False,Passed,Passed,Approved for Distribution
DOST-W3-274,3,Undergraduate,Part II — Power Test,Science,Physics,"PHY3 — Work, Energy, Momentum, and Rotation",impulse from graph,SCI-APP,Single-step Application,Moderate,Premium,English,,A constant 8 N force acts for 3 s. The change in momentum is:,2.7 kg·m/s,24 kg·m/s,11 kg·m/s,64 kg·m/s,,B,Impulse=FΔt=8×3=24 N·s=24 kg·m/s.,8×3=24,Impulse equals change in momentum.,82,No calculator,False,Passed,Passed,Approved for Distribution
DOST-W3-275,3,Undergraduate,Part II — Power Test,Science,Physics,"PHY3 — Work, Energy, Momentum, and Rotation",rotational inertia,SCI-APP,Analysis/Evaluation,Difficult,Premium,English,,Two equal masses are moved farther from a rotation axis. The system's moment of inertia:,decreases,stays zero,increases,becomes independent of distance,,C,Moment of inertia increases with mass times distance squared.,,Mass farther from the axis increases rotational inertia strongly.,110,No calculator,False,Passed,Passed,Approved for Distribution
DOST-W3-276,3,Undergraduate,Part II — Power Test,Science,Physics,PHY4 — Fluids and Pressure,pressure depth,SCI-APP,Single-step Application,Moderate,Free,English,,"Two points are in the same liquid, one 2 m deeper than the other. Pressure difference is ρgΔh. For water, ρ=1000 kg/m³ and g=10 m/s². The difference is:","2,000 Pa","10,000 Pa","200,000 Pa","20,000 Pa",,D,"ΔP=1000×10×2=20,000 Pa.","ΔP=20,000 Pa",Hydrostatic pressure difference depends on depth.,110,No calculator,False,Passed,Passed,Approved for Distribution
DOST-W3-277,3,Undergraduate,Part II — Power Test,Science,Physics,PHY4 — Fluids and Pressure,continuity equation,SCI-APP,Single-step Application,Moderate,Premium,English,,"Water flows through a pipe that narrows to half its original area. If input speed is 2 m/s, output speed is:",4 m/s,1 m/s,2 m/s,8 m/s,,A,A1v1=A2v2; halving area doubles speed to 4 m/s.,,"For incompressible flow, area and speed vary inversely.",110,No calculator,False,Passed,Passed,Approved for Distribution
DOST-W3-278,3,Undergraduate,Part II — Power Test,Science,Physics,PHY4 — Fluids and Pressure,floating fraction,SCI-APP,Single-step Application,Moderate,Premium,English,,An object with density 800 kg/m³ floats in water of density 1000 kg/m³. What fraction of its volume is submerged?,0.2,0.8,0.5,1.25,,B,Submerged fraction=ρobject/ρfluid=0.8.,,Floating equilibrium relates displaced volume to density ratio.,145,No calculator,False,Passed,Passed,Approved for Distribution
DOST-W3-279,3,Undergraduate,Part II — Power Test,Science,Physics,PHY5 — Heat and Thermodynamics,heat engine efficiency,SCI-APP,Single-step Application,Moderate,Free,English,,An engine absorbs 500 J and produces 150 J of work. Its efficiency is:,20%,35%,30%,70%,,C,Efficiency=W/Qin=150/500=0.30=30%.,150/500×100=30%,Efficiency is useful output divided by input.,110,No calculator,False,Passed,Passed,Approved for Distribution
DOST-W3-280,3,Undergraduate,Part II — Power Test,Science,Physics,PHY5 — Heat and Thermodynamics,first law,SCI-APP,Single-step Application,Moderate,Premium,English,,A gas absorbs 200 J of heat and does 80 J of work. Its internal energy increases by:,80 J,200 J,280 J,120 J,,D,ΔU=Q−W=200−80=120 J.,ΔU=120 J,"With work done by the gas, use ΔU=Q−W.",110,No calculator,False,Passed,Passed,Approved for Distribution
DOST-W3-281,3,Undergraduate,Part II — Power Test,Science,Physics,"PHY6 — Waves, Sound, and Optics",wavelength diagram,SCI-DIAG,Recognition/Recall,Easy,Free,English,W3-PHYWAVE-080,The marked crest-to-crest distance in the wave diagram represents:,wavelength,amplitude,period,frequency,,A,The spatial distance between matching points on adjacent cycles is wavelength.,,Wavelength is measured along the direction of propagation.,82,No calculator,True,Passed,Passed,Approved for Distribution
DOST-W3-282,3,Undergraduate,Part II — Power Test,Science,Physics,"PHY6 — Waves, Sound, and Optics",wave speed calculation,SCI-DIAG,Single-step Application,Moderate,Premium,English,W3-PHYWAVE-080,"If the wavelength in the diagram is 4.0 m and frequency is 2.5 Hz, wave speed is:",1.6 m/s,10 m/s,6.5 m/s,16 m/s,,B,v=fλ=2.5×4.0=10 m/s.,v=10 m/s,Wave speed equals frequency times wavelength.,82,No calculator,True,Passed,Passed,Approved for Distribution
DOST-W3-283,3,Undergraduate,Part II — Power Test,Science,Physics,"PHY6 — Waves, Sound, and Optics",resonance,SCI-APP,Recognition/Recall,Easy,Premium,English,,Resonance occurs when a driving frequency is close to an object's:,mass only,temperature,natural frequency,color,,C,Energy transfer becomes large near the natural frequency.,,Resonance can greatly increase oscillation amplitude.,110,No calculator,False,Passed,Passed,Approved for Distribution
DOST-W3-284,3,Undergraduate,Part II — Power Test,Science,Physics,"PHY6 — Waves, Sound, and Optics",refraction index,SCI-APP,Analysis/Evaluation,Difficult,Premium,English,,Light travels more slowly in a medium with:,lower density in all cases,zero atoms,lower frequency only,higher refractive index,,D,"Refractive index n=c/v, so greater n means lower speed.",,Frequency remains constant across a stationary boundary.,110,No calculator,False,Passed,Passed,Approved for Distribution
DOST-W3-285,3,Undergraduate,Part II — Power Test,Science,Physics,"PHY6 — Waves, Sound, and Optics",convex mirror,SCI-APP,Recognition/Recall,Easy,Premium,English,,A convex mirror forms an image that is generally:,"virtual, upright, and reduced","real, inverted, and enlarged",real and same size,virtual and enlarged for all objects,,A,A convex mirror diverges rays and produces a reduced upright virtual image.,,Convex mirrors provide a wide field of view.,82,No calculator,False,Passed,Passed,Approved for Distribution
DOST-W3-286,3,Undergraduate,Part II — Power Test,Science,Physics,PHY7 — Electricity and Circuits,series-parallel equivalent,SCI-DIAG,Multi-step Application,Moderate,Free,English,W3-PHYCIR-081,"In the circuit, the 6 Ω and 3 Ω resistors are parallel. Their equivalent resistance is:",3 Ω,2 Ω,4 Ω,9 Ω,,B,"1/Req=1/6+1/3=1/2, so Req=2 Ω.",Req=2 Ω,Parallel equivalent is less than the smallest branch.,110,No calculator,True,Passed,Passed,Approved for Distribution
DOST-W3-287,3,Undergraduate,Part II — Power Test,Science,Physics,PHY7 — Electricity and Circuits,total resistance,SCI-DIAG,Multi-step Application,Moderate,Premium,English,W3-PHYCIR-081,The 4 Ω resistor is in series with the 2 Ω parallel equivalent. Total resistance is:,2 Ω,4 Ω,6 Ω,8 Ω,,C,Series resistances add: 4+2=6 Ω.,4+2=6 Ω,Reduce parallel sections before adding series components.,110,No calculator,True,Passed,Passed,Approved for Distribution
DOST-W3-288,3,Undergraduate,Part II — Power Test,Science,Physics,PHY7 — Electricity and Circuits,total current,SCI-DIAG,Single-step Application,Moderate,Premium,English,W3-PHYCIR-081,"With a 12 V source and total resistance 6 Ω, total current is:",0.5 A,6 A,72 A,2 A,,D,I=V/R=12/6=2 A.,I=2 A,Apply Ohm's law to the equivalent circuit.,82,No calculator,True,Passed,Passed,Approved for Distribution
DOST-W3-289,3,Undergraduate,Part II — Power Test,Science,Physics,PHY7 — Electricity and Circuits,electric field,SCI-APP,Recognition/Recall,Easy,Premium,English,,The electric field direction at a point is defined as the direction of force on:,a positive test charge,a negative electron only,a neutral atom,a magnetic pole,,A,Field direction follows the force on a positive test charge.,,Electric field is a vector defined using positive charge.,82,No calculator,False,Passed,Passed,Approved for Distribution
DOST-W3-290,3,Undergraduate,Part II — Power Test,Science,Physics,PHY7 — Electricity and Circuits,capacitor energy,SCI-APP,Recognition/Recall,Easy,Premium,English,,A capacitor stores energy primarily in its:,mass,electric field,chemical products,magnetic poles only,,B,Separated charge creates an electric field that stores energy.,,Capacitors store electrical energy through charge separation.,110,No calculator,False,Passed,Passed,Approved for Distribution
DOST-W3-291,3,Undergraduate,Part II — Power Test,Science,Physics,PHY8 — Modern Physics and Oscillations,simple harmonic motion,SCI-APP,Analysis/Evaluation,Difficult,Free,English,,"At the equilibrium position of an ideal mass-spring oscillator, speed is:",zero,always negative,maximum,undefined,,C,Potential energy is minimum and kinetic energy maximum at equilibrium.,,Turning points have zero speed; equilibrium has maximum speed.,110,No calculator,False,Passed,Passed,Approved for Distribution
DOST-W3-292,3,Undergraduate,Part II — Power Test,Science,Physics,PHY8 — Modern Physics and Oscillations,pendulum period,SCI-APP,Recognition/Recall,Easy,Premium,English,,"For small angles, increasing pendulum length makes the period:",shorter,zero,independent of length,longer,,D,T is proportional to the square root of length.,,Longer pendulums swing more slowly.,82,No calculator,False,Passed,Passed,Approved for Distribution
DOST-W3-293,3,Undergraduate,Part II — Power Test,Science,Physics,PHY8 — Modern Physics and Oscillations,photoelectric effect,SCI-APP,Analysis/Evaluation,Difficult,Premium,English,,Increasing light frequency above threshold increases the emitted electrons' maximum:,kinetic energy,rest mass,charge,number of protons,,A,"Photon energy hf increases, leaving more kinetic energy after overcoming work function.",,Frequency controls electron energy; intensity mainly affects number emitted.,145,No calculator,False,Passed,Passed,Approved for Distribution
DOST-W3-294,3,Undergraduate,Part II — Power Test,Science,Physics,PHY8 — Modern Physics and Oscillations,radioactive half-life,SCI-APP,Multi-step Application,Moderate,Premium,English,,A 160 g sample has a half-life of 3 days. How much remains after 9 days?,10 g,20 g,40 g,80 g,,B,Nine days is three half-lives: 160→80→40→20 g.,160/2³=20,Apply one halving per half-life.,110,No calculator,False,Passed,Passed,Approved for Distribution
DOST-W3-295,3,Undergraduate,Part II — Power Test,Science,Physics,PHY8 — Modern Physics and Oscillations,photon energy,SCI-APP,Recognition/Recall,Easy,Premium,English,,Photon energy increases when frequency:,decreases,stays unrelated,increases,becomes zero only,,C,"E=hf, so energy is directly proportional to frequency.",,Frequency and photon energy rise together.,82,No calculator,False,Passed,Passed,Approved for Distribution
DOST-W3-296,3,Undergraduate,Part II — Power Test,Science,Physics,PHY9 — Physics Data and Experimental Reasoning,graph slope,SCI-APP,Recognition/Recall,Easy,Premium,English,,The slope of a position-time graph represents:,acceleration,force,energy,velocity,,D,Velocity is change in position divided by time.,,Interpret graph slope from axis variables.,82,No calculator,False,Passed,Passed,Approved for Distribution
DOST-W3-297,3,Undergraduate,Part II — Power Test,Science,Physics,PHY9 — Physics Data and Experimental Reasoning,uncertainty,SCI-APP,Analysis/Evaluation,Difficult,Premium,English,,A ruler marked every millimeter is used to measure a length. Reporting 12.345678 cm is inappropriate because:,it claims more precision than the instrument supports,centimeters are invalid units,the object has no length,all rulers measure mass,,A,Reported digits should match measurement resolution.,,Do not report unjustified precision.,110,No calculator,False,Passed,Passed,Approved for Distribution
DOST-W3-298,3,Undergraduate,Part II — Power Test,Science,Physics,PHY9 — Physics Data and Experimental Reasoning,control variable,SCI-APP,Analysis/Evaluation,Difficult,Premium,English,,"To test how pendulum length affects period, which should be kept constant as much as possible?",length,release angle and bob mass,measured period,number of trials only,,B,Length is changed; other relevant factors should be controlled.,,Isolate the independent variable.,82,No calculator,False,Passed,Passed,Approved for Distribution
DOST-W3-299,3,Undergraduate,Part II — Power Test,Science,Physics,PHY9 — Physics Data and Experimental Reasoning,linearization,SCI-APP,Analysis/Evaluation,Difficult,Premium,English,,A graph of period squared versus pendulum length is linear because T² is proportional to:,square root of length,inverse length,length,mass squared,,C,Squaring T=2π√(L/g) gives T²=(4π²/g)L.,,Transform variables to reveal linear relationships.,145,No calculator,False,Passed,Passed,Approved for Distribution
DOST-W3-300,3,Undergraduate,Part II — Power Test,Science,Physics,PHY9 — Physics Data and Experimental Reasoning,random error,SCI-APP,Analysis/Evaluation,Difficult,Premium,English,,Repeating a measurement and averaging mainly helps reduce the effect of:,a fixed calibration offset,wrong units,a biased sampling method,random error,,D,Random fluctuations can partly cancel across repeated trials.,,Averaging does not remove systematic bias.,110,No calculator,False,Passed,Passed,Approved for Distribution
DOST-W3-301,3,Undergraduate,Part II — Power Test,Science,Earth Science,EARTH1 — Earth Materials and Geologic Processes,igneous texture,SCI-APP,Recognition/Recall,Easy,Free,English,,An igneous rock has very small crystals because it most likely cooled:,rapidly at or near the surface,slowly deep underground,without any melt,under extreme sediment pressure,,A,Rapid cooling leaves little time for large crystals to grow.,,Crystal size reflects cooling rate.,82,No calculator,False,Passed,Passed,Approved for Distribution
DOST-W3-302,3,Undergraduate,Part II — Power Test,Science,Earth Science,EARTH1 — Earth Materials and Geologic Processes,metamorphism,SCI-APP,Recognition/Recall,Easy,Premium,English,,Metamorphic rock forms when existing rock is changed mainly by:,cooling of magma,heat and pressure without complete melting,compaction of loose sediment only,evaporation of seawater,,B,Metamorphism alters minerals and texture while the rock remains mostly solid.,,Melting would produce magma and later igneous rock.,110,No calculator,False,Passed,Passed,Approved for Distribution
DOST-W3-303,3,Undergraduate,Part II — Power Test,Science,Earth Science,EARTH1 — Earth Materials and Geologic Processes,relative dating,SCI-DATA,Analysis/Evaluation,Moderate,Premium,English,W3-EARTHCROSS-083,"In the cross-section, which feature is youngest?",Layer C,Layer B,Intrusion D,Layer A,,C,"The intrusion cuts all three layers, so it is younger than them.",,Cross-cutting features are younger than what they cut.,110,No calculator,True,Passed,Passed,Approved for Distribution
DOST-W3-304,3,Undergraduate,Part II — Power Test,Science,Earth Science,EARTH1 — Earth Materials and Geologic Processes,plate boundary,SCI-APP,Recognition/Recall,Easy,Premium,English,,A long strike-slip fault with frequent shallow earthquakes is most characteristic of a:,divergent ridge only,subduction zone only,hot spot without plate motion,transform boundary,,D,Transform boundaries involve horizontal sliding and shallow earthquakes.,,Boundary motion predicts common hazards and landforms.,110,No calculator,False,Passed,Passed,Approved for Distribution
DOST-W3-305,3,Undergraduate,Part II — Power Test,Science,Earth Science,EARTH1 — Earth Materials and Geologic Processes,seismic evidence,SCI-APP,Analysis/Evaluation,Difficult,Premium,English,,"P-waves pass through solids and liquids, but S-waves do not pass through liquids. This evidence supports the conclusion that Earth's outer core is:",liquid,solid,vacuum,plasma only,,A,The disappearance of S-waves indicates a liquid layer.,,Seismic-wave behavior reveals internal structure.,145,No calculator,False,Passed,Passed,Approved for Distribution
DOST-W3-306,3,Undergraduate,Part II — Power Test,Science,Earth Science,"EARTH2 — Atmosphere, Weather, and Climate",adiabatic cooling,SCI-APP,Analysis/Evaluation,Difficult,Free,English,,Why does rising air often cool?,It moves closer to the Sun.,Expansion at lower pressure uses internal energy.,Its molecules disappear.,Clouds absorb all heat instantly.,,B,"As pressure decreases, rising air expands and cools adiabatically.",,Rising air cools; sinking air warms.,145,No calculator,False,Passed,Passed,Approved for Distribution
DOST-W3-307,3,Undergraduate,Part II — Power Test,Science,Earth Science,"EARTH2 — Atmosphere, Weather, and Climate",weather trend,SCI-DATA,Analysis/Evaluation,Moderate,Premium,English,W3-EARTHWX-082,What trend is shown in the weather table?,Pressure rises while wind weakens.,Rainfall decreases to zero.,Pressure falls while wind and rainfall increase.,All variables stay constant.,,C,"From morning to afternoon, pressure drops and both wind and rainfall rise.",,Combine several variables before describing a weather trend.,110,No calculator,True,Passed,Passed,Approved for Distribution
DOST-W3-308,3,Undergraduate,Part II — Power Test,Science,Earth Science,"EARTH2 — Atmosphere, Weather, and Climate",storm approach,SCI-DATA,Analysis/Evaluation,Moderate,Premium,English,W3-EARTHWX-082,The table most strongly suggests that:,a drought is ending permanently,the station moved uphill,the atmosphere has no moisture,a low-pressure weather system may be approaching,,D,Falling pressure with strengthening wind and rain is consistent with an approaching low-pressure system.,,Use multiple observations rather than one value.,110,No calculator,True,Passed,Passed,Approved for Distribution
DOST-W3-309,3,Undergraduate,Part II — Power Test,Science,Earth Science,"EARTH2 — Atmosphere, Weather, and Climate",greenhouse gases,SCI-APP,Recognition/Recall,Easy,Premium,English,,Which gas is a major long-lived greenhouse gas released by fossil-fuel combustion?,carbon dioxide,oxygen,nitrogen,argon,,A,Combustion transfers carbon to atmospheric CO₂.,,Greenhouse gases absorb outgoing infrared radiation.,82,No calculator,False,Passed,Passed,Approved for Distribution
DOST-W3-310,3,Undergraduate,Part II — Power Test,Science,Earth Science,"EARTH2 — Atmosphere, Weather, and Climate",urban heat island,SCI-APP,Analysis/Evaluation,Moderate,Premium,English,,Urban areas often remain warmer at night because concrete and asphalt:,produce sunlight,store heat during the day and release it slowly,eliminate radiation,always contain more water,,B,Built surfaces have thermal properties that retain and re-radiate heat.,,Land cover affects surface-energy balance.,110,No calculator,False,Passed,Passed,Approved for Distribution
DOST-W3-311,3,Undergraduate,Part II — Power Test,Science,Earth Science,EARTH3 — Hydrology and Groundwater,porosity and permeability,SCI-APP,Analysis/Evaluation,Difficult,Free,English,,A rock can have high porosity but low permeability when its pores are:,large and well connected,filled with flowing water,poorly connected,absent,,C,Water storage can be high even if pathways between pores are limited.,,Porosity and permeability are related but distinct.,145,No calculator,False,Passed,Passed,Approved for Distribution
DOST-W3-312,3,Undergraduate,Part II — Power Test,Science,Earth Science,EARTH3 — Hydrology and Groundwater,cone of depression,SCI-APP,Recognition/Recall,Easy,Premium,English,,Heavy pumping from a well can create a cone of depression because it:,raises sea level,increases porosity instantly,stops recharge everywhere,lowers the water table around the well,,D,Withdrawal draws down groundwater most strongly near the well.,,Pumping changes hydraulic head around a well.,110,No calculator,False,Passed,Passed,Approved for Distribution
DOST-W3-313,3,Undergraduate,Part II — Power Test,Science,Earth Science,EARTH3 — Hydrology and Groundwater,ocean current,SCI-APP,Recognition/Recall,Moderate,Premium,English,,Surface ocean currents are driven mainly by:,global winds and Earth's rotation,seafloor earthquakes only,river flow alone,lunar phases only,,A,"Wind stress initiates currents, while Coriolis deflects them.",,Different processes dominate surface and deep circulation.,110,No calculator,False,Passed,Passed,Approved for Distribution
DOST-W3-314,3,Undergraduate,Part II — Power Test,Science,Earth Science,EARTH3 — Hydrology and Groundwater,thermohaline circulation,SCI-APP,Analysis/Evaluation,Moderate,Premium,English,,Deep-ocean water tends to sink where it becomes:,warm and fresh,cold and salty,hot and less dense,rich in sunlight,,B,"Cold, saline water is dense and can sink.",,Thermohaline circulation depends on density differences.,110,No calculator,False,Passed,Passed,Approved for Distribution
DOST-W3-315,3,Undergraduate,Part II — Power Test,Science,Earth Science,EARTH3 — Hydrology and Groundwater,watershed management,SCI-APP,Analysis/Evaluation,Moderate,Premium,English,,Restoring wetlands upstream can reduce downstream flood peaks because wetlands:,make all soil impermeable,increase runoff speed,store and slowly release water,eliminate rainfall,,C,Temporary water storage delays and reduces peak flow.,,Natural storage changes runoff timing.,110,No calculator,False,Passed,Passed,Approved for Distribution
DOST-W3-316,3,Undergraduate,Part II — Power Test,Science,Earth Science,EARTH4 — Astronomy and Earth-Sun-Moon Systems,apparent motion,SCI-APP,Recognition/Recall,Easy,Free,English,,The daily apparent motion of the Sun across the sky is mainly caused by:,Earth's revolution only,the Moon's orbit,solar rotation,Earth's rotation,,D,"Earth rotates eastward, making the Sun appear to move westward.",,Distinguish daily rotation from yearly revolution.,82,No calculator,False,Passed,Passed,Approved for Distribution
DOST-W3-317,3,Undergraduate,Part II — Power Test,Science,Earth Science,EARTH4 — Astronomy and Earth-Sun-Moon Systems,stellar parallax,SCI-APP,Recognition/Recall,Moderate,Premium,English,,Astronomers use stellar parallax primarily to estimate:,distance to nearby stars,mass of every galaxy,Earth's age directly,planetary weather,,A,A nearby star's apparent shift against distant background stars depends on distance.,,Larger parallax means a nearer star.,110,No calculator,False,Passed,Passed,Approved for Distribution
DOST-W3-318,3,Undergraduate,Part II — Power Test,Science,Earth Science,EARTH4 — Astronomy and Earth-Sun-Moon Systems,redshift,SCI-APP,Analysis/Evaluation,Difficult,Premium,English,,Light from a distant galaxy is shifted toward longer wavelengths. This is commonly interpreted as evidence that the galaxy is:,approaching rapidly,receding,stationary with no motion,inside Earth's atmosphere,,B,Redshift usually indicates recession through the Doppler/cosmological effect.,,Longer observed wavelength corresponds to redshift.,110,No calculator,False,Passed,Passed,Approved for Distribution
DOST-W3-319,3,Undergraduate,Part II — Power Test,Science,Earth Science,EARTH4 — Astronomy and Earth-Sun-Moon Systems,eclipse seasons,SCI-APP,Analysis/Evaluation,Difficult,Premium,English,,Solar eclipses do not occur every new moon mainly because the Moon's orbit is:,perfectly circular,too slow,tilted relative to Earth's orbital plane,inside Earth's atmosphere,,C,Most new moons pass above or below the Sun from Earth's viewpoint.,,Eclipses require phase plus node alignment.,145,No calculator,False,Passed,Passed,Approved for Distribution
DOST-W3-320,3,Undergraduate,Part II — Power Test,Science,Earth Science,EARTH4 — Astronomy and Earth-Sun-Moon Systems,stellar evolution,SCI-APP,Recognition/Recall,Moderate,Premium,English,,A star's initial mass most strongly influences its:,daily rising time only,constellation name,distance from Earth,lifetime and final evolutionary outcome,,D,"Mass controls fusion rate, lifetime, and endpoint such as white dwarf or supernova remnant.",,More massive stars burn fuel faster.,110,No calculator,False,Passed,Passed,Approved for Distribution
DOST-W3-321,3,Undergraduate,Part II — Power Test,Science,Earth Science,EARTH5 — Natural Hazards and Environmental Systems,liquefaction,SCI-APP,Recognition/Recall,Moderate,Free,English,,Liquefaction is most likely in:,water-saturated loose sediment during strong shaking,dry solid bedrock,frozen granite only,the upper atmosphere,,A,Shaking can reduce strength in saturated loose sediment.,,Local ground conditions influence earthquake damage.,145,No calculator,False,Passed,Passed,Approved for Distribution
DOST-W3-322,3,Undergraduate,Part II — Power Test,Science,Earth Science,EARTH5 — Natural Hazards and Environmental Systems,storm surge,SCI-APP,Recognition/Recall,Moderate,Premium,English,,Storm surge is primarily an abnormal rise of coastal water caused by:,earthquake faulting only,strong winds and low pressure from a storm,daily evaporation,river dams only,,B,Cyclone winds push water shoreward and low pressure contributes to sea-level rise.,,Storm surge differs from tsunami and ordinary tide.,110,No calculator,False,Passed,Passed,Approved for Distribution
DOST-W3-323,3,Undergraduate,Part II — Power Test,Science,Earth Science,EARTH5 — Natural Hazards and Environmental Systems,hazard map,SCI-APP,Analysis/Evaluation,Moderate,Premium,English,,A hazard map is most useful for:,predicting the exact second of every disaster,eliminating all risk,identifying areas with different levels of potential exposure,replacing evacuation drills,,C,Maps guide planning by showing spatial variation in hazard.,,"Risk reduction combines maps, preparation, and response.",82,No calculator,False,Passed,Passed,Approved for Distribution
DOST-W3-324,3,Undergraduate,Part II — Power Test,Science,Earth Science,EARTH5 — Natural Hazards and Environmental Systems,life-cycle assessment,SCI-APP,Recognition/Recall,Moderate,Premium,English,,A life-cycle assessment compares environmental effects from:,purchase price only,product color only,one day of operation only,raw-material extraction through use and disposal,,D,Life-cycle analysis considers multiple stages of a product system.,,Avoid shifting impacts from one stage to another.,110,No calculator,False,Passed,Passed,Approved for Distribution
DOST-W3-325,3,Undergraduate,Part II — Power Test,Science,Earth Science,EARTH5 — Natural Hazards and Environmental Systems,biodiversity,SCI-APP,Analysis/Evaluation,Difficult,Premium,English,,Habitat fragmentation can reduce biodiversity because it:,isolates populations and reduces usable habitat,creates unlimited migration routes,increases every population size,eliminates edge effects,,A,Smaller isolated populations face reduced gene flow and greater local risk.,,Connectivity matters for long-term population viability.,110,No calculator,False,Passed,Passed,Approved for Distribution
DOST-W3-326,3,Undergraduate,Part II — Power Test,Mathematics,Mathematics,MATH1 — Number Sense and Proportional Reasoning,percent increase,MATH-WP,Single-step Application,Easy,Free,English,,A price rises from ₱400 to ₱460. What is the percent increase?,10%,15%,20%,60%,,B,Increase=60; 60/400=15%.,60/400×100=15%,Use the original value as denominator.,80,No calculator,False,Passed,Passed,Approved for Distribution
DOST-W3-327,3,Undergraduate,Part II — Power Test,Mathematics,Mathematics,MATH1 — Number Sense and Proportional Reasoning,ratio partition,MATH-WP,Multi-step Application,Difficult,Premium,English,,"A fund is divided in the ratio 2:3:5. If the total is ₱20,000, how much goes to the largest share?","₱4,000","₱6,000","₱10,000","₱12,000",,C,"There are 10 parts; the largest gets 5/10 of the total=₱10,000.","20,000/10=2,000 | 5×2,000=10,000",Convert ratio parts into a fraction of the total.,115,No calculator,False,Passed,Passed,Approved for Distribution
DOST-W3-328,3,Undergraduate,Part II — Power Test,Mathematics,Mathematics,MATH1 — Number Sense and Proportional Reasoning,unit rate,MATH-WP,Single-step Application,Moderate,Premium,English,,A vehicle uses 18 L of fuel for 270 km. What is its fuel use per 100 km?,5 L,15 L,18 L,6.67 L,,D,18/270×100=6.67 L per 100 km.,18÷270×100≈6.67,Scale a unit rate to the requested basis.,115,No calculator,False,Passed,Passed,Approved for Distribution
DOST-W3-329,3,Undergraduate,Part II — Power Test,Mathematics,Mathematics,MATH1 — Number Sense and Proportional Reasoning,fraction operation,MATH-WP,Single-step Application,Easy,Free,English,,What is 5/6 − 1/4?,7/12,1/2,2/3,3/8,,A,Common denominator 12 gives 10/12−3/12=7/12.,10/12−3/12=7/12,Use a common denominator.,80,No calculator,False,Passed,Passed,Approved for Distribution
DOST-W3-330,3,Undergraduate,Part II — Power Test,Mathematics,Mathematics,MATH1 — Number Sense and Proportional Reasoning,decimal percent,MATH-WP,Single-step Application,Easy,Free,English,,0.035 is equal to:,0.35%,3.5%,35%,350%,,B,Multiply by 100 to convert to percent: 3.5%.,,Move the decimal two places right for percent.,80,No calculator,False,Passed,Passed,Approved for Distribution
DOST-W3-331,3,Undergraduate,Part II — Power Test,Mathematics,Mathematics,MATH1 — Number Sense and Proportional Reasoning,scientific notation,MATH-WP,Multi-step Application,Difficult,Premium,English,,What is (4×10⁵)/(2×10²)?,2×10⁷,8×10³,2×10³,8×10⁷,,C,Divide coefficients and subtract exponents: 2×10³.,4/2=2 | 10^(5−2)=10³,Subtract powers when dividing.,115,No calculator,False,Passed,Passed,Approved for Distribution
DOST-W3-332,3,Undergraduate,Part II — Power Test,Mathematics,Mathematics,MATH1 — Number Sense and Proportional Reasoning,proportion,MATH-WP,Multi-step Application,Difficult,Premium,English,,"If 9 meters of fabric cost ₱1,260, what is the cost of 14 meters at the same rate?","₱1,680","₱1,820","₱2,100","₱1,960",,D,Unit cost=1260/9=140; 14×140=1960.,1260/9=140 | 14×140=1960,Find unit cost first.,115,No calculator,False,Passed,Passed,Approved for Distribution
DOST-W3-333,3,Undergraduate,Part II — Power Test,Mathematics,Mathematics,MATH1 — Number Sense and Proportional Reasoning,inverse variation,MATH-WP,Multi-step Application,Difficult,Premium,English,,"If y varies inversely as x and y=12 when x=5, what is y when x=8?",7.5,5,15,19.2,,A,"xy is constant: 12×5=60, so y=60/8=7.5.",k=60 | y=60/8=7.5,"For inverse variation, xy is constant.",155,No calculator,False,Passed,Passed,Approved for Distribution
DOST-W3-334,3,Undergraduate,Part II — Power Test,Mathematics,Mathematics,MATH1 — Number Sense and Proportional Reasoning,estimation,MATH-WP,Single-step Application,Easy,Free,English,,Which is the best estimate of 398×21?,800,"8,000","4,000","80,000",,B,"Round to 400×20=8,000.",,Use compatible rounded numbers.,80,No calculator,False,Passed,Passed,Approved for Distribution
DOST-W3-335,3,Undergraduate,Part II — Power Test,Mathematics,Mathematics,MATH1 — Number Sense and Proportional Reasoning,scale drawing,MATH-WP,Multi-step Application,Difficult,Premium,English,,"On a map, 3 cm represents 12 km. How many kilometers does 7.5 cm represent?",18 km,24 km,30 km,36 km,,C,Scale is 4 km/cm; 7.5×4=30 km.,12/3=4 | 7.5×4=30,Convert the scale to a unit rate.,115,No calculator,False,Passed,Passed,Approved for Distribution
DOST-W3-336,3,Undergraduate,Part II — Power Test,Mathematics,Mathematics,MATH2 — Expressions and Algebraic Manipulation,simplify expression,MATH-WP,Multi-step Application,Moderate,Free,English,,Simplify 5(2x−3)−4(x+2).,6x−7,14x−23,x−11,6x−23,,D,10x−15−4x−8=6x−23.,expand | combine like terms,Distribute signs carefully.,80,No calculator,False,Passed,Passed,Approved for Distribution
DOST-W3-337,3,Undergraduate,Part II — Power Test,Mathematics,Mathematics,MATH2 — Expressions and Algebraic Manipulation,factor GCF,MATH-WP,Single-step Application,Easy,Free,English,,Factor 6x³−9x².,3x²(2x−3),3x(2x²−3),x²(6x−9x),3x²(2x+3),,A,The greatest common factor is 3x².,,Extract the greatest common factor first.,80,No calculator,False,Passed,Passed,Approved for Distribution
DOST-W3-338,3,Undergraduate,Part II — Power Test,Mathematics,Mathematics,MATH2 — Expressions and Algebraic Manipulation,factor trinomial,MATH-WP,Single-step Application,Moderate,Premium,English,,Factor x²−x−12.,(x−6)(x+2),(x−4)(x+3),(x−3)(x+4),(x−12)(x+1),,B,Numbers −4 and +3 multiply to −12 and add to −1.,,Find factors with the required sum and product.,115,No calculator,False,Passed,Passed,Approved for Distribution
DOST-W3-339,3,Undergraduate,Part II — Power Test,Mathematics,Mathematics,MATH2 — Expressions and Algebraic Manipulation,difference of cubes,MATH-WP,Single-step Application,Moderate,Premium,English,,Factor x³−8.,(x−2)³,(x−8)(x²+1),(x−2)(x²+2x+4),(x+2)(x²−2x+4),,C,a³−b³=(a−b)(a²+ab+b²).,,Recognize sum and difference of cubes.,155,No calculator,False,Passed,Passed,Approved for Distribution
DOST-W3-340,3,Undergraduate,Part II — Power Test,Mathematics,Mathematics,MATH2 — Expressions and Algebraic Manipulation,exponents,MATH-WP,Multi-step Application,Difficult,Premium,English,,Simplify (2a³b²)².,4a⁵b⁴,2a⁶b⁴,4a⁶b²,4a⁶b⁴,,D,Square the coefficient and multiply each exponent by 2.,2²=4 | a^(3×2)=a⁶ | b^(2×2)=b⁴,A power outside parentheses applies to every factor.,115,No calculator,False,Passed,Passed,Approved for Distribution
DOST-W3-341,3,Undergraduate,Part II — Power Test,Mathematics,Mathematics,MATH2 — Expressions and Algebraic Manipulation,rational expression,MATH-WP,Single-step Application,Moderate,Premium,English,,"Simplify (x²−16)/(x+4), x≠−4.",x−4,x+4,x²−4,1,,A,"x²−16=(x−4)(x+4), then cancel x+4.",,Factor before canceling.,115,No calculator,False,Passed,Passed,Approved for Distribution
DOST-W3-342,3,Undergraduate,Part II — Power Test,Mathematics,Mathematics,MATH2 — Expressions and Algebraic Manipulation,radicals,MATH-WP,Multi-step Application,Difficult,Premium,English,,Simplify √(98x²) for x≥0.,14x√2,7x√2,49x√2,7√(2x),,B,98=49×2 and √x²=x for x≥0.,√49=7 | √x²=x,Extract perfect-square factors.,115,No calculator,False,Passed,Passed,Approved for Distribution
DOST-W3-343,3,Undergraduate,Part II — Power Test,Mathematics,Mathematics,MATH2 — Expressions and Algebraic Manipulation,complex fraction,MATH-WP,Single-step Application,Easy,Free,English,,Simplify (3/4)/(9/8).,3/2,27/32,2/3,8/9,,C,Multiply by reciprocal: 3/4×8/9=24/36=2/3.,,Divide by multiplying by the reciprocal.,80,No calculator,False,Passed,Passed,Approved for Distribution
DOST-W3-344,3,Undergraduate,Part II — Power Test,Mathematics,Mathematics,MATH2 — Expressions and Algebraic Manipulation,polynomial evaluation,MATH-WP,Multi-step Application,Difficult,Premium,English,,"If P(x)=x³−2x+1, what is P(−2)?",−11,3,13,−3,,D,P(−2)=−8+4+1=−3.,−8+4+1=−3,Use parentheses for negative substitution.,115,No calculator,False,Passed,Passed,Approved for Distribution
DOST-W3-345,3,Undergraduate,Part II — Power Test,Mathematics,Mathematics,MATH2 — Expressions and Algebraic Manipulation,binomial expansion,MATH-WP,Single-step Application,Easy,Free,English,,Expand (x+3)².,x²+6x+9,x²+9,x²+3x+9,x²−6x+9,,A,(x+3)²=x²+6x+9.,,Use (a+b)²=a²+2ab+b².,80,No calculator,False,Passed,Passed,Approved for Distribution
DOST-W3-346,3,Undergraduate,Part II — Power Test,Mathematics,Mathematics,"MATH3 — Equations, Systems, and Inequalities",linear equation,MATH-WP,Multi-step Application,Moderate,Free,English,,Solve 7x−9=40.,5,7,9,49,,B,"7x=49, so x=7.",7x=49 | x=7,"Undo subtraction, then division.",80,No calculator,False,Passed,Passed,Approved for Distribution
DOST-W3-347,3,Undergraduate,Part II — Power Test,Mathematics,Mathematics,"MATH3 — Equations, Systems, and Inequalities",fractional equation,MATH-WP,Multi-step Application,Moderate,Free,English,,Solve x/3+5=11.,2,6,18,48,,C,"x/3=6, so x=18.",x/3=6 | x=18,Isolate the fractional term first.,80,No calculator,False,Passed,Passed,Approved for Distribution
DOST-W3-348,3,Undergraduate,Part II — Power Test,Mathematics,Mathematics,"MATH3 — Equations, Systems, and Inequalities",system elimination,MATH-WP,Multi-step Application,Difficult,Premium,English,,Solve 3x+2y=16 and x−2y=0.,"x=2,y=4","x=8,y=4","x=4,y=4","x=4,y=2",,D,"Adding gives 4x=16, x=4; then y=2.",4x=16 | x=4 | y=2,Add equations to eliminate y.,115,No calculator,False,Passed,Passed,Approved for Distribution
DOST-W3-349,3,Undergraduate,Part II — Power Test,Mathematics,Mathematics,"MATH3 — Equations, Systems, and Inequalities",system substitution,MATH-WP,Multi-step Application,Difficult,Premium,English,,Solve y=2x+1 and x+y=10.,"x=3,y=7","x=4,y=6","x=5,y=5","x=2,y=8",,A,x+2x+1=10 gives x=3 and y=7.,3x=9 | x=3 | y=7,Substitute the expression for y.,115,No calculator,False,Passed,Passed,Approved for Distribution
DOST-W3-350,3,Undergraduate,Part II — Power Test,Mathematics,Mathematics,"MATH3 — Equations, Systems, and Inequalities",compound inequality,MATH-WP,Single-step Application,Moderate,Premium,English,,Solve 2<x+1≤6.,1≤x<5,1<x≤5,3<x≤7,x≤5,,B,Subtract 1 from all parts.,,Perform the same operation on every part.,115,No calculator,False,Passed,Passed,Approved for Distribution
DOST-W3-351,3,Undergraduate,Part II — Power Test,Mathematics,Mathematics,"MATH3 — Equations, Systems, and Inequalities",absolute inequality,MATH-WP,Single-step Application,Moderate,Premium,English,,Solve |x|<4.,x<−4 or x>4,x≤4,−4<x<4,x≥−4,,C,Distance from zero less than 4 means between −4 and 4.,,Absolute value represents distance.,115,No calculator,False,Passed,Passed,Approved for Distribution
DOST-W3-352,3,Undergraduate,Part II — Power Test,Mathematics,Mathematics,"MATH3 — Equations, Systems, and Inequalities",quadratic formula,MATH-WP,Single-step Application,Moderate,Premium,English,,Solve x²−4x−5=0.,x=1 or −5,x=4 or −5,x=5 only,x=5 or −1,,D,Factor as (x−5)(x+1)=0.,,Check whether factoring is simpler than the formula.,115,No calculator,False,Passed,Passed,Approved for Distribution
DOST-W3-353,3,Undergraduate,Part II — Power Test,Mathematics,Mathematics,"MATH3 — Equations, Systems, and Inequalities",rational equation,MATH-WP,Single-step Application,Easy,Free,English,,"Solve 2/x=1/3, x≠0.",6,1/6,2/3,9,,A,Cross-multiply: 6=x.,2×3=x,Cross-multiply nonzero denominators.,80,No calculator,False,Passed,Passed,Approved for Distribution
DOST-W3-354,3,Undergraduate,Part II — Power Test,Mathematics,Mathematics,"MATH3 — Equations, Systems, and Inequalities",word equation,MATH-WP,Multi-step Application,Moderate,Free,English,,A number plus twice the number is 45. What is the number?,10,15,20,30,,B,"3x=45, so x=15.",x+2x=45 | x=15,Translate the relationship before solving.,80,No calculator,False,Passed,Passed,Approved for Distribution
DOST-W3-355,3,Undergraduate,Part II — Power Test,Mathematics,Mathematics,"MATH3 — Equations, Systems, and Inequalities",linear programming concept,MATH-WP,Single-step Application,Moderate,Premium,English,,A feasible point in a system of inequalities must:,satisfy only one inequality,lie on the x-axis,satisfy every inequality,have integer coordinates,,C,The feasible region is the intersection of all constraints.,,All constraints must hold simultaneously.,155,No calculator,False,Passed,Passed,Approved for Distribution
DOST-W3-356,3,Undergraduate,Part II — Power Test,Mathematics,Mathematics,"MATH4 — Functions, Relations, and Graphs",function evaluation,MATH-WP,Single-step Application,Easy,Free,English,,"If f(x)=3x−4, what is f(6)?",10,18,22,14,,D,f(6)=18−4=14.,3×6−4=14,Substitute carefully.,80,No calculator,False,Passed,Passed,Approved for Distribution
DOST-W3-357,3,Undergraduate,Part II — Power Test,Mathematics,Mathematics,"MATH4 — Functions, Relations, and Graphs",composition,MATH-WP,Multi-step Application,Difficult,Premium,English,,"If f(x)=x+2 and g(x)=3x, what is g(f(4))?",18,12,14,24,,A,"f(4)=6, then g(6)=18.",f(4)=6 | g(6)=18,Evaluate the inner function first.,115,No calculator,False,Passed,Passed,Approved for Distribution
DOST-W3-358,3,Undergraduate,Part II — Power Test,Mathematics,Mathematics,"MATH4 — Functions, Relations, and Graphs",inverse function,MATH-WP,Single-step Application,Moderate,Premium,English,,"If f(x)=2x+5, then f⁻¹(x) is:",2x−5,(x−5)/2,(x+5)/2,5−2x,,B,Swap x and y and solve: y=(x−5)/2.,,Undo the original operations in reverse order.,155,No calculator,False,Passed,Passed,Approved for Distribution
DOST-W3-359,3,Undergraduate,Part II — Power Test,Mathematics,Mathematics,"MATH4 — Functions, Relations, and Graphs",domain radical,MATH-WP,Single-step Application,Moderate,Premium,English,,What is the real domain of f(x)=√(x−3)?,x>0,x≤3,x≥3,all real x,,C,The radicand must be nonnegative: x−3≥0.,,Even roots require nonnegative radicands.,115,No calculator,False,Passed,Passed,Approved for Distribution
DOST-W3-360,3,Undergraduate,Part II — Power Test,Mathematics,Mathematics,"MATH4 — Functions, Relations, and Graphs",quadratic axis,MATH-WP,Single-step Application,Moderate,Premium,English,,What is the axis of symmetry of y=(x+2)²−5?,x=2,y=−5,y=2,x=−2,,D,Vertex form gives h=−2.,,"For y=(x−h)²+k, axis is x=h.",115,No calculator,False,Passed,Passed,Approved for Distribution
DOST-W3-361,3,Undergraduate,Part II — Power Test,Mathematics,Mathematics,"MATH4 — Functions, Relations, and Graphs",slope from equation,MATH-WP,Single-step Application,Easy,Free,English,,What is the slope of 2y=−6x+8?,−3,−6,3,4,,A,Divide by 2: y=−3x+4.,,Rewrite in slope-intercept form.,80,No calculator,False,Passed,Passed,Approved for Distribution
DOST-W3-362,3,Undergraduate,Part II — Power Test,Mathematics,Mathematics,"MATH4 — Functions, Relations, and Graphs",parallel lines,MATH-WP,Single-step Application,Easy,Premium,English,,A line parallel to y=4x−7 has slope:,−4,4,1/4,7,,B,Parallel nonvertical lines have equal slopes.,,Parallel lines share slope.,80,No calculator,False,Passed,Passed,Approved for Distribution
DOST-W3-363,3,Undergraduate,Part II — Power Test,Mathematics,Mathematics,"MATH4 — Functions, Relations, and Graphs",exponential growth,MATH-WP,Single-step Application,Easy,Premium,English,,A quantity follows P(t)=100(2)^t. What is P(3)?,300,600,800,"1,000",,C,100×2³=800.,100×8=800,Exponential growth multiplies by a constant factor.,80,No calculator,False,Passed,Passed,Approved for Distribution
DOST-W3-364,3,Undergraduate,Part II — Power Test,Mathematics,Mathematics,"MATH4 — Functions, Relations, and Graphs",piecewise function,MATH-WP,Single-step Application,Moderate,Premium,English,,"If f(x)=x+1 for x<0 and f(x)=x² for x≥0, what is f(−3)?",−9,3,9,−2,,D,"Since −3<0, use x+1=−2.",,Choose the rule from the input condition.,115,No calculator,False,Passed,Passed,Approved for Distribution
DOST-W3-365,3,Undergraduate,Part II — Power Test,Mathematics,Mathematics,"MATH4 — Functions, Relations, and Graphs",relation test,MATH-WP,Single-step Application,Easy,Premium,English,,Which relation is not a function?,"{(1,2),(1,3),(2,4)}","{(1,2),(2,3),(3,4)}","{(0,0),(1,1)}","{(−1,2),(2,−1)}",,A,Input 1 is paired with two outputs.,,A function assigns one output to each input.,80,No calculator,False,Passed,Passed,Approved for Distribution
DOST-W3-366,3,Undergraduate,Part II — Power Test,Mathematics,Mathematics,MATH5 — Geometry and Measurement,triangle angle,MATH-WP,Multi-step Application,Moderate,Free,English,,"The angles of a triangle are x, 2x, and 3x. What is x?",20°,30°,45°,60°,,B,"6x=180°, so x=30°.",x+2x+3x=180 | x=30,Triangle angles total 180°.,80,No calculator,False,Passed,Passed,Approved for Distribution
DOST-W3-367,3,Undergraduate,Part II — Power Test,Mathematics,Mathematics,MATH5 — Geometry and Measurement,similarity,MATH-WP,Single-step Application,Moderate,Premium,English,,"A 6 m pole casts a 4 m shadow. At the same time, a tree casts a 10 m shadow. How tall is the tree?",12 m,18 m,15 m,24 m,,C,"6/4=h/10, so h=15.",h=60/4=15,Use equal height-to-shadow ratios.,115,No calculator,False,Passed,Passed,Approved for Distribution
DOST-W3-368,3,Undergraduate,Part II — Power Test,Mathematics,Mathematics,MATH5 — Geometry and Measurement,circle area,MATH-WP,Single-step Application,Easy,Premium,English,,What is the area of a circle with diameter 10 cm?,10π cm²,20π cm²,100π cm²,25π cm²,,D,"Radius=5, so area=25π.",,"Use radius, not diameter, in πr².",80,No calculator,False,Passed,Passed,Approved for Distribution
DOST-W3-369,3,Undergraduate,Part II — Power Test,Mathematics,Mathematics,MATH5 — Geometry and Measurement,arc length,MATH-WP,Single-step Application,Moderate,Premium,English,,A 60° arc in a circle of radius 6 cm has length:,2π cm,π cm,3π cm,6π cm,,A,Arc length=60/360×2π×6=2π.,1/6×12π=2π,Use the angle's fraction of the circumference.,115,No calculator,False,Passed,Passed,Approved for Distribution
DOST-W3-370,3,Undergraduate,Part II — Power Test,Mathematics,Mathematics,MATH5 — Geometry and Measurement,prism volume,MATH-WP,Single-step Application,Easy,Premium,English,,A triangular prism has base area 12 cm² and length 8 cm. Its volume is:,20 cm³,96 cm³,48 cm³,192 cm³,,B,Volume=base area×length=12×8=96.,,Prism volume is base area times length.,80,No calculator,False,Passed,Passed,Approved for Distribution
DOST-W3-371,3,Undergraduate,Part II — Power Test,Mathematics,Mathematics,MATH5 — Geometry and Measurement,surface area cylinder,MATH-WP,Single-step Application,Moderate,Premium,English,,A cylinder has radius 3 cm and height 4 cm. What is its total surface area?,21π cm²,33π cm²,42π cm²,66π cm²,,C,2πr²+2πrh=18π+24π=42π.,18π+24π=42π,Include both circular bases and curved surface.,115,No calculator,False,Passed,Passed,Approved for Distribution
DOST-W3-372,3,Undergraduate,Part II — Power Test,Mathematics,Mathematics,MATH5 — Geometry and Measurement,coordinate slope,MATH-WP,Single-step Application,Moderate,Premium,English,,"What is the slope from (−1,2) to (3,10)?",1/2,4,8,2,,D,(10−2)/(3−(−1))=8/4=2.,,Subtract coordinates in the same order.,115,No calculator,False,Passed,Passed,Approved for Distribution
DOST-W3-373,3,Undergraduate,Part II — Power Test,Mathematics,Mathematics,MATH5 — Geometry and Measurement,distance point-line concept,MATH-WP,Single-step Application,Easy,Premium,English,,The shortest distance from a point to a line is measured along a segment that is:,perpendicular to the line,parallel to the line,horizontal only,vertical only,,A,A perpendicular segment gives minimum distance.,,Shortest distance to a line is perpendicular.,80,No calculator,False,Passed,Passed,Approved for Distribution
DOST-W3-374,3,Undergraduate,Part II — Power Test,Mathematics,Mathematics,MATH5 — Geometry and Measurement,regular polygon,MATH-WP,Single-step Application,Easy,Premium,English,,Each exterior angle of a regular decagon is:,18°,36°,72°,144°,,B,360°/10=36°.,,Regular exterior angles sum to 360°.,80,No calculator,False,Passed,Passed,Approved for Distribution
DOST-W3-375,3,Undergraduate,Part II — Power Test,Mathematics,Mathematics,MATH5 — Geometry and Measurement,composite area,MATH-WP,Single-step Application,Moderate,Premium,English,,A 10 m by 8 m rectangle contains a circular pond of radius 2 m. What land area remains?,80−2π m²,80−8π m²,80−4π m²,16π m²,,C,Rectangle area=80; pond area=4π; subtract.,,Subtract the area of the removed region.,115,No calculator,False,Passed,Passed,Approved for Distribution
DOST-W3-376,3,Undergraduate,Part II — Power Test,Mathematics,Mathematics,MATH6 — Trigonometry,sine ratio,MATH-WP,Single-step Application,Easy,Free,English,,"In a right triangle, opposite=9 and hypotenuse=15. What is sinθ?",4/5,5/3,2/3,3/5,,D,9/15=3/5.,,Sine is opposite over hypotenuse.,80,No calculator,False,Passed,Passed,Approved for Distribution
DOST-W3-377,3,Undergraduate,Part II — Power Test,Mathematics,Mathematics,MATH6 — Trigonometry,cosine ratio,MATH-WP,Single-step Application,Easy,Premium,English,,Adjacent=12 and hypotenuse=13. What is cosθ?,12/13,5/13,13/12,12/5,,A,cosθ=12/13.,,Cosine is adjacent over hypotenuse.,80,No calculator,False,Passed,Passed,Approved for Distribution
DOST-W3-378,3,Undergraduate,Part II — Power Test,Mathematics,Mathematics,MATH6 — Trigonometry,tangent application,MATH-WP,Single-step Application,Moderate,Premium,English,,A 12 m pole casts a 12√3 m shadow. What is the Sun's angle of elevation?,45°,30°,60°,90°,,B,"tanθ=12/(12√3)=1/√3, so θ=30°.",,Match exact tangent values.,115,No calculator,False,Passed,Passed,Approved for Distribution
DOST-W3-379,3,Undergraduate,Part II — Power Test,Mathematics,Mathematics,MATH6 — Trigonometry,special angle,MATH-WP,Single-step Application,Easy,Premium,English,,What is tan45°?,0,1/2,1,√3,,C,"In a 45-45-90 triangle, opposite=adjacent.",,Know special-angle ratios.,80,No calculator,False,Passed,Passed,Approved for Distribution
DOST-W3-380,3,Undergraduate,Part II — Power Test,Mathematics,Mathematics,MATH6 — Trigonometry,law of cosines,MATH-WP,Single-step Application,Moderate,Premium,English,,Two sides are 5 and 7 with included angle 60°. The opposite side squared is:,24,49,74,39,,D,c²=25+49−2(5)(7)(1/2)=39.,74−35=39,Use the included angle in the law of cosines.,155,No calculator,False,Passed,Passed,Approved for Distribution
DOST-W3-381,3,Undergraduate,Part II — Power Test,Mathematics,Mathematics,MATH6 — Trigonometry,law of sines,MATH-WP,Single-step Application,Moderate,Premium,English,,Side a=8 is opposite 30°. Side b is opposite 45°. What is b?,8√2,4√2,8,16,,A,"b/sin45=8/sin30=16, so b=16(√2/2)=8√2.",,Pair each side with its opposite angle.,155,No calculator,False,Passed,Passed,Approved for Distribution
DOST-W3-382,3,Undergraduate,Part II — Power Test,Mathematics,Mathematics,MATH6 — Trigonometry,identity,MATH-WP,Single-step Application,Easy,Premium,English,,Simplify 1−sin²θ.,sin²θ,cos²θ,tan²θ,1,,B,From sin²θ+cos²θ=1.,,Use the Pythagorean identity.,80,No calculator,False,Passed,Passed,Approved for Distribution
DOST-W3-383,3,Undergraduate,Part II — Power Test,Mathematics,Mathematics,MATH6 — Trigonometry,bearing,MATH-WP,Single-step Application,Easy,Premium,English,,A displacement has 6 km east and 8 km north components. Its magnitude is:,7 km,14 km,10 km,48 km,,C,√(6²+8²)=10.,,Perpendicular components form a right triangle.,80,No calculator,False,Passed,Passed,Approved for Distribution
DOST-W3-384,3,Undergraduate,Part II — Power Test,Mathematics,Mathematics,MATH6 — Trigonometry,angle from ratio,MATH-WP,Single-step Application,Easy,Premium,English,,"If tanθ=1 and θ is acute, θ equals:",30°,60°,90°,45°,,D,tan45°=1.,,Use special-angle values.,80,No calculator,False,Passed,Passed,Approved for Distribution
DOST-W3-385,3,Undergraduate,Part II — Power Test,Mathematics,Mathematics,MATH6 — Trigonometry,height application,MATH-WP,Single-step Application,Moderate,Premium,English,,"From a point 20 m from a building, the angle of elevation to the roof is 45°. Ignoring eye height, the building is:",20 m,10 m,20√2 m,40 m,,A,"tan45=h/20=1, so h=20.",,"At 45°, opposite equals adjacent.",115,No calculator,False,Passed,Passed,Approved for Distribution
DOST-W3-386,3,Undergraduate,Part II — Power Test,Mathematics,Mathematics,MATH7 — Sequences and Pattern Reasoning,arithmetic nth term,MATH-WP,Single-step Application,Moderate,Free,English,,"Find the 20th term of 5, 8, 11, ...",59,62,65,68,,B,a20=5+19(3)=62.,5+57=62,Use a_n=a_1+(n−1)d.,115,No calculator,False,Passed,Passed,Approved for Distribution
DOST-W3-387,3,Undergraduate,Part II — Power Test,Mathematics,Mathematics,MATH7 — Sequences and Pattern Reasoning,arithmetic sum,MATH-WP,Multi-step Application,Difficult,Premium,English,,"Find the sum of the first 12 terms of 3, 7, 11, ...",276,288,300,312,,C,a12=47; S=12(3+47)/2=300.,a12=47 | S=6×50=300,Find the last term before summing.,155,No calculator,False,Passed,Passed,Approved for Distribution
DOST-W3-388,3,Undergraduate,Part II — Power Test,Mathematics,Mathematics,MATH7 — Sequences and Pattern Reasoning,geometric nth term,MATH-WP,Single-step Application,Easy,Premium,English,,"Find the 7th term of 1, 2, 4, 8, ...",32,128,256,64,,D,a7=2^6=64.,,The exponent is n−1.,80,No calculator,False,Passed,Passed,Approved for Distribution
DOST-W3-389,3,Undergraduate,Part II — Power Test,Mathematics,Mathematics,MATH7 — Sequences and Pattern Reasoning,geometric sum,MATH-WP,Single-step Application,Easy,Premium,English,,Find 1+2+4+8+16.,31,16,30,32,,A,The sum is 31.,,Add terms or use the geometric-sum formula.,80,No calculator,False,Passed,Passed,Approved for Distribution
DOST-W3-390,3,Undergraduate,Part II — Power Test,Mathematics,Mathematics,MATH7 — Sequences and Pattern Reasoning,recursive sequence,MATH-WP,Single-step Application,Moderate,Premium,English,,"What is the next term: 4, 7, 13, 25, 49, ____?",73,97,81,99,,B,Each term is twice the previous minus 1: 49×2−1=97.,,Test the recursive rule across all transitions.,115,No calculator,False,Passed,Passed,Approved for Distribution
DOST-W3-391,3,Undergraduate,Part II — Power Test,Mathematics,Mathematics,MATH7 — Sequences and Pattern Reasoning,second differences,MATH-WP,Single-step Application,Moderate,Premium,English,,"The sequence 2, 6, 12, 20, 30 has first differences 4,6,8,10. The next term is:",40,44,42,46,,C,"Next difference is 12, so 30+12=42.",,Constant second difference suggests a quadratic pattern.,115,No calculator,False,Passed,Passed,Approved for Distribution
DOST-W3-392,3,Undergraduate,Part II — Power Test,Mathematics,Mathematics,MATH7 — Sequences and Pattern Reasoning,alternating pattern,MATH-WP,Single-step Application,Moderate,Premium,English,,"Find the next term: 10, 8, 16, 14, 28, 26, ____",48,50,54,52,,D,"Operations alternate −2, ×2; 26×2=52.",,Separate alternating operations.,115,No calculator,False,Passed,Passed,Approved for Distribution
DOST-W3-393,3,Undergraduate,Part II — Power Test,Mathematics,Mathematics,MATH7 — Sequences and Pattern Reasoning,Fibonacci-type,MATH-WP,Single-step Application,Moderate,Premium,English,,"A sequence begins 3, 4, 7, 11, 18. What is next?",29,25,31,36,,A,Each term is the sum of the previous two: 11+18=29.,,Check additive recursion.,80,No calculator,False,Passed,Passed,Approved for Distribution
DOST-W3-394,3,Undergraduate,Part II — Power Test,Mathematics,Mathematics,MATH7 — Sequences and Pattern Reasoning,pattern formula,MATH-WP,Single-step Application,Moderate,Premium,English,,"Which formula represents 2,5,8,11,...?",a_n=2n+1,a_n=3n−1,a_n=3n+2,a_n=5n−3,,B,"For n=1, 3(1)−1=2 and difference is 3.",,Match first term and common difference.,115,No calculator,False,Passed,Passed,Approved for Distribution
DOST-W3-395,3,Undergraduate,Part II — Power Test,Mathematics,Mathematics,MATH7 — Sequences and Pattern Reasoning,sequence comparison,MATH-WP,Single-step Application,Moderate,Premium,English,,Which sequence grows fastest for large n?,n,n²,2^n,log n,,C,Exponential 2^n eventually exceeds polynomial and logarithmic growth.,,Compare long-term growth rates.,155,No calculator,False,Passed,Passed,Approved for Distribution
DOST-W3-396,3,Undergraduate,Part II — Power Test,Mathematics,Mathematics,MATH8 — Statistics and Probability,mean,MATH-WP,Single-step Application,Moderate,Free,English,,"The mean of 5, 7, 8, 10, and x is 9. Find x.",9,12,20,15,,D,"Total must be 45; known total=30, so x=15.",45−30=15,Mean times count gives total.,115,No calculator,False,Passed,Passed,Approved for Distribution
DOST-W3-397,3,Undergraduate,Part II — Power Test,Mathematics,Mathematics,MATH8 — Statistics and Probability,weighted mean,MATH-WP,Single-step Application,Moderate,Premium,English,,A project is 30% and an exam is 70%. Scores are 80 and 90. Weighted score is:,87,83,85,88,,A,0.3(80)+0.7(90)=24+63=87.,24+63=87,Multiply each score by its weight.,115,No calculator,False,Passed,Passed,Approved for Distribution
DOST-W3-398,3,Undergraduate,Part II — Power Test,Mathematics,Mathematics,MATH8 — Statistics and Probability,quartile concept,MATH-WP,Single-step Application,Moderate,Premium,English,,The interquartile range measures:,total range only,middle 50% spread,mean position,sample size,,B,IQR=Q3−Q1 spans the middle half of data.,,IQR is resistant to extremes.,80,No calculator,False,Passed,Passed,Approved for Distribution
DOST-W3-399,3,Undergraduate,Part II — Power Test,Mathematics,Mathematics,MATH8 — Statistics and Probability,simple probability,MATH-WP,Single-step Application,Moderate,Premium,English,,A fair die is rolled. Probability of a number greater than 4 is:,1/6,1/2,1/3,2/3,,C,Favorable outcomes 5 and 6: 2/6=1/3.,,Count equally likely outcomes.,80,No calculator,False,Passed,Passed,Approved for Distribution
DOST-W3-400,3,Undergraduate,Part II — Power Test,Mathematics,Mathematics,MATH8 — Statistics and Probability,union probability,MATH-WP,Single-step Application,Moderate,Premium,English,,"If P(A)=0.5, P(B)=0.4, and P(A∩B)=0.2, then P(A∪B) is:",0.3,0.9,1.1,0.7,,D,0.5+0.4−0.2=0.7.,,Subtract overlap once.,115,No calculator,False,Passed,Passed,Approved for Distribution
DOST-W3-401,3,Undergraduate,Part II — Power Test,Mathematics,Mathematics,MATH8 — Statistics and Probability,conditional probability,MATH-WP,Single-step Application,Moderate,Premium,English,,"From cards numbered 1–12, given that a card is even, probability it is divisible by 3 is:",1/3,1/6,1/2,2/3,,A,"Even set has 6 cards; divisible by 3 among them are 6 and 12, so 2/6=1/3.",,Restrict the sample space first.,155,No calculator,False,Passed,Passed,Approved for Distribution
DOST-W3-402,3,Undergraduate,Part II — Power Test,Mathematics,Mathematics,MATH8 — Statistics and Probability,combination,MATH-WP,Single-step Application,Moderate,Premium,English,,How many ways can 2 students be chosen from 5?,5,10,20,25,,B,5C2=10.,,Order does not matter in combinations.,115,No calculator,False,Passed,Passed,Approved for Distribution
DOST-W3-403,3,Undergraduate,Part II — Power Test,Mathematics,Mathematics,MATH8 — Statistics and Probability,permutation repeated,MATH-WP,Single-step Application,Moderate,Premium,English,,How many distinct arrangements of the letters in MAMA are possible?,4,12,6,24,,C,4!/(2!2!)=6.,,Divide by factorials of repeated letters.,155,No calculator,False,Passed,Passed,Approved for Distribution
DOST-W3-404,3,Undergraduate,Part II — Power Test,Mathematics,Mathematics,MATH8 — Statistics and Probability,expected value,MATH-WP,Single-step Application,Moderate,Premium,English,,A game pays ₱10 with probability 0.3 and ₱0 otherwise. Expected payout is:,₱0,₱7,₱10,₱3,,D,10(0.3)+0(0.7)=₱3.,,Expected value is probability-weighted average.,115,No calculator,False,Passed,Passed,Approved for Distribution
DOST-W3-405,3,Undergraduate,Part II — Power Test,Mathematics,Mathematics,MATH8 — Statistics and Probability,outlier effect,MATH-WP,Single-step Application,Moderate,Premium,English,,Adding one very large outlier usually affects the mean more than the:,median,range,maximum,standard deviation,,A,"The median depends on order, while the mean uses every magnitude.",,Median is resistant to outliers.,80,No calculator,False,Passed,Passed,Approved for Distribution
DOST-W3-406,3,Undergraduate,Part II — Power Test,Mathematics,Mathematics,MATH9 — Applied Quantitative Problems,simple interest,MATH-WP,Single-step Application,Moderate,Free,English,,"What simple interest is earned by ₱8,000 at 5% for 2 years?",₱400,₱800,"₱1,000","₱8,800",,B,I=Prt=8000×0.05×2=800.,I=800,Simple interest uses original principal.,80,No calculator,False,Passed,Passed,Approved for Distribution
DOST-W3-407,3,Undergraduate,Part II — Power Test,Mathematics,Mathematics,MATH9 — Applied Quantitative Problems,compound growth,MATH-WP,Single-step Application,Moderate,Premium,English,,A population of 500 grows 10% per year for 2 years. Population becomes:,550,600,605,650,,C,500(1.1)²=605.,500×1.21=605,Compound growth applies to the updated total.,115,No calculator,False,Passed,Passed,Approved for Distribution
DOST-W3-408,3,Undergraduate,Part II — Power Test,Mathematics,Mathematics,MATH9 — Applied Quantitative Problems,work rate,MATH-WP,Multi-step Application,Difficult,Premium,English,,A machine completes a batch in 5 h and another in 10 h. Together they take:,2 h,5 h,15 h,3 h 20 min,,D,Rate=1/5+1/10=3/10; time=10/3 h=3 h 20 min.,combined rate=3/10 | time=10/3 h,"Add work rates, not times.",155,No calculator,False,Passed,Passed,Approved for Distribution
DOST-W3-409,3,Undergraduate,Part II — Power Test,Mathematics,Mathematics,MATH9 — Applied Quantitative Problems,mixture,MATH-WP,Multi-step Application,Difficult,Premium,English,,How many liters of 50% solution mix with 10 L of 20% solution to make 30% solution?,5 L,2 L,10 L,15 L,,A,"0.5x+2=0.3(x+10); 0.2x=1, x=5.",0.5x+2=0.3x+3 | x=5,Conserve pure solute.,155,No calculator,False,Passed,Passed,Approved for Distribution
DOST-W3-410,3,Undergraduate,Part II — Power Test,Mathematics,Mathematics,MATH9 — Applied Quantitative Problems,distance,MATH-WP,Single-step Application,Moderate,Premium,English,,Two cyclists leave the same point in opposite directions at 18 and 22 km/h. Separation after 2.5 h is:,40 km,100 km,50 km,80 km,,B,Relative speed=40 km/h; distance=40×2.5=100 km.,40×2.5=100,Opposite-direction speeds add.,115,No calculator,False,Passed,Passed,Approved for Distribution
DOST-W3-411,3,Undergraduate,Part II — Power Test,Mathematics,Mathematics,MATH9 — Applied Quantitative Problems,age,MATH-WP,Multi-step Application,Difficult,Premium,English,,"A father is three times his son's age. In 10 years, he will be twice the son's age. Son's current age is:",5,15,10,20,,C,"Let son=x; father=3x. Then 3x+10=2(x+10), so x=10.",3x+10=2x+20 | x=10,Write both present and future relationships.,115,No calculator,False,Passed,Passed,Approved for Distribution
DOST-W3-412,3,Undergraduate,Part II — Power Test,Mathematics,Mathematics,MATH9 — Applied Quantitative Problems,optimization,MATH-WP,Single-step Application,Moderate,Premium,English,,A rectangle has area 48 m². Which dimensions give the smallest perimeter among the choices?,1×48,2×24,4×12,6×8,,D,The shape closest to a square minimizes perimeter; 6×8 has perimeter 28.,,"For fixed area, more square-like rectangles use less perimeter.",115,No calculator,False,Passed,Passed,Approved for Distribution
DOST-W3-413,3,Undergraduate,Part II — Power Test,Mathematics,Mathematics,MATH9 — Applied Quantitative Problems,markup discount,MATH-WP,Single-step Application,Moderate,Premium,English,,"An item costs ₱500, is marked up 20%, then discounted 10%. Final price is:",₱540,₱530,₱550,₱600,,A,500×1.20×0.90=540.,600×0.9=540,Successive percentages multiply; they do not cancel.,115,No calculator,False,Passed,Passed,Approved for Distribution
DOST-W3-414,3,Undergraduate,Part II — Power Test,Mathematics,Mathematics,MATH9 — Applied Quantitative Problems,shared expense,MATH-WP,Multi-step Application,Moderate,Premium,English,,"A bill of ₱3,600 is shared in ratio 1:2:3. The largest share is:",₱600,"₱1,800","₱1,200","₱2,400",,B,Six parts; each=600; largest=3×600=1800.,3600/6=600 | 3×600=1800,Divide by total ratio parts.,80,No calculator,False,Passed,Passed,Approved for Distribution
DOST-W3-415,3,Undergraduate,Part II — Power Test,Mathematics,Mathematics,MATH9 — Applied Quantitative Problems,average speed round trip,MATH-WP,Single-step Application,Moderate,Premium,English,,A boat travels 30 km downstream at 15 km/h and returns 30 km upstream at 10 km/h. Average speed is:,12.5 km/h,13 km/h,12 km/h,25 km/h,,C,Total distance=60; time=2+3=5 h; average=12.,60/5=12,Use total distance over total time.,155,No calculator,False,Passed,Passed,Approved for Distribution
DOST-W3-416,3,Undergraduate,Part II — Power Test,Mathematics,Mathematics,"MATH10 — Tables, Charts, and Quantitative Interpretation",total items,MATH-DATA,Analysis/Evaluation,Difficult,Free,English,W3-MATHSALES-084,How many items were sold from Monday through Friday?,440,500,560,540,,D,80+100+120+90+150=540.,sum=540,Add all values in the requested column.,80,No calculator,True,Passed,Passed,Approved for Distribution
DOST-W3-417,3,Undergraduate,Part II — Power Test,Mathematics,Mathematics,"MATH10 — Tables, Charts, and Quantitative Interpretation",average revenue per item,MATH-DATA,Analysis/Evaluation,Difficult,Premium,English,W3-MATHSALES-084,"On Monday, average revenue per item was:",₱120,₱100,₱110,₱125,,A,9600/80=120.,9600/80=120,Divide revenue by item count.,115,No calculator,True,Passed,Passed,Approved for Distribution
DOST-W3-418,3,Undergraduate,Part II — Power Test,Mathematics,Mathematics,"MATH10 — Tables, Charts, and Quantitative Interpretation",unit revenue tie,MATH-DATA,Multi-step Application,Difficult,Premium,English,W3-MATHSALES-084,Which two days had the same highest revenue per item?,Monday and Thursday,Wednesday and Friday,Tuesday and Wednesday,Thursday and Friday,,B,"Wednesday: 15000/120=125; Friday: 18750/150=125, the highest shared rate.",Wednesday=125 | Friday=125,"Compare ratios, not totals.",155,No calculator,True,Passed,Passed,Approved for Distribution
DOST-W3-419,3,Undergraduate,Part II — Power Test,Mathematics,Mathematics,"MATH10 — Tables, Charts, and Quantitative Interpretation",percent sales increase,MATH-DATA,Analysis/Evaluation,Difficult,Premium,English,W3-MATHSALES-084,Items sold rose from 120 Wednesday to 150 Friday. Percent increase is:,20%,30%,25%,80%,,C,Increase=30; 30/120=25%.,30/120=25%,Use Wednesday as the original value.,115,No calculator,True,Passed,Passed,Approved for Distribution
DOST-W3-420,3,Undergraduate,Part II — Power Test,Mathematics,Mathematics,"MATH10 — Tables, Charts, and Quantitative Interpretation",median daily sales,MATH-DATA,Analysis/Evaluation,Difficult,Premium,English,W3-MATHSALES-084,What is the median number of items sold over the five days?,90,108,120,100,,D,"Ordered: 80,90,100,120,150; median=100.",,Order values before finding median.,80,No calculator,True,Passed,Passed,Approved for Distribution
DOST-W3-421,3,Undergraduate,Part II — Power Test,Mathematics,Mathematics,"MATH10 — Tables, Charts, and Quantitative Interpretation",total energy use,MATH-DATA,Analysis/Evaluation,Difficult,Premium,English,W3-MATHENERGY-085,Total electricity use from January to April is:,760 kWh,720 kWh,740 kWh,780 kWh,,A,180+160+200+220=760.,sum=760,Sum the monthly values.,80,No calculator,True,Passed,Passed,Approved for Distribution
DOST-W3-422,3,Undergraduate,Part II — Power Test,Mathematics,Mathematics,"MATH10 — Tables, Charts, and Quantitative Interpretation",bill per kWh January,MATH-DATA,Analysis/Evaluation,Difficult,Premium,English,W3-MATHENERGY-085,January bill per kWh is:,₱10.00,₱12.50,₱15.00,₱18.00,,B,2250/180=12.50.,2250/180=12.5,Compute a unit rate.,115,No calculator,True,Passed,Passed,Approved for Distribution
DOST-W3-423,3,Undergraduate,Part II — Power Test,Mathematics,Mathematics,"MATH10 — Tables, Charts, and Quantitative Interpretation",usage percent change,MATH-DATA,Analysis/Evaluation,Difficult,Premium,English,W3-MATHENERGY-085,Electricity use fell from 180 kWh in January to 160 kWh in February. Percent decrease is about:,8.9%,12.5%,11.1%,20%,,C,Decrease=20; 20/180≈11.1%.,20/180×100≈11.1%,Use initial use as denominator.,115,No calculator,True,Passed,Passed,Approved for Distribution
DOST-W3-424,3,Undergraduate,Part II — Power Test,Mathematics,Mathematics,"MATH10 — Tables, Charts, and Quantitative Interpretation",highest effective rate,MATH-DATA,Analysis/Evaluation,Difficult,Premium,English,W3-MATHENERGY-085,Which month had the highest bill per kWh?,January,February,March,April,,D,"Rates: 12.50,12.75,12.50,13.00; April is highest.",,Compare bill/use ratios.,155,No calculator,True,Passed,Passed,Approved for Distribution
DOST-W3-425,3,Undergraduate,Part II — Power Test,Mathematics,Mathematics,"MATH10 — Tables, Charts, and Quantitative Interpretation",trend claim,MATH-DATA,Analysis/Evaluation,Difficult,Premium,English,W3-MATHENERGY-085,Which statement is best supported by the household electricity table?,April had the highest use and highest bill.,February had the highest use.,The bill was constant per kWh.,Use decreased every month.,,A,"April lists 220 kWh and ₱2,860, both maxima.",,Verify both parts of a compound claim.,115,No calculator,True,Passed,Passed,Approved for Distribution
DOST-W3-426,3,Undergraduate,Part II — Power Test,Mechanical-Technical,Mechanical-Technical,MECH1 — Simple Machines,gear direction,MECH-DIAG,Analysis/Evaluation,Moderate,Free,English,W3-MECHGEAR-086,"If Gear A rotates clockwise, Gear D rotates:",clockwise,counterclockwise,not at all,direction changes every turn,,B,Each external gear contact reverses direction. Three contacts produce an overall reversal.,,An odd number of external contacts reverses direction.,115,No calculator,True,Passed,Passed,Approved for Distribution
DOST-W3-427,3,Undergraduate,Part II — Power Test,Mechanical-Technical,Mechanical-Technical,MECH1 — Simple Machines,gear speed,MECH-DIAG,Analysis/Evaluation,Moderate,Premium,English,W3-MECHGEAR-086,"Compared with Gear A, the smaller Gear D generally rotates:",more slowly,at the same angular speed,faster,without torque,,C,Smaller meshed gears rotate faster when driven by larger gears.,,Gear speed is inversely related to tooth count.,115,No calculator,True,Passed,Passed,Approved for Distribution
DOST-W3-428,3,Undergraduate,Part II — Power Test,Mechanical-Technical,Mechanical-Technical,MECH1 — Simple Machines,gear idler,MECH-DIAG,Analysis/Evaluation,Difficult,Premium,English,W3-MECHGEAR-086,Gear B acts as an idler between A and C. Its main effect is to:,double energy,stop Gear C,remove torque,change direction without changing the A-to-C speed ratio set by A and C sizes,,D,An idler changes direction and spacing but not the overall ratio between driver and final driven gear.,,Intermediate gears can redirect motion without altering final ratio.,150,No calculator,True,Passed,Passed,Approved for Distribution
DOST-W3-429,3,Undergraduate,Part II — Power Test,Mechanical-Technical,Mechanical-Technical,MECH1 — Simple Machines,mechanical advantage lever,MECH-SYS,Multi-step Application,Easy,Free,English,,A lever has effort arm 2 m and load arm 0.5 m. Ideal mechanical advantage is:,4,0.25,2,8,,A,IMA=effort arm/load arm=2/0.5=4.,2/0.5=4,Longer effort arm increases force advantage.,82,No calculator,False,Passed,Passed,Approved for Distribution
DOST-W3-430,3,Undergraduate,Part II — Power Test,Mechanical-Technical,Mechanical-Technical,MECH1 — Simple Machines,fixed pulley,MECH-SYS,Analysis/Evaluation,Easy,Free,English,,An ideal fixed pulley allows a person to:,halve the work required,change the direction of the applied force,double the load mass,eliminate gravity,,B,A fixed pulley redirects force but has ideal mechanical advantage 1.,,Direction change is useful even without force multiplication.,82,No calculator,False,Passed,Passed,Approved for Distribution
DOST-W3-431,3,Undergraduate,Part II — Power Test,Mechanical-Technical,Mechanical-Technical,MECH1 — Simple Machines,movable pulley,MECH-SYS,Analysis/Evaluation,Easy,Free,English,,An ideal movable pulley supported by two rope segments requires approximately:,the full load force,twice the load force,half the load force,zero force,,C,Two supporting segments share the load.,,Count supporting rope segments.,82,No calculator,False,Passed,Passed,Approved for Distribution
DOST-W3-432,3,Undergraduate,Part II — Power Test,Mechanical-Technical,Mechanical-Technical,MECH1 — Simple Machines,wheel and axle,MECH-SYS,Analysis/Evaluation,Moderate,Premium,English,,A force applied at the rim of a large wheel turns a small axle. The system increases:,input work beyond output work,mass,gravity,torque at the axle,,D,The large wheel radius provides a longer moment arm.,,Wheel and axle trade distance for torque.,115,No calculator,False,Passed,Passed,Approved for Distribution
DOST-W3-433,3,Undergraduate,Part II — Power Test,Mechanical-Technical,Mechanical-Technical,MECH1 — Simple Machines,screw,MECH-SYS,Analysis/Evaluation,Easy,Free,English,,A screw can be considered an inclined plane wrapped around a:,cylinder,sphere,gear tooth,pulley rope,,A,The helical thread is an inclined plane around a cylinder.,,Recognize equivalent simple-machine forms.,82,No calculator,False,Passed,Passed,Approved for Distribution
DOST-W3-434,3,Undergraduate,Part II — Power Test,Mechanical-Technical,Mechanical-Technical,MECH1 — Simple Machines,wedge,MECH-SYS,Analysis/Evaluation,Moderate,Premium,English,,A wedge converts an input force mainly into forces directed:,only upward,sideways along its sloping faces,in a circular path,through a wire,,B,The sloping surfaces redirect the input to split or separate material.,,A wedge is a moving inclined plane.,115,No calculator,False,Passed,Passed,Approved for Distribution
DOST-W3-435,3,Undergraduate,Part II — Power Test,Mechanical-Technical,Mechanical-Technical,MECH1 — Simple Machines,efficiency,MECH-SYS,Multi-step Application,Easy,Free,English,,A machine receives 500 J and produces 400 J useful work. Efficiency is:,20%,40%,80%,125%,,C,Efficiency=400/500×100=80%.,400/500×100=80%,Efficiency compares useful output with input.,82,No calculator,False,Passed,Passed,Approved for Distribution
DOST-W3-436,3,Undergraduate,Part II — Power Test,Mechanical-Technical,Mechanical-Technical,"MECH2 — Force, Torque, and Equilibrium",lever balance,MECH-DIAG,Multi-step Application,Easy,Free,English,W3-MECHLEV-087,What downward force balances the lever shown?,30 N,45 N,60 N,40 N,,D,"30×2.0=F×1.5, so F=40 N.",60=1.5F | F=40 N,Set clockwise and counterclockwise moments equal.,115,No calculator,True,Passed,Passed,Approved for Distribution
DOST-W3-437,3,Undergraduate,Part II — Power Test,Mechanical-Technical,Mechanical-Technical,"MECH2 — Force, Torque, and Equilibrium",torque direction,MECH-SYS,Analysis/Evaluation,Easy,Free,English,,A downward force applied to the right of a pivot tends to rotate a horizontal bar:,clockwise,counterclockwise,without rotation,upward only,,A,"The right side moves downward, producing clockwise rotation.",,Use the force line of action relative to the pivot.,82,No calculator,False,Passed,Passed,Approved for Distribution
DOST-W3-438,3,Undergraduate,Part II — Power Test,Mechanical-Technical,Mechanical-Technical,"MECH2 — Force, Torque, and Equilibrium",center of mass,MECH-SYS,Analysis/Evaluation,Moderate,Premium,English,,A racing car is designed with a low center of mass mainly to:,increase air temperature,reduce tipping during turns,eliminate friction,make its mass zero,,B,A lower center of mass increases the angle before the weight line leaves the support base.,,Low center of mass improves stability.,115,No calculator,False,Passed,Passed,Approved for Distribution
DOST-W3-439,3,Undergraduate,Part II — Power Test,Mechanical-Technical,Mechanical-Technical,"MECH2 — Force, Torque, and Equilibrium",static equilibrium,MECH-SYS,Analysis/Evaluation,Moderate,Premium,English,,"For complete static equilibrium, an object must have:",zero mass,zero gravity only,zero net force and zero net torque,equal speed and acceleration,,C,Translational and rotational accelerations must both be zero.,,Force balance alone is not enough for an extended object.,115,No calculator,False,Passed,Passed,Approved for Distribution
DOST-W3-440,3,Undergraduate,Part II — Power Test,Mechanical-Technical,Mechanical-Technical,"MECH2 — Force, Torque, and Equilibrium",support reaction,MECH-SYS,Multi-step Application,Easy,Premium,English,,A 100 N load is centered on a symmetric beam supported at both ends. Each support carries:,25 N,100 N,200 N,50 N,,D,"Symmetry divides the load equally, 50 N per support.",100/2=50,Use symmetry when load and supports are symmetric.,82,No calculator,False,Passed,Passed,Approved for Distribution
DOST-W3-441,3,Undergraduate,Part II — Power Test,Mechanical-Technical,Mechanical-Technical,"MECH2 — Force, Torque, and Equilibrium",tipping condition,MECH-SYS,Analysis/Evaluation,Difficult,Premium,English,,An object begins to tip when the line of action of its weight:,falls outside the support base,passes through the center of the base,becomes horizontal,equals the friction force,,A,"Once the weight line falls outside the base, gravity produces an unopposed tipping torque.",,Stability depends on the weight line remaining inside the base.,150,No calculator,False,Passed,Passed,Approved for Distribution
DOST-W3-442,3,Undergraduate,Part II — Power Test,Mechanical-Technical,Mechanical-Technical,"MECH2 — Force, Torque, and Equilibrium",couple,MECH-SYS,Analysis/Evaluation,Difficult,Premium,English,,Two equal opposite parallel forces separated by a distance form a:,single zero force with no effect,couple producing pure rotation,hydraulic pressure,tensionless cable,,B,"Net force is zero, but the separated forces create a net torque.",,A force couple rotates without translating the center of mass.,150,No calculator,False,Passed,Passed,Approved for Distribution
DOST-W3-443,3,Undergraduate,Part II — Power Test,Mechanical-Technical,Mechanical-Technical,"MECH2 — Force, Torque, and Equilibrium",distributed load,MECH-SYS,Analysis/Evaluation,Moderate,Premium,English,,A uniformly distributed load on a beam can be replaced for equilibrium calculations by a single force acting at:,either support only,the beam's highest point,the load distribution's centroid,infinite distance,,C,The resultant acts at the centroid of the uniform distribution.,,Equivalent resultants simplify distributed loads.,115,No calculator,False,Passed,Passed,Approved for Distribution
DOST-W3-444,3,Undergraduate,Part II — Power Test,Mechanical-Technical,Mechanical-Technical,"MECH2 — Force, Torque, and Equilibrium",friction and tipping,MECH-SYS,Analysis/Evaluation,Easy,Premium,English,,Widening the base of a cabinet generally:,reduces its mass to zero,eliminates sliding friction,raises the center of mass,increases resistance to tipping,,D,A wider base lets the weight line move farther before leaving the support region.,,Base width and center-of-mass height control stability.,82,No calculator,False,Passed,Passed,Approved for Distribution
DOST-W3-445,3,Undergraduate,Part II — Power Test,Mechanical-Technical,Mechanical-Technical,MECH3 — Motion and Component Interaction,crossed belt,MECH-SYS,Analysis/Evaluation,Easy,Free,English,,A crossed belt connects two pulleys. The driven pulley rotates:,in the opposite direction to the driver,in the same direction,only vertically,at random,,A,Crossing the belt reverses rotation direction.,,Crossed and uncrossed belts give opposite direction rules.,82,No calculator,False,Passed,Passed,Approved for Distribution
DOST-W3-446,3,Undergraduate,Part II — Power Test,Mechanical-Technical,Mechanical-Technical,MECH3 — Motion and Component Interaction,chain drive,MECH-SYS,Analysis/Evaluation,Moderate,Premium,English,,A chain drive is preferred over a smooth belt when the design must:,allow unlimited slip,prevent slipping and maintain a fixed speed ratio,eliminate lubrication in all cases,transmit no torque,,B,"Chain teeth engage sprockets positively, preserving the ratio.",,Positive engagement prevents slip.,115,No calculator,False,Passed,Passed,Approved for Distribution
DOST-W3-447,3,Undergraduate,Part II — Power Test,Mechanical-Technical,Mechanical-Technical,MECH3 — Motion and Component Interaction,rack and pinion,MECH-SYS,Analysis/Evaluation,Easy,Premium,English,,A rack-and-pinion mechanism converts:,heat to light,pressure to chemical energy,rotary motion to linear motion or vice versa,linear motion to temperature only,,C,The rotating pinion drives the straight toothed rack.,,Identify the input-output motion types.,82,No calculator,False,Passed,Passed,Approved for Distribution
DOST-W3-448,3,Undergraduate,Part II — Power Test,Mechanical-Technical,Mechanical-Technical,MECH3 — Motion and Component Interaction,cam follower,MECH-SYS,Analysis/Evaluation,Moderate,Premium,English,,A cam with an off-center profile causes its follower to:,rotate at constant radius only,remain motionless,flow through a pipe,rise and fall as the cam rotates,,D,Changing cam radius produces reciprocating follower motion.,,Cam shape controls follower displacement.,115,No calculator,False,Passed,Passed,Approved for Distribution
DOST-W3-449,3,Undergraduate,Part II — Power Test,Mechanical-Technical,Mechanical-Technical,MECH3 — Motion and Component Interaction,crank radius,MECH-SYS,Analysis/Evaluation,Moderate,Premium,English,,Increasing the crank radius in a slider-crank mechanism generally increases the piston:,stroke length,mass only,temperature only,number of valves,,A,Stroke is related to twice the crank radius.,,Geometry controls reciprocating travel.,115,No calculator,False,Passed,Passed,Approved for Distribution
DOST-W3-450,3,Undergraduate,Part II — Power Test,Mechanical-Technical,Mechanical-Technical,MECH3 — Motion and Component Interaction,flywheel inertia,MECH-SYS,Analysis/Evaluation,Moderate,Premium,English,,A heavier flywheel smooths speed fluctuations because it has greater:,electrical resistance,rotational inertia,buoyant force,thermal expansion only,,B,Greater inertia resists rapid angular-speed changes.,,Flywheels store and release rotational kinetic energy.,115,No calculator,False,Passed,Passed,Approved for Distribution
DOST-W3-451,3,Undergraduate,Part II — Power Test,Mechanical-Technical,Mechanical-Technical,MECH3 — Motion and Component Interaction,universal joint,MECH-SYS,Analysis/Evaluation,Moderate,Premium,English,,A universal joint is used mainly to transmit rotation between shafts that are:,perfectly parallel only,not rotating,at an angle to each other,made of fluid,,C,The joint accommodates misalignment between rotating shafts.,,Match coupling type to shaft alignment.,115,No calculator,False,Passed,Passed,Approved for Distribution
DOST-W3-452,3,Undergraduate,Part II — Power Test,Mechanical-Technical,Mechanical-Technical,MECH3 — Motion and Component Interaction,ratchet,MECH-SYS,Analysis/Evaluation,Easy,Premium,English,,A ratchet-and-pawl mechanism allows motion:,equally in both directions without restriction,only as fluid flow,without teeth,primarily in one direction while preventing reverse motion,,D,The pawl catches the ratchet teeth against backward rotation.,,Ratchets enforce directional motion.,82,No calculator,False,Passed,Passed,Approved for Distribution
DOST-W3-453,3,Undergraduate,Part II — Power Test,Mechanical-Technical,Mechanical-Technical,"MECH4 — Fluids, Hydraulics, and Flow",hydraulic output,MECH-DIAG,Multi-step Application,Easy,Free,English,W3-MECHHYD-088,What ideal output force is produced in the shown hydraulic system?,400 N,160 N,320 N,800 N,,A,Fout=80×(40/8)=400 N.,area ratio=5 | 80×5=400,Hydraulic force scales with piston area.,115,No calculator,True,Passed,Passed,Approved for Distribution
DOST-W3-454,3,Undergraduate,Part II — Power Test,Mechanical-Technical,Mechanical-Technical,"MECH4 — Fluids, Hydraulics, and Flow",hydraulic displacement,MECH-DIAG,Multi-step Application,Easy,Premium,English,W3-MECHHYD-088,"In the same ideal hydraulic system, if the small piston moves down 10 cm, the large piston rises approximately:",5 cm,2 cm,10 cm,50 cm,,B,"Volume conservation: 8×10=40×d, so d=2 cm.",80=40d | d=2 cm,Hydraulics trade force for distance.,150,No calculator,True,Passed,Passed,Approved for Distribution
DOST-W3-455,3,Undergraduate,Part II — Power Test,Mechanical-Technical,Mechanical-Technical,"MECH4 — Fluids, Hydraulics, and Flow",pressure transmission,MECH-SYS,Analysis/Evaluation,Moderate,Premium,English,,Pascal's principle states that pressure applied to an enclosed fluid is transmitted:,only downward,only to the smallest piston,undiminished throughout the fluid,as heat only,,C,An applied pressure change is transmitted throughout an enclosed fluid.,,Hydraulic systems rely on pressure transmission.,82,No calculator,False,Passed,Passed,Approved for Distribution
DOST-W3-456,3,Undergraduate,Part II — Power Test,Mechanical-Technical,Mechanical-Technical,"MECH4 — Fluids, Hydraulics, and Flow",pressure head,MECH-SYS,Analysis/Evaluation,Moderate,Premium,English,,A water tank is raised 5 m higher while the faucet remains fixed. Ideal faucet pressure increases because:,water density becomes zero,gravity reverses,pipe diameter disappears,hydrostatic head increases,,D,Pressure difference is proportional to vertical height ρgh.,,Elevation head is a major source of static water pressure.,115,No calculator,False,Passed,Passed,Approved for Distribution
DOST-W3-457,3,Undergraduate,Part II — Power Test,Mechanical-Technical,Mechanical-Technical,"MECH4 — Fluids, Hydraulics, and Flow",continuity,MECH-SYS,Multi-step Application,Easy,Premium,English,,"Water speed is 3 m/s in a pipe of area 4 cm². In a section of area 2 cm², speed is:",6 m/s,1.5 m/s,3 m/s,12 m/s,,A,"A1v1=A2v2, so v2=4×3/2=6 m/s.",12/2=6,"For incompressible flow, smaller area means greater speed.",115,No calculator,False,Passed,Passed,Approved for Distribution
DOST-W3-458,3,Undergraduate,Part II — Power Test,Mechanical-Technical,Mechanical-Technical,"MECH4 — Fluids, Hydraulics, and Flow",Bernoulli effect,MECH-SYS,Analysis/Evaluation,Difficult,Premium,English,,"In a horizontal pipe, a region of higher fluid speed generally has:",higher static pressure always,lower static pressure,zero density,no energy,,B,Bernoulli's relation trades pressure energy with kinetic energy.,,Higher speed can correspond to lower static pressure.,150,No calculator,False,Passed,Passed,Approved for Distribution
DOST-W3-459,3,Undergraduate,Part II — Power Test,Mechanical-Technical,Mechanical-Technical,"MECH4 — Fluids, Hydraulics, and Flow",pump priming,MECH-SYS,Analysis/Evaluation,Moderate,Premium,English,,Why may a centrifugal pump need priming before operation?,Priming increases gravity.,The motor contains no wires.,Air in the casing can prevent the pump from developing suction and moving liquid.,Water must become solid.,,C,The pump must be filled with liquid so the impeller can create the required pressure difference.,,Many pumps cannot move air effectively enough to self-prime.,115,No calculator,False,Passed,Passed,Approved for Distribution
DOST-W3-460,3,Undergraduate,Part II — Power Test,Mechanical-Technical,Mechanical-Technical,"MECH4 — Fluids, Hydraulics, and Flow",check valve,MECH-SYS,Analysis/Evaluation,Moderate,Premium,English,,A check valve is installed to:,increase pipe diameter continuously,measure temperature,mix two fuels,allow flow mainly in one direction,,D,Its mechanism closes against reverse flow.,,Check valves prevent backflow.,82,No calculator,False,Passed,Passed,Approved for Distribution
DOST-W3-461,3,Undergraduate,Part II — Power Test,Mechanical-Technical,Mechanical-Technical,"MECH4 — Fluids, Hydraulics, and Flow",water hammer,MECH-SYS,Analysis/Evaluation,Difficult,Premium,English,,Water hammer is caused mainly by:,"rapid change in fluid velocity, such as sudden valve closure",slow heating of a tank,low water density only,steady flow through a wide pipe,,A,Abrupt momentum change creates a pressure wave.,,Control sudden flow changes to reduce pressure surges.,150,No calculator,False,Passed,Passed,Approved for Distribution
DOST-W3-462,3,Undergraduate,Part II — Power Test,Mechanical-Technical,Mechanical-Technical,"MECH5 — Heat, Materials, and Thermal Response",thermal conductivity,MECH-SYS,Analysis/Evaluation,Moderate,Free,English,,Copper is used in heat exchangers mainly because it has:,low melting point only,high thermal conductivity,zero expansion,high electrical resistance,,B,Copper transfers thermal energy readily.,,Material choice follows desired heat-transfer properties.,82,No calculator,False,Passed,Passed,Approved for Distribution
DOST-W3-463,3,Undergraduate,Part II — Power Test,Mechanical-Technical,Mechanical-Technical,"MECH5 — Heat, Materials, and Thermal Response",insulator,MECH-SYS,Analysis/Evaluation,Moderate,Premium,English,,A refrigerator wall contains foam because foam:,generates cold continuously,increases convection,traps air and slows heat transfer,has infinite density,,C,Small trapped-air cells reduce conduction and convection.,,Insulation reduces unwanted heat flow.,115,No calculator,False,Passed,Passed,Approved for Distribution
DOST-W3-464,3,Undergraduate,Part II — Power Test,Mechanical-Technical,Mechanical-Technical,"MECH5 — Heat, Materials, and Thermal Response",specific heat,MECH-SYS,Analysis/Evaluation,Moderate,Premium,English,,A material with high specific heat requires:,less energy for any temperature rise,no energy to warm,higher density by definition,more energy per kilogram for the same temperature rise,,D,Specific heat measures energy required per mass per degree.,,High specific heat moderates temperature change.,82,No calculator,False,Passed,Passed,Approved for Distribution
DOST-W3-465,3,Undergraduate,Part II — Power Test,Mechanical-Technical,Mechanical-Technical,"MECH5 — Heat, Materials, and Thermal Response",thermal expansion gap,MECH-SYS,Analysis/Evaluation,Moderate,Premium,English,,Railway tracks include expansion gaps to:,prevent buckling during heating,increase friction,stop electrical current,reduce rail mass,,A,Metal rails lengthen as temperature rises.,,Design must allow thermal dimensional changes.,82,No calculator,False,Passed,Passed,Approved for Distribution
DOST-W3-466,3,Undergraduate,Part II — Power Test,Mechanical-Technical,Mechanical-Technical,"MECH5 — Heat, Materials, and Thermal Response",bimetal thermostat,MECH-SYS,Analysis/Evaluation,Moderate,Premium,English,,A bimetal strip in a thermostat bends because:,both metals have identical expansion,the bonded metals expand differently,one metal loses all atoms,current always flows through air,,B,Unequal expansion creates curvature and can open or close a contact.,,Differential expansion can control switches.,115,No calculator,False,Passed,Passed,Approved for Distribution
DOST-W3-467,3,Undergraduate,Part II — Power Test,Mechanical-Technical,Mechanical-Technical,"MECH5 — Heat, Materials, and Thermal Response",heat sink fins,MECH-SYS,Analysis/Evaluation,Moderate,Premium,English,,Adding fins to a heat sink improves cooling mainly by:,reducing all air motion,eliminating temperature difference,increasing surface area for heat transfer,making the device heavier only,,C,More surface area increases convection and radiation.,,Heat-transfer rate often rises with area.,115,No calculator,False,Passed,Passed,Approved for Distribution
DOST-W3-468,3,Undergraduate,Part II — Power Test,Mechanical-Technical,Mechanical-Technical,"MECH5 — Heat, Materials, and Thermal Response",thermal stress,MECH-SYS,Analysis/Evaluation,Difficult,Premium,English,,Rapidly cooling a hot glass object may crack it because:,glass becomes magnetic,all heat leaves uniformly,mass is not conserved,different regions contract by different amounts,,D,Temperature gradients create unequal contraction and internal stress.,,Rapid temperature change can create thermal shock.,150,No calculator,False,Passed,Passed,Approved for Distribution
DOST-W3-469,3,Undergraduate,Part II — Power Test,Mechanical-Technical,Mechanical-Technical,"MECH5 — Heat, Materials, and Thermal Response",phase-change cooling,MECH-SYS,Analysis/Evaluation,Moderate,Premium,English,,Evaporation cools a surface because the escaping molecules tend to carry:,above-average kinetic energy,zero energy,only electric charge,solid particles,,A,"Higher-energy molecules escape more readily, lowering the average energy of those remaining.",,Evaporative cooling removes energetic molecules.,115,No calculator,False,Passed,Passed,Approved for Distribution
DOST-W3-470,3,Undergraduate,Part II — Power Test,Mechanical-Technical,Mechanical-Technical,MECH6 — Engines and Cycles,compression ratio,MECH-SYS,Analysis/Evaluation,Difficult,Free,English,,"Increasing an engine's compression ratio can improve ideal efficiency, but it may also increase the risk of:",zero pressure,knocking or premature ignition,loss of all torque,water freezing in the radiator,,B,"Higher compression raises temperature and pressure, which can promote knock in spark-ignition engines.",,Engineering changes often involve performance and reliability trade-offs.,150,No calculator,False,Passed,Passed,Approved for Distribution
DOST-W3-471,3,Undergraduate,Part II — Power Test,Mechanical-Technical,Mechanical-Technical,MECH6 — Engines and Cycles,stroke sequence,MECH-DIAG,Analysis/Evaluation,Moderate,Premium,English,W3-MECHENG-089,Which stroke normally follows the intake stroke in a four-stroke engine?,power,exhaust,compression,cooling,,C,The mixture is compressed after being drawn into the cylinder.,,"Sequence: intake, compression, power, exhaust.",82,No calculator,True,Passed,Passed,Approved for Distribution
DOST-W3-472,3,Undergraduate,Part II — Power Test,Mechanical-Technical,Mechanical-Technical,MECH6 — Engines and Cycles,power stroke,MECH-DIAG,Analysis/Evaluation,Moderate,Premium,English,W3-MECHENG-089,"During the power stroke, expanding combustion gases push the piston:",upward while both valves are open,without changing pressure,out of the cylinder,downward and deliver work to the crankshaft,,D,High-pressure gas expansion drives the piston and crankshaft.,,The power stroke converts gas energy into mechanical work.,82,No calculator,True,Passed,Passed,Approved for Distribution
DOST-W3-473,3,Undergraduate,Part II — Power Test,Mechanical-Technical,Mechanical-Technical,MECH6 — Engines and Cycles,exhaust valve,MECH-DIAG,Analysis/Evaluation,Moderate,Premium,English,W3-MECHENG-089,"During the exhaust stroke, the exhaust valve is generally:",open,closed with the intake valve open,replaced by the piston,filled with fuel,,A,The piston pushes burned gases out through the open exhaust valve.,,Valve state determines gas path.,82,No calculator,True,Passed,Passed,Approved for Distribution
DOST-W3-474,3,Undergraduate,Part II — Power Test,Mechanical-Technical,Mechanical-Technical,MECH6 — Engines and Cycles,lubrication,MECH-SYS,Analysis/Evaluation,Moderate,Premium,English,,Engine oil primarily reduces:,fuel octane,friction and wear between moving surfaces,coolant pressure,electrical voltage,,B,A lubricating film reduces direct surface contact.,,"Lubrication manages friction, wear, and heat.",82,No calculator,False,Passed,Passed,Approved for Distribution
DOST-W3-475,3,Undergraduate,Part II — Power Test,Mechanical-Technical,Mechanical-Technical,MECH6 — Engines and Cycles,coolant thermostat,MECH-SYS,Analysis/Evaluation,Moderate,Premium,English,,An engine thermostat controls coolant flow mainly to:,increase tire pressure,charge the battery,help the engine reach and maintain operating temperature,mix air and fuel,,C,It restricts or allows coolant circulation according to temperature.,,Temperature-control components regulate heat rejection.,115,No calculator,False,Passed,Passed,Approved for Distribution
DOST-W3-476,3,Undergraduate,Part II — Power Test,Mechanical-Technical,Mechanical-Technical,MECH6 — Engines and Cycles,diesel ignition,MECH-SYS,Analysis/Evaluation,Moderate,Premium,English,,A diesel engine ignites fuel mainly through:,a spark plug in every design,sunlight,battery heating only,high temperature from compression,,D,Strong compression heats air enough to ignite injected fuel.,,Diesel and spark-ignition engines use different ignition methods.,115,No calculator,False,Passed,Passed,Approved for Distribution
DOST-W3-477,3,Undergraduate,Part II — Power Test,Mechanical-Technical,Mechanical-Technical,MECH6 — Engines and Cycles,engine efficiency loss,MECH-SYS,Analysis/Evaluation,Difficult,Premium,English,,A major reason real engines are less efficient than ideal cycles is:,"friction, heat loss, and incomplete processes",energy creation,zero exhaust,absence of moving parts,,A,Real systems have irreversible losses and reject heat.,,Efficiency losses arise from friction and nonideal heat transfer.,150,No calculator,False,Passed,Passed,Approved for Distribution
DOST-W3-478,3,Undergraduate,Part II — Power Test,Mechanical-Technical,Mechanical-Technical,MECH7 — Electrical and Electromagnetic Systems,parallel lamps,MECH-DIAG,Analysis/Evaluation,Moderate,Free,English,W3-MECHELEC-090,The two lamps in the diagram are connected in:,series,parallel,an open circuit only,a short circuit,,B,Both lamps connect across the same two supply rails.,,Parallel branches share the same voltage.,82,No calculator,True,Passed,Passed,Approved for Distribution
DOST-W3-479,3,Undergraduate,Part II — Power Test,Mechanical-Technical,Mechanical-Technical,MECH7 — Electrical and Electromagnetic Systems,lamp failure,MECH-DIAG,Analysis/Evaluation,Moderate,Premium,English,W3-MECHELEC-090,"If L1 burns open, L2 will generally:",also go out,become a battery,remain lit,receive zero voltage,,C,The L2 branch remains a complete path across the source.,,Parallel branches operate independently.,115,No calculator,True,Passed,Passed,Approved for Distribution
DOST-W3-480,3,Undergraduate,Part II — Power Test,Mechanical-Technical,Mechanical-Technical,MECH7 — Electrical and Electromagnetic Systems,current split,MECH-SYS,Analysis/Evaluation,Moderate,Premium,English,,"In a parallel circuit, total current equals:",the smallest branch current,zero,the voltage divided by one regardless of resistance,the sum of branch currents,,D,Current divides among branches and recombines at junctions.,,Use Kirchhoff's current rule.,115,No calculator,False,Passed,Passed,Approved for Distribution
DOST-W3-481,3,Undergraduate,Part II — Power Test,Mechanical-Technical,Mechanical-Technical,MECH7 — Electrical and Electromagnetic Systems,series voltage,MECH-SYS,Analysis/Evaluation,Moderate,Premium,English,,"In a series circuit, the source voltage equals:",the sum of voltage drops,the current in one resistor,zero across all components,the largest resistance only,,A,Kirchhoff's voltage rule requires rises and drops around a loop to sum to zero.,,Series components share current and divide voltage.,115,No calculator,False,Passed,Passed,Approved for Distribution
DOST-W3-482,3,Undergraduate,Part II — Power Test,Mechanical-Technical,Mechanical-Technical,MECH7 — Electrical and Electromagnetic Systems,electrical power,MECH-SYS,Multi-step Application,Easy,Premium,English,,A 60 W lamp operating for 5 h uses:,3 kWh,0.30 kWh,12 kWh,300 kWh,,B,60 W=0.06 kW; energy=0.06×5=0.30 kWh.,0.06×5=0.30,Energy equals power times time.,115,No calculator,False,Passed,Passed,Approved for Distribution
DOST-W3-483,3,Undergraduate,Part II — Power Test,Mechanical-Technical,Mechanical-Technical,MECH7 — Electrical and Electromagnetic Systems,grounding,MECH-SYS,Analysis/Evaluation,Difficult,Premium,English,,Protective grounding provides:,higher normal voltage,a way to store fuel,a low-resistance path for fault current,mechanical support only,,C,Fault current can flow safely and trigger protective devices.,,Grounding reduces shock risk during faults.,115,No calculator,False,Passed,Passed,Approved for Distribution
DOST-W3-484,3,Undergraduate,Part II — Power Test,Mechanical-Technical,Mechanical-Technical,MECH7 — Electrical and Electromagnetic Systems,relay,MECH-SYS,Analysis/Evaluation,Difficult,Premium,English,,An electromagnetic relay allows:,a wire to become a fuel pipe,direct conversion of heat to mass,permanent current without a source,a small control current to switch a separate circuit,,D,The coil's magnetic field moves contacts controlling another circuit.,,Relays provide electrical control and isolation.,115,No calculator,False,Passed,Passed,Approved for Distribution
DOST-W3-485,3,Undergraduate,Part II — Power Test,Mechanical-Technical,Mechanical-Technical,MECH7 — Electrical and Electromagnetic Systems,generator principle,MECH-SYS,Analysis/Evaluation,Difficult,Premium,English,,An electric generator converts mechanical energy into electrical energy through:,electromagnetic induction,chemical digestion,thermal expansion only,static friction,,A,Changing magnetic flux through a conductor induces voltage.,,Generators and motors perform opposite energy conversions.,115,No calculator,False,Passed,Passed,Approved for Distribution
DOST-W3-486,3,Undergraduate,Part II — Power Test,Mechanical-Technical,Mechanical-Technical,MECH7 — Electrical and Electromagnetic Systems,transformer ratio,MECH-SYS,Multi-step Application,Easy,Premium,English,,"An ideal transformer has 100 turns on the primary and 500 turns on the secondary. If primary voltage is 12 V, secondary voltage is:",2.4 V,60 V,12 V,500 V,,B,"Vs/Vp=Ns/Np=500/100=5, so Vs=60 V.",turn ratio=5 | 12×5=60 V,Voltage ratio equals turns ratio in an ideal transformer.,115,No calculator,False,Passed,Passed,Approved for Distribution
DOST-W3-487,3,Undergraduate,Part II — Power Test,Mechanical-Technical,Mechanical-Technical,"MECH8 — Tools, Structures, and Applied Design",vernier caliper,MECH-SYS,Analysis/Evaluation,Moderate,Free,English,,Which tool is best for measuring the internal diameter of a small pipe accurately?,hammer,spirit level,vernier caliper,paint brush,,C,Inside jaws of a vernier caliper measure internal dimensions.,,Choose a tool suited to the dimension and precision.,82,No calculator,False,Passed,Passed,Approved for Distribution
DOST-W3-488,3,Undergraduate,Part II — Power Test,Mechanical-Technical,Mechanical-Technical,"MECH8 — Tools, Structures, and Applied Design",micrometer,MECH-SYS,Analysis/Evaluation,Moderate,Premium,English,,A micrometer screw gauge is most suitable for measuring:,the length of a football field,room temperature,electrical voltage,the thickness of a thin metal sheet,,D,A micrometer measures small thicknesses or diameters precisely.,,Match instrument range and resolution to the task.,82,No calculator,False,Passed,Passed,Approved for Distribution
DOST-W3-489,3,Undergraduate,Part II — Power Test,Mechanical-Technical,Mechanical-Technical,"MECH8 — Tools, Structures, and Applied Design",spirit level,MECH-SYS,Analysis/Evaluation,Moderate,Premium,English,,A spirit level checks whether a surface is:,horizontal or vertical,electrically live,chemically acidic,magnetized,,A,The bubble position indicates alignment with gravity.,,Hand tools often provide a specific reference condition.,82,No calculator,False,Passed,Passed,Approved for Distribution
DOST-W3-490,3,Undergraduate,Part II — Power Test,Mechanical-Technical,Mechanical-Technical,"MECH8 — Tools, Structures, and Applied Design",triangular bracing,MECH-SYS,Analysis/Evaluation,Difficult,Premium,English,,Adding a diagonal brace to a rectangular frame mainly prevents:,all compression,racking or shape distortion,material expansion,surface corrosion,,B,The diagonal creates triangles that resist shear deformation.,,Triangulation makes frames geometrically rigid.,115,No calculator,False,Passed,Passed,Approved for Distribution
DOST-W3-491,3,Undergraduate,Part II — Power Test,Mechanical-Technical,Mechanical-Technical,"MECH8 — Tools, Structures, and Applied Design",beam section,MECH-SYS,Analysis/Evaluation,Difficult,Premium,English,,An I-beam places much material far from the neutral axis to improve resistance to:,electrical current,evaporation,bending,chemical reaction,,C,Material farther from the neutral axis greatly increases second moment of area.,,Section shape can improve stiffness without proportional mass increase.,150,No calculator,False,Passed,Passed,Approved for Distribution
DOST-W3-492,3,Undergraduate,Part II — Power Test,Mechanical-Technical,Mechanical-Technical,"MECH8 — Tools, Structures, and Applied Design",safety factor,MECH-SYS,Multi-step Application,Easy,Premium,English,,"A component rated for 1,000 N with an expected working load of 400 N has a safety factor of:",0.4,2.0,4.0,2.5,,D,Safety factor=capacity/working load=1000/400=2.5.,1000/400=2.5,Safety factor compares capacity with expected demand.,115,No calculator,False,Passed,Passed,Approved for Distribution
DOST-W3-493,3,Undergraduate,Part II — Power Test,Mechanical-Technical,Mechanical-Technical,"MECH8 — Tools, Structures, and Applied Design",corrosion protection,MECH-SYS,Analysis/Evaluation,Difficult,Premium,English,,Painting a steel structure reduces corrosion mainly by:,forming a barrier against water and oxygen,increasing steel density,removing all iron atoms,creating unlimited heat,,A,The coating separates the metal from reactants needed for corrosion.,,Protective coatings interrupt corrosion conditions.,115,No calculator,False,Passed,Passed,Approved for Distribution
DOST-W3-494,3,Undergraduate,Part II — Power Test,Mechanical-Technical,Mechanical-Technical,"MECH8 — Tools, Structures, and Applied Design",design redundancy,MECH-SYS,Analysis/Evaluation,Difficult,Premium,English,,Structural redundancy improves safety because:,every member becomes unloaded,alternate load paths may carry load after one element fails,materials stop aging,loads disappear,,B,Multiple load paths can prevent immediate collapse after local damage.,,Robust design anticipates component failure.,150,No calculator,False,Passed,Passed,Approved for Distribution
DOST-W3-495,3,Undergraduate,Part II — Power Test,Mechanical-Technical,Mechanical-Technical,MECH9 — Mechanical Diagram Interpretation,flow path,MECH-DIAG,Analysis/Evaluation,Moderate,Free,English,W3-MECHSCH-091,"In the schematic, the pump's main discharge sends fluid from:",Tank B to Tank A,the bypass to Tank A only,Tank A to Tank B,neither tank,,C,The main line runs from Tank A through the pump and upward to Tank B.,,Trace arrows and connected components in sequence.,82,No calculator,True,Passed,Passed,Approved for Distribution
DOST-W3-496,3,Undergraduate,Part II — Power Test,Mechanical-Technical,Mechanical-Technical,MECH9 — Mechanical Diagram Interpretation,bypass function,MECH-DIAG,Analysis/Evaluation,Difficult,Premium,English,W3-MECHSCH-091,Opening the bypass shown would most directly allow some flow to:,increase Tank B height instantly,reverse gravity,measure temperature,avoid the pump's main discharge route,,D,A bypass provides an alternate path around part of the normal route.,,Identify alternate paths in schematics.,115,No calculator,True,Passed,Passed,Approved for Distribution
DOST-W3-497,3,Undergraduate,Part II — Power Test,Mechanical-Technical,Mechanical-Technical,MECH9 — Mechanical Diagram Interpretation,closed discharge valve,MECH-SYS,Analysis/Evaluation,Difficult,Premium,English,,"If a pump runs against a fully closed discharge for too long, a likely risk is:",overheating and pressure buildup,unlimited useful flow,zero energy use,automatic cooling,,A,"Energy remains in the fluid and pump, causing heating and possible overpressure.",,Component state changes can create unsafe operating conditions.,150,No calculator,False,Passed,Passed,Approved for Distribution
DOST-W3-498,3,Undergraduate,Part II — Power Test,Mechanical-Technical,Mechanical-Technical,MECH9 — Mechanical Diagram Interpretation,sensor-actuator chain,MECH-SYS,Analysis/Evaluation,Difficult,Premium,English,,"In an automatic water-level system, a level sensor sends a signal to a controller, which operates a pump. The pump is the:",sensor,actuator,set point,display only,,B,The actuator physically changes the process.,,"Control systems link sensor, controller, and actuator.",115,No calculator,False,Passed,Passed,Approved for Distribution
DOST-W3-499,3,Undergraduate,Part II — Power Test,Mechanical-Technical,Mechanical-Technical,MECH9 — Mechanical Diagram Interpretation,normally closed valve,MECH-SYS,Analysis/Evaluation,Moderate,Premium,English,,A normally closed valve with no control signal will:,allow full flow,increase voltage,block flow,rotate continuously,,C,Its default unactuated state is closed.,,Read component labels as default states.,82,No calculator,False,Passed,Passed,Approved for Distribution
DOST-W3-500,3,Undergraduate,Part II — Power Test,Mechanical-Technical,Mechanical-Technical,MECH9 — Mechanical Diagram Interpretation,fault diagnosis,MECH-SYS,Analysis/Evaluation,Difficult,Premium,English,,"A motor is powered, but a belt-driven fan does not turn. The motor shaft rotates normally. The most likely fault is:",no electrical supply,a seized motor shaft,an open motor winding,a broken or slipping belt,,D,Normal motor rotation with no fan motion points to the mechanical transmission.,,Locate the fault between the last working component and first failed output.,115,No calculator,False,Passed,Passed,Approved for Distribution
DOST-W4-001,4,Undergraduate,Part I — Logical Reasoning,Verbal Reasoning,Verbal Reasoning,VR1 — Analogies and Semantic Relationships,instrument and measured quantity,VR-ANA,Recognition/Recall,Easy,Free,English,,Instrument Analogy 1: THERMOMETER : TEMPERATURE :: BAROMETER : ____,pressure,humidity,altitude,speed,,A,A thermometer measures temperature; a barometer measures pressure.,,State the relationship in words before checking the choices.,45,No calculator,False,Passed,Passed,Approved for Distribution
DOST-W4-002,4,Undergraduate,Part I — Logical Reasoning,Verbal Reasoning,Verbal Reasoning,VR1 — Analogies and Semantic Relationships,plan and resulting work,VR-ANA,Recognition/Recall,Easy,Free,English,,BLUEPRINT : BUILDING :: SCORE : ____,audience,symphony,stage,ticket,,B,A blueprint guides construction of a building; a score guides performance of a symphony.,,State the relationship in words before checking the choices.,45,No calculator,False,Passed,Passed,Approved for Distribution
DOST-W4-003,4,Undergraduate,Part I — Logical Reasoning,Verbal Reasoning,Verbal Reasoning,VR1 — Analogies and Semantic Relationships,early developmental form,VR-ANA,Recognition/Recall,Easy,Free,English,,Development Analogy: SEED : PLANT :: EGG : ____,nest,feather,bird,wing,,C,A seed can develop into a plant; an egg can develop into a bird.,,State the relationship in words before checking the choices.,45,No calculator,False,Passed,Passed,Approved for Distribution
DOST-W4-004,4,Undergraduate,Part I — Logical Reasoning,Verbal Reasoning,Verbal Reasoning,VR1 — Analogies and Semantic Relationships,barrier and excluded item,VR-ANA,Recognition/Recall,Easy,Free,English,,FILTER : IMPURITIES :: CHECKPOINT : ____,traffic lane,uniform,ticket booth,unauthorized access,,D,A filter blocks impurities; a checkpoint blocks unauthorized access.,,State the relationship in words before checking the choices.,45,No calculator,False,Passed,Passed,Approved for Distribution
DOST-W4-005,4,Undergraduate,Part I — Logical Reasoning,Verbal Reasoning,Verbal Reasoning,VR1 — Analogies and Semantic Relationships,collection and contents,VR-ANA,Recognition/Recall,Easy,Free,English,,ARCHIVE : RECORDS :: HERBARIUM : ____,preserved plants,live animals,minerals,weather maps,,A,An archive stores records; a herbarium stores preserved plant specimens.,,State the relationship in words before checking the choices.,45,No calculator,False,Passed,Passed,Approved for Distribution
DOST-W4-006,4,Undergraduate,Part I — Logical Reasoning,Verbal Reasoning,Verbal Reasoning,VR1 — Analogies and Semantic Relationships,reference tool and information,VR-ANA,Recognition/Recall,Easy,Free,English,,Reference Tool Analogy: COMPASS : DIRECTION :: CALENDAR : ____,distance,date,temperature,weight,,B,A compass indicates direction; a calendar indicates date.,,State the relationship in words before checking the choices.,45,No calculator,False,Passed,Passed,Approved for Distribution
DOST-W4-007,4,Undergraduate,Part I — Logical Reasoning,Verbal Reasoning,Verbal Reasoning,VR1 — Analogies and Semantic Relationships,cause and developed capacity,VR-ANA,Recognition/Recall,Easy,Premium,English,,Capacity Analogy: VACCINE : IMMUNITY :: PRACTICE : ____,fatigue,schedule,skill,equipment,,C,A vaccine develops immunity; practice develops skill.,,State the relationship in words before checking the choices.,45,No calculator,False,Passed,Passed,Approved for Distribution
DOST-W4-008,4,Undergraduate,Part I — Logical Reasoning,Verbal Reasoning,Verbal Reasoning,VR1 — Analogies and Semantic Relationships,process and affected material,VR-ANA,Recognition/Recall,Easy,Premium,English,,Material Process Analogy: ERODE : ROCK :: CORRODE : ____,water,glass,air,metal,,D,Erosion wears away rock; corrosion degrades metal.,,State the relationship in words before checking the choices.,45,No calculator,False,Passed,Passed,Approved for Distribution
DOST-W4-009,4,Undergraduate,Part I — Logical Reasoning,Verbal Reasoning,Verbal Reasoning,VR2 — Coded Words and Transformations,letter transformation rules,VR-COD,Multi-step Application,Easy,Free,English,,A code moves every letter two places backward in the alphabet. How is NOTE written?,LMRC,LMTC,PQVG,LNSC,,A,"N→L, O→M, T→R, and E→C, so NOTE becomes LMRC.",,Apply the rule in the stated order and track every letter.,65,No calculator,False,Passed,Passed,Approved for Distribution
DOST-W4-010,4,Undergraduate,Part I — Logical Reasoning,Verbal Reasoning,Verbal Reasoning,VR2 — Coded Words and Transformations,letter transformation rules,VR-COD,Multi-step Application,Easy,Premium,English,,A code reverses a word and then moves the first resulting letter one place forward. How is PLANT coded?,TNALP,UNALP,TNBMQ,UNBMQ,,B,PLANT reversed is TNALP; changing the first T to U gives UNALP.,,Apply the rule in the stated order and track every letter.,65,No calculator,False,Passed,Passed,Approved for Distribution
DOST-W4-011,4,Undergraduate,Part I — Logical Reasoning,Verbal Reasoning,Verbal Reasoning,VR2 — Coded Words and Transformations,letter transformation rules,VR-COD,Multi-step Application,Easy,Premium,English,,"Letters in odd positions remain unchanged, while letters in even positions move one place forward. How is CABLE coded?",CBCLF,DBBMF,CBBME,CABMF,,C,"C stays C, A→B, B stays B, L→M, and E stays E, producing CBBME.",,Apply the rule in the stated order and track every letter.,65,No calculator,False,Passed,Passed,Approved for Distribution
DOST-W4-012,4,Undergraduate,Part I — Logical Reasoning,Verbal Reasoning,Verbal Reasoning,VR2 — Coded Words and Transformations,letter transformation rules,VR-COD,Multi-step Application,Easy,Premium,English,,"Using A=1, B=2, …, Z=26, what word is 19-15-12-1-18?",SONAR,POLAR,SOLID,SOLAR,,D,"19=S, 15=O, 12=L, 1=A, and 18=R.",,Apply the rule in the stated order and track every letter.,65,No calculator,False,Passed,Passed,Approved for Distribution
DOST-W4-013,4,Undergraduate,Part I — Logical Reasoning,Verbal Reasoning,Verbal Reasoning,VR2 — Coded Words and Transformations,letter transformation rules,VR-COD,Multi-step Application,Easy,Premium,English,,A code places the last letter first and leaves the remaining letters in order. How is CLOUD written?,DCLOU,DCOUL,UCLOD,CLOUD,,A,Moving the final D to the front gives DCLOU.,,Apply the rule in the stated order and track every letter.,65,No calculator,False,Passed,Passed,Approved for Distribution
DOST-W4-014,4,Undergraduate,Part I — Logical Reasoning,Verbal Reasoning,Verbal Reasoning,VR2 — Coded Words and Transformations,letter transformation rules,VR-COD,Multi-step Application,Easy,Premium,English,,"A code replaces each vowel with the next vowel in the cycle A→E→I→O→U→A, leaving consonants unchanged. How is TAPE coded?",TEPA,TEPI,TIPE,TUPO,,B,"A→E and E→I, while T and P remain unchanged: TEPI.",,Apply the rule in the stated order and track every letter.,65,No calculator,False,Passed,Passed,Approved for Distribution
DOST-W4-015,4,Undergraduate,Part I — Logical Reasoning,Verbal Reasoning,Verbal Reasoning,VR2 — Coded Words and Transformations,letter transformation rules,VR-COD,Multi-step Application,Moderate,Premium,English,,A word's code value is the sum of the alphabet positions of its first two letters. What is the code value of DATA?,4,21,5,25,,C,"D=4 and A=1, so the value is 5.",,Apply the rule in the stated order and track every letter.,65,No calculator,False,Passed,Passed,Approved for Distribution
DOST-W4-016,4,Undergraduate,Part I — Logical Reasoning,Verbal Reasoning,Verbal Reasoning,VR2 — Coded Words and Transformations,letter transformation rules,VR-COD,Multi-step Application,Moderate,Premium,English,,A code swaps each adjacent pair of letters. How is MARKET written?,AMRKTE,MRAKET,AMKRET,AMKRTE,,D,"MA→AM, RK→KR, and ET→TE, producing AMKRTE.",,Apply the rule in the stated order and track every letter.,65,No calculator,False,Passed,Passed,Approved for Distribution
DOST-W4-017,4,Undergraduate,Part I — Logical Reasoning,Verbal Reasoning,Verbal Reasoning,VR3 — Syllogisms and Deductive Logic,conditional and categorical deduction,VR-LOG,Analysis/Evaluation,Moderate,Free,English,,All solar-powered lamps require stored energy for nighttime use. Lamp K is solar-powered and works at night. Which statement must be true?,Lamp K has stored energy available.,Lamp K never receives sunlight.,All lamps are solar-powered.,Stored energy is unnecessary.,,A,The stated class condition applies to Lamp K.,,Use only conclusions forced by the premises.,75,No calculator,False,Passed,Passed,Approved for Distribution
DOST-W4-018,4,Undergraduate,Part I — Logical Reasoning,Verbal Reasoning,Verbal Reasoning,VR3 — Syllogisms and Deductive Logic,conditional and categorical deduction,VR-LOG,Analysis/Evaluation,Moderate,Premium,English,,No sample in Batch A exceeded the contamination limit. Sample R belongs to Batch A. What follows?,R contains no microorganisms.,R did not exceed the contamination limit.,All other batches are contaminated.,R was never tested.,,B,Every member of Batch A satisfies the stated limit condition.,,Use only conclusions forced by the premises.,75,No calculator,False,Passed,Passed,Approved for Distribution
DOST-W4-019,4,Undergraduate,Part I — Logical Reasoning,Verbal Reasoning,Verbal Reasoning,VR3 — Syllogisms and Deductive Logic,conditional and categorical deduction,VR-LOG,Analysis/Evaluation,Moderate,Premium,English,,"If the network link fails, the backup route activates. The backup route did not activate. What conclusion follows under the stated rule?",The network link was fast.,The router had no power.,The network link did not fail.,The backup route is unnecessary.,,C,The contrapositive of the stated conditional is valid.,,Use only conclusions forced by the premises.,75,No calculator,False,Passed,Passed,Approved for Distribution
DOST-W4-020,4,Undergraduate,Part I — Logical Reasoning,Verbal Reasoning,Verbal Reasoning,VR3 — Syllogisms and Deductive Logic,conditional and categorical deduction,VR-LOG,Analysis/Evaluation,Moderate,Premium,English,,All accredited laboratories keep calibration records. Laboratory X keeps calibration records. What can be concluded?,X is accredited.,X failed accreditation.,Only X keeps records.,X may or may not be accredited.,,D,"Keeping records is necessary for accreditation, but the premise does not say it is sufficient.",,Use only conclusions forced by the premises.,75,No calculator,False,Passed,Passed,Approved for Distribution
DOST-W4-021,4,Undergraduate,Part I — Logical Reasoning,Verbal Reasoning,Verbal Reasoning,VR3 — Syllogisms and Deductive Logic,conditional and categorical deduction,VR-LOG,Analysis/Evaluation,Moderate,Premium,English,,Some coastal communities use elevated storage tanks. All communities using elevated storage tanks in the survey had gravity-fed emergency water. What follows?,Some coastal communities had gravity-fed emergency water.,Every coastal community used elevated tanks.,Only coastal communities had emergency water.,No community used pumps.,,A,The coastal communities with elevated tanks are within the group having gravity-fed emergency water.,,Use only conclusions forced by the premises.,75,No calculator,False,Passed,Passed,Approved for Distribution
DOST-W4-022,4,Undergraduate,Part I — Logical Reasoning,Verbal Reasoning,Verbal Reasoning,VR3 — Syllogisms and Deductive Logic,conditional and categorical deduction,VR-LOG,Analysis/Evaluation,Moderate,Premium,English,,No biodegradable packaging in the trial contained conventional plastic film. Package M contained conventional plastic film. Which conclusion is valid?,M was made of glass.,M was not biodegradable packaging in the trial.,All plastic films are nonbiodegradable everywhere.,M was not part of any trial.,,B,"Within the trial, the two categories do not overlap.",,Use only conclusions forced by the premises.,75,No calculator,False,Passed,Passed,Approved for Distribution
DOST-W4-023,4,Undergraduate,Part I — Logical Reasoning,Verbal Reasoning,Verbal Reasoning,VR3 — Syllogisms and Deductive Logic,conditional and categorical deduction,VR-LOG,Analysis/Evaluation,Moderate,Premium,English,,Every team that reached the final submitted a technical report. Team Orion did not submit a technical report. What follows?,Team Orion won the final.,The final was cancelled.,Team Orion did not reach the final.,Every nonfinalist lacked a report.,,C,"By contraposition, failure to meet the required condition rules out reaching the final.",,Use only conclusions forced by the premises.,75,No calculator,False,Passed,Passed,Approved for Distribution
DOST-W4-024,4,Undergraduate,Part I — Logical Reasoning,Verbal Reasoning,Verbal Reasoning,VR3 — Syllogisms and Deductive Logic,conditional and categorical deduction,VR-LOG,Analysis/Evaluation,Moderate,Premium,English,,Some low-cost sensors were highly precise. No highly precise sensor in the study had unstable readings. Which conclusion follows?,Every low-cost sensor was precise.,Only expensive sensors were stable.,No sensor produced readings.,Some low-cost sensors did not have unstable readings.,,D,The low-cost sensors that were highly precise belong to the stable group.,,Use only conclusions forced by the premises.,75,No calculator,False,Passed,Passed,Approved for Distribution
DOST-W4-025,4,Undergraduate,Part I — Logical Reasoning,Verbal Reasoning,Verbal Reasoning,VR3 — Syllogisms and Deductive Logic,conditional and categorical deduction,VR-LOG,Analysis/Evaluation,Moderate,Premium,English,,All emergency exits are unobstructed. Door Q is obstructed. Which conclusion must be true?,Door Q is not an emergency exit under the stated conditions.,Door Q is locked.,All doors are obstructed.,Emergency exits are optional.,,A,An obstructed door contradicts the defining condition of every emergency exit.,,Use only conclusions forced by the premises.,75,No calculator,False,Passed,Passed,Approved for Distribution
DOST-W4-026,4,Undergraduate,Part I — Logical Reasoning,Verbal Reasoning,Verbal Reasoning,VR3 — Syllogisms and Deductive Logic,conditional and categorical deduction,VR-LOG,Analysis/Evaluation,Moderate,Premium,English,,Some scholarship applicants are science-club officers. All science-club officers received leadership certificates. What follows?,Every applicant is a science-club officer.,Some scholarship applicants received leadership certificates.,Only officers received certificates.,No applicant lacked a certificate.,,B,The applicants who are officers received certificates.,,Use only conclusions forced by the premises.,75,No calculator,False,Passed,Passed,Approved for Distribution
DOST-W4-027,4,Undergraduate,Part I — Logical Reasoning,Verbal Reasoning,Verbal Reasoning,VR4 — Ordering and Comparative Logic,ranking and spatial ordering,VR-LOG,Multi-step Application,Moderate,Free,English,,Eli finished before Faye. Gio finished after Faye but before Hana. Who finished last?,Eli,Faye,Hana,Gio,,C,"The order is Eli, Faye, Gio, Hana.",,Convert every comparison into one chain or coordinate map.,70,No calculator,False,Passed,Passed,Approved for Distribution
DOST-W4-028,4,Undergraduate,Part I — Logical Reasoning,Verbal Reasoning,Verbal Reasoning,VR4 — Ordering and Comparative Logic,ranking and spatial ordering,VR-LOG,Multi-step Application,Moderate,Premium,English,,Box P is lighter than Q. R is heavier than P but lighter than S. Q is lighter than R. Which is heaviest?,P,Q,R,S,,D,The order is S > R > Q > P.,,Convert every comparison into one chain or coordinate map.,70,No calculator,False,Passed,Passed,Approved for Distribution
DOST-W4-029,4,Undergraduate,Part I — Logical Reasoning,Verbal Reasoning,Verbal Reasoning,VR4 — Ordering and Comparative Logic,ranking and spatial ordering,VR-LOG,Multi-step Application,Moderate,Premium,English,,"Point B is east of Point A. Point C is north of B. Relative to A, C is:",northeast,northwest,southeast,southwest,,A,Moving east and then north places C northeast of A.,,Convert every comparison into one chain or coordinate map.,70,No calculator,False,Passed,Passed,Approved for Distribution
DOST-W4-030,4,Undergraduate,Part I — Logical Reasoning,Verbal Reasoning,Verbal Reasoning,VR4 — Ordering and Comparative Logic,ranking and spatial ordering,VR-LOG,Multi-step Application,Moderate,Premium,English,,Jessa arrives after Kara but before Lino. Mico arrives after Lino. Who arrives first?,Jessa,Kara,Lino,Mico,,B,"The order is Kara, Jessa, Lino, Mico.",,Convert every comparison into one chain or coordinate map.,70,No calculator,False,Passed,Passed,Approved for Distribution
DOST-W4-031,4,Undergraduate,Part I — Logical Reasoning,Verbal Reasoning,Verbal Reasoning,VR4 — Ordering and Comparative Logic,ranking and spatial ordering,VR-LOG,Multi-step Application,Moderate,Premium,English,,Liquid W boils at a lower temperature than X. Y boils higher than X but lower than Z. Which boils second highest?,W,X,Y,Z,,C,The order is Z > Y > X > W.,,Convert every comparison into one chain or coordinate map.,70,No calculator,False,Passed,Passed,Approved for Distribution
DOST-W4-032,4,Undergraduate,Part I — Logical Reasoning,Verbal Reasoning,Verbal Reasoning,VR4 — Ordering and Comparative Logic,ranking and spatial ordering,VR-LOG,Multi-step Application,Moderate,Premium,English,,Team A scored less than B but more than C. Team D scored more than B. Who placed third?,B,C,D,A,,D,"The order is D, B, A, C.",,Convert every comparison into one chain or coordinate map.,70,No calculator,False,Passed,Passed,Approved for Distribution
DOST-W4-033,4,Undergraduate,Part I — Logical Reasoning,Verbal Reasoning,Verbal Reasoning,VR4 — Ordering and Comparative Logic,ranking and spatial ordering,VR-LOG,Multi-step Application,Moderate,Premium,English,,Machine H completes a cycle faster than J. K is slower than H but faster than J. Which order is correct from fastest to slowest?,"H, K, J","K, H, J","H, J, K","J, K, H",,A,K lies between H and J.,,Convert every comparison into one chain or coordinate map.,70,No calculator,False,Passed,Passed,Approved for Distribution
DOST-W4-034,4,Undergraduate,Part I — Logical Reasoning,Verbal Reasoning,Verbal Reasoning,VR4 — Ordering and Comparative Logic,ranking and spatial ordering,VR-LOG,Multi-step Application,Moderate,Premium,English,,"Point M is south of N. O is east of M. P is north of O by the same distance that M is south of N. Relative to N, P is:",west,east,north,south,,B,"The vertical displacements cancel, leaving P east of N.",,Convert every comparison into one chain or coordinate map.,70,No calculator,False,Passed,Passed,Approved for Distribution
DOST-W4-035,4,Undergraduate,Part I — Logical Reasoning,Verbal Reasoning,Verbal Reasoning,VR4 — Ordering and Comparative Logic,ranking and spatial ordering,VR-LOG,Multi-step Application,Moderate,Premium,English,,File A is larger than B. C is smaller than A but larger than D. B is larger than C. Which is smallest?,A,B,D,C,,C,The order is A > B > C > D.,,Convert every comparison into one chain or coordinate map.,70,No calculator,False,Passed,Passed,Approved for Distribution
DOST-W4-036,4,Undergraduate,Part I — Logical Reasoning,Verbal Reasoning,Verbal Reasoning,VR4 — Ordering and Comparative Logic,ranking and spatial ordering,VR-LOG,Multi-step Application,Moderate,Premium,English,,Device L consumes more power than M. N consumes less than O but more than L. Which consumes the most?,L,M,N,O,,D,O > N > L > M.,,Convert every comparison into one chain or coordinate map.,70,No calculator,False,Passed,Passed,Approved for Distribution
DOST-W4-037,4,Undergraduate,Part I — Logical Reasoning,Verbal Reasoning,Verbal Reasoning,VR5 — Inference and Argument Analysis,"evidence, confounding, and assumptions",VR-LOG,Analysis/Evaluation,Difficult,Free,English,,A clinic claims text reminders reduced missed appointments. Which evidence best supports the claim?,Matched patients receiving reminders missed fewer appointments than a comparable no-reminder group.,The messages used blue text.,The clinic bought new chairs.,Appointments occurred on weekdays.,,A,A comparable control group directly tests the reminder effect.,,Prefer controlled comparisons and conclusions no broader than the evidence.,95,No calculator,False,Passed,Passed,Approved for Distribution
DOST-W4-038,4,Undergraduate,Part I — Logical Reasoning,Verbal Reasoning,Verbal Reasoning,VR5 — Inference and Argument Analysis,"evidence, confounding, and assumptions",VR-LOG,Analysis/Evaluation,Difficult,Premium,English,,A school claims a new reading program improved comprehension. Which design is strongest?,Ask only program volunteers whether they enjoyed it.,Randomly assign similar students to the program or usual instruction and compare gains.,Compare this year's class with a class from ten years ago without controls.,Measure reading speed before the program only.,,B,Random assignment and before-after comparison best isolate the program.,,Prefer controlled comparisons and conclusions no broader than the evidence.,95,No calculator,False,Passed,Passed,Approved for Distribution
DOST-W4-039,4,Undergraduate,Part I — Logical Reasoning,Verbal Reasoning,Verbal Reasoning,VR5 — Inference and Argument Analysis,"evidence, confounding, and assumptions",VR-LOG,Analysis/Evaluation,Difficult,Premium,English,,A report finds that households with solar panels have lower electricity bills. Which fact most weakens a causal claim?,Solar panels produce electricity.,Bills are measured in pesos.,Solar households may also use more efficient appliances and consume less electricity.,Homes have roofs.,,C,Other household differences could confound the association.,,Prefer controlled comparisons and conclusions no broader than the evidence.,95,No calculator,False,Passed,Passed,Approved for Distribution
DOST-W4-040,4,Undergraduate,Part I — Logical Reasoning,Verbal Reasoning,Verbal Reasoning,VR5 — Inference and Argument Analysis,"evidence, confounding, and assumptions",VR-LOG,Analysis/Evaluation,Difficult,Premium,English,,"Which assumption is required for the proposal, “Installing bicycle racks will increase bicycle commuting”?",Every employee owns a bicycle.,Weather never affects travel.,Racks eliminate traffic.,Lack of secure parking discourages at least some potential cyclists.,,D,The intervention can change behavior only if parking availability is a relevant barrier.,,Prefer controlled comparisons and conclusions no broader than the evidence.,95,No calculator,False,Passed,Passed,Approved for Distribution
DOST-W4-041,4,Undergraduate,Part I — Logical Reasoning,Verbal Reasoning,Verbal Reasoning,VR5 — Inference and Argument Analysis,"evidence, confounding, and assumptions",VR-LOG,Analysis/Evaluation,Difficult,Premium,English,,A pilot filter removed 92% of sediment in two small tanks. Which conclusion is most responsible?,"The filter performed well in the pilot conditions, but larger and longer trials are needed.",The filter will remove every pollutant in all rivers.,The filter is permanently failure-proof.,No alternative design should be tested.,,A,The limited evidence supports a qualified conclusion.,,Prefer controlled comparisons and conclusions no broader than the evidence.,95,No calculator,False,Passed,Passed,Approved for Distribution
DOST-W4-042,4,Undergraduate,Part I — Logical Reasoning,Verbal Reasoning,Verbal Reasoning,VR5 — Inference and Argument Analysis,"evidence, confounding, and assumptions",VR-LOG,Analysis/Evaluation,Difficult,Premium,English,,Which evidence most strongly supports adding a pedestrian signal near a school?,The intersection has four corners.,Repeated observations show long crossing delays and frequent unsafe gaps during arrival hours.,The school building is painted white.,Some vehicles are blue.,,B,The evidence directly documents the problem the signal addresses.,,Prefer controlled comparisons and conclusions no broader than the evidence.,95,No calculator,False,Passed,Passed,Approved for Distribution
DOST-W4-043,4,Undergraduate,Part I — Logical Reasoning,Verbal Reasoning,Verbal Reasoning,VR5 — Inference and Argument Analysis,"evidence, confounding, and assumptions",VR-LOG,Analysis/Evaluation,Difficult,Premium,English,,A class with standing desks reported less fatigue than another class. What would most strengthen the conclusion that the desks caused the difference?,A larger poster about standing,A survey of only the standing-desk class,Comparable classes randomly assigned to desk type with the same schedule and workload,A different teacher and subject in each class,,C,Random assignment and controlled conditions reduce confounding.,,Prefer controlled comparisons and conclusions no broader than the evidence.,95,No calculator,False,Passed,Passed,Approved for Distribution
DOST-W4-044,4,Undergraduate,Part I — Logical Reasoning,Verbal Reasoning,Verbal Reasoning,VR5 — Inference and Argument Analysis,"evidence, confounding, and assumptions",VR-LOG,Analysis/Evaluation,Difficult,Premium,English,,A city moves permit applications online. Which condition is most important to avoid excluding residents?,Require a high-end computer.,Remove all phone support.,Use only technical language.,Provide assisted or offline options for people without reliable digital access.,,D,Equitable access requires alternatives to the online channel.,,Prefer controlled comparisons and conclusions no broader than the evidence.,95,No calculator,False,Passed,Passed,Approved for Distribution
DOST-W4-045,4,Undergraduate,Part I — Logical Reasoning,Verbal Reasoning,Verbal Reasoning,VR5 — Inference and Argument Analysis,"evidence, confounding, and assumptions",VR-LOG,Analysis/Evaluation,Difficult,Premium,English,,Which finding best supports the claim that shade trees reduce cooling demand?,Similar buildings with mature shade trees used less afternoon air-conditioning energy during matched weather.,Trees have green leaves.,Cooling systems use electricity.,Some buildings have windows.,,A,The matched energy comparison directly supports the claim.,,Prefer controlled comparisons and conclusions no broader than the evidence.,95,No calculator,False,Passed,Passed,Approved for Distribution
DOST-W4-046,4,Undergraduate,Part I — Logical Reasoning,Verbal Reasoning,Verbal Reasoning,VR5 — Inference and Argument Analysis,"evidence, confounding, and assumptions",VR-LOG,Analysis/Evaluation,Difficult,Premium,English,,A training study analyzes only participants who attended every session. Which problem may result?,The sample becomes randomly assigned.,Completion bias may exaggerate effectiveness.,All measurement error disappears.,The treatment becomes blinded.,,B,Completers may differ systematically from those who dropped out.,,Prefer controlled comparisons and conclusions no broader than the evidence.,95,No calculator,False,Passed,Passed,Approved for Distribution
DOST-W4-047,4,Undergraduate,Part I — Logical Reasoning,Verbal Reasoning,Verbal Reasoning,VR7 — Short-Passage Reasoning,critical interpretation,VR-PASS,Analysis/Evaluation,Moderate,Free,English,W4-VRPASS-001,Which sentence best summarizes the rain-barrel passage?,The sensor project failed completely.,Debris always predicts flooding.,The system was improved after a practical source of error was identified.,Maintenance became unnecessary.,,C,The project retained its benefit while addressing a discovered limitation.,,Choose the conclusion that respects the passage's evidence and limits.,85,No calculator,False,Passed,Passed,Approved for Distribution
DOST-W4-048,4,Undergraduate,Part I — Logical Reasoning,Verbal Reasoning,Verbal Reasoning,VR7 — Short-Passage Reasoning,critical interpretation,VR-PASS,Analysis/Evaluation,Moderate,Premium,English,W4-VRPASS-002,Which property described the original measurements?,high accuracy but low precision,neither precision nor accuracy,perfect validity,high precision but low accuracy,,D,The values agreed with one another but not with the accepted value.,,Choose the conclusion that respects the passage's evidence and limits.,85,No calculator,False,Passed,Passed,Approved for Distribution
DOST-W4-049,4,Undergraduate,Part I — Logical Reasoning,Verbal Reasoning,Verbal Reasoning,VR7 — Short-Passage Reasoning,critical interpretation,VR-PASS,Analysis/Evaluation,Moderate,Premium,English,W4-VRPASS-003,Why is the library's limited trial a reasonable decision?,It uses evidence to target the period of greatest likely benefit.,It assumes attendance is constant.,It rejects all student requests.,It proves late hours are unnecessary.,,A,The pilot matches the observed pattern of demand.,,Choose the conclusion that respects the passage's evidence and limits.,85,No calculator,False,Passed,Passed,Approved for Distribution
DOST-W4-050,4,Undergraduate,Part I — Logical Reasoning,Verbal Reasoning,Verbal Reasoning,VR7 — Short-Passage Reasoning,critical interpretation,VR-PASS,Analysis/Evaluation,Moderate,Premium,English,W4-VRPASS-004,Why should the town avoid attributing all improvement to the interventions?,Seawalls never work.,Storm characteristics also differed and could have affected damage.,Dunes increase every hazard.,Damage measurements are always invalid.,,B,A changing external factor prevents a simple one-cause conclusion.,,Choose the conclusion that respects the passage's evidence and limits.,85,No calculator,False,Passed,Passed,Approved for Distribution
DOST-W4-051,4,Undergraduate,Part I — Logical Reasoning,Verbal Reasoning,Verbal Reasoning,VR7 — Short-Passage Reasoning,critical interpretation,VR-PASS,Analysis/Evaluation,Moderate,Premium,English,W4-VRPASS-005,Which design principle is illustrated by the revised laboratory schedule?,The shortest process is always optimal.,Checklists cause all delays.,Efficiency must be balanced with quality and safety constraints.,Cleanup is unrelated to laboratory work.,,C,The final design optimizes more than speed.,,Choose the conclusion that respects the passage's evidence and limits.,85,No calculator,False,Passed,Passed,Approved for Distribution
DOST-W4-052,4,Undergraduate,Part I — Logical Reasoning,Verbal Reasoning,Verbal Reasoning,VR7 — Short-Passage Reasoning,critical interpretation,VR-PASS,Analysis/Evaluation,Difficult,Premium,English,W4-VRPASS-006,Why was standardization necessary?,Temperature has no units.,All sensors must be indoors.,Height never affects exposure.,Mounting conditions could otherwise confound location comparisons.,,D,Different mounting conditions could create artificial differences.,,Choose the conclusion that respects the passage's evidence and limits.,85,No calculator,False,Passed,Passed,Approved for Distribution
DOST-W4-053,4,Undergraduate,Part I — Logical Reasoning,Verbal Reasoning,Verbal Reasoning,VR7 — Short-Passage Reasoning,critical interpretation,VR-PASS,Analysis/Evaluation,Difficult,Premium,English,W4-VRPASS-007,What reasoning step was most important?,Identifying and measuring hidden material differences,Assuming all compost was identical,Removing all comparison plots,Using the same rate regardless of composition,,A,Supplier composition could explain the observed variation.,,Choose the conclusion that respects the passage's evidence and limits.,85,No calculator,False,Passed,Passed,Approved for Distribution
DOST-W4-054,4,Undergraduate,Part I — Logical Reasoning,Verbal Reasoning,Verbal Reasoning,VR7 — Short-Passage Reasoning,critical interpretation,VR-PASS,Analysis/Evaluation,Difficult,Premium,English,W4-VRPASS-008,Why is that question important?,Bulb type never affects energy use.,Different power demands could explain the runtime difference.,Battery life is independent of current.,One test always proves superiority.,,B,A fair comparison requires equal loads.,,Choose the conclusion that respects the passage's evidence and limits.,85,No calculator,False,Passed,Passed,Approved for Distribution
DOST-W4-055,4,Undergraduate,Part I — Logical Reasoning,Verbal Reasoning,Verbal Reasoning,VR7 — Short-Passage Reasoning,critical interpretation,VR-PASS,Analysis/Evaluation,Difficult,Premium,English,W4-VRPASS-009,Why examine both factors?,Only one cause can ever matter.,Elevation does not affect water movement.,Several interacting causes may produce the same flood pattern.,Maps cannot guide investigation.,,C,Flooding can reflect both topography and infrastructure.,,Choose the conclusion that respects the passage's evidence and limits.,85,No calculator,False,Passed,Passed,Approved for Distribution
DOST-W4-056,4,Undergraduate,Part I — Logical Reasoning,Non-Verbal Reasoning,Non-Verbal Reasoning,"NVR1 — Identical Figure, Rotation, and Reflection",rotation versus reflection discrimination,NVR-ROT,Multi-step Application,Difficult,Free,English,TD-VR-PI-P2-07,"Which option is the same figure, only rotated?",Figure A,Figure B,Figure C,Figure D,Figure E,E,"A–D contain a reflection or a marker relationship that cannot be obtained by rotation alone. E preserves the handedness, both marker positions, and the asymmetric outline under rotation.",,Track handedness and marker relationships before deciding whether a figure is rotated or reflected.,80,No calculator,True,Passed,Passed,Approved for Distribution
DOST-W4-057,4,Undergraduate,Part I — Logical Reasoning,Non-Verbal Reasoning,Non-Verbal Reasoning,"NVR1 — Identical Figure, Rotation, and Reflection",fine-detail rotation matching,NVR-ROT,Multi-step Application,Difficult,Free,English,TD-VR-PI-P2-08,Which option matches the target exactly after rotation?,Figure A,Figure B,Figure C,Figure D,Figure E,B,"Track the outline's handedness, the filled dot, and the tiny square notch. B is a pure rotation of the target; the other options move or mirror at least one subtle feature.",,Track handedness and marker relationships before deciding whether a figure is rotated or reflected.,80,No calculator,True,Passed,Passed,Approved for Distribution
DOST-W4-058,4,Undergraduate,Part I — Logical Reasoning,Non-Verbal Reasoning,Non-Verbal Reasoning,NVR2 — Figure Series and Matrices,visual matrix and rule combination,NVR-SER,Multi-step Application,Moderate,Free,English,TD-VR-PI-P2-09,Which tile completes the grid?,Figure A,Figure B,Figure C,Figure D,Figure E,D,"No row or column repeats a line orientation. The missing cell must therefore be horizontal, which is option D.",,Compare relationships across the whole set instead of following only one visible feature.,60,No calculator,True,Passed,Passed,Approved for Distribution
DOST-W4-059,4,Undergraduate,Part I — Logical Reasoning,Non-Verbal Reasoning,Non-Verbal Reasoning,NVR2 — Figure Series and Matrices,sequential diagrammatic operators,NVR-SER,Multi-step Application,Difficult,Free,English,TD-VR-PI-P2-10,Follow the operators from left to right.,Figure A,Figure B,Figure C,Figure D,Figure E,A,"Invert the two colors, rotate the figure 90° clockwise, then swap the two resulting halves. The final arrangement is a horizontal pair with the left half open and the right half filled.",,"Track each changing feature independently, then combine the rules only after each pattern is clear.",80,No calculator,True,Passed,Passed,Approved for Distribution
DOST-W4-060,4,Undergraduate,Part I — Logical Reasoning,Non-Verbal Reasoning,Non-Verbal Reasoning,"NVR1 — Identical Figure, Rotation, and Reflection","overlap, layering, and spatial inspection",NVR-ROT,Multi-step Application,Difficult,Free,English,TD-VR-PI-P2-11,Which option is identical to the target after rotation?,Figure A,Figure B,Figure C,Figure D,Figure E,C,"Compare the overlap order of the circle, triangle and square, then use the small black marker to reject near-matches. C preserves all of those relationships; the others alter either layering or the marker.",,"Track each changing feature independently, then combine the rules only after each pattern is clear.",80,No calculator,True,Passed,Passed,Approved for Distribution
DOST-W4-061,4,Undergraduate,Part I — Logical Reasoning,Non-Verbal Reasoning,Non-Verbal Reasoning,NVR3 — Odd One Out and Classification,visual classification,NVR-ROT,Multi-step Application,Moderate,Premium,English,TD-VR-PI-P2-12,Which option belongs in neither group?,Figure A,Figure B,Figure C,Figure D,Figure E,D,"Group 1 fills a diagonal pair of positions. Group 2 fills a vertical pair. D fills a horizontal pair, so it belongs in neither group.",,Compare relationships across the whole set instead of following only one visible feature.,60,No calculator,True,Passed,Passed,Approved for Distribution
DOST-W4-062,4,Undergraduate,Part I — Logical Reasoning,Non-Verbal Reasoning,Non-Verbal Reasoning,"NVR1 — Identical Figure, Rotation, and Reflection",rotation preserving internal order,NVR-ROT,Analysis/Evaluation,Moderate,Premium,English,W4-NVRROT-016,Wave 4 Rotation Set 7: Which option is the reference figure after rotation only?,[visual choice],[visual choice],[visual choice],[visual choice],,B,"The correct option preserves the same handed arrangement of the tail, circle, diamond, and internal line.",,Rotation preserves clockwise order; reflection reverses it.,80,No calculator,True,Passed,Passed,Approved for Distribution
DOST-W4-063,4,Undergraduate,Part I — Logical Reasoning,Non-Verbal Reasoning,Non-Verbal Reasoning,"NVR1 — Identical Figure, Rotation, and Reflection",rotation preserving internal order,NVR-ROT,Analysis/Evaluation,Moderate,Premium,English,W4-NVRROT-017,Wave 4 Rotation Set 8: Which option is the reference figure after rotation only?,[visual choice],[visual choice],[visual choice],[visual choice],,C,"The correct option preserves the same handed arrangement of the tail, circle, diamond, and internal line.",,Rotation preserves clockwise order; reflection reverses it.,80,No calculator,True,Passed,Passed,Approved for Distribution
DOST-W4-064,4,Undergraduate,Part I — Logical Reasoning,Non-Verbal Reasoning,Non-Verbal Reasoning,"NVR1 — Identical Figure, Rotation, and Reflection",rotation preserving internal order,NVR-ROT,Analysis/Evaluation,Moderate,Premium,English,W4-NVRROT-018,Wave 4 Rotation Set 9: Which option is the reference figure after rotation only?,[visual choice],[visual choice],[visual choice],[visual choice],,D,"The correct option preserves the same handed arrangement of the tail, circle, diamond, and internal line.",,Rotation preserves clockwise order; reflection reverses it.,80,No calculator,True,Passed,Passed,Approved for Distribution
DOST-W4-065,4,Undergraduate,Part I — Logical Reasoning,Non-Verbal Reasoning,Non-Verbal Reasoning,"NVR1 — Identical Figure, Rotation, and Reflection",rotation preserving internal order,NVR-ROT,Analysis/Evaluation,Moderate,Premium,English,W4-NVRROT-019,Wave 4 Rotation Set 10: Which option is the reference figure after rotation only?,[visual choice],[visual choice],[visual choice],[visual choice],,A,"The correct option preserves the same handed arrangement of the tail, circle, diamond, and internal line.",,Rotation preserves clockwise order; reflection reverses it.,80,No calculator,True,Passed,Passed,Approved for Distribution
DOST-W4-066,4,Undergraduate,Part I — Logical Reasoning,Non-Verbal Reasoning,Non-Verbal Reasoning,NVR2 — Figure Series and Matrices,visual matrix and rule combination,NVR-SER,Multi-step Application,Difficult,Free,English,TD-VR-AR-P1-09,Which figure completes the matrix?,Figure A,Figure B,Figure C,Figure D,,D,"Treat the vertical lines, horizontal lines and centre marker as separate features. The last cell combines the vertical component from the first panel and horizontal component from the second, while following the row's centre-marker change. This gives D.",,Compare relationships across the whole set instead of following only one visible feature.,70,No calculator,True,Passed,Passed,Approved for Distribution
DOST-W4-067,4,Undergraduate,Part I — Logical Reasoning,Non-Verbal Reasoning,Non-Verbal Reasoning,NVR2 — Figure Series and Matrices,multi-rule visual sequence,NVR-SER,Multi-step Application,Difficult,Premium,English,TD-VR-AR-P1-10,Which figure comes next?,Figure A,Figure B,Figure C,Figure D,,B,"The filled triangle moves clockwise through the corners, the open diamond moves counterclockwise, the diagonal alternates direction, and the centre alternates open/filled. All four rules point to B.",,"Track each changing feature independently, then combine the rules only after each pattern is clear.",70,No calculator,True,Passed,Passed,Approved for Distribution
DOST-W4-068,4,Undergraduate,Part I — Logical Reasoning,Non-Verbal Reasoning,Non-Verbal Reasoning,NVR2 — Figure Series and Matrices,multi-rule visual sequence,NVR-SER,Multi-step Application,Difficult,Premium,English,TD-VR-AR-P1-11,Which figure comes next?,Figure A,Figure B,Figure C,Figure D,,C,"Each frame adds one small shape and increases the polygon by one side. The number of filled shapes follows 1, 2, 2, 3, then 3, while the corner marker moves clockwise. The next figure therefore uses six heptagons, three filled, with the marker back at top-left.",,"Track each changing feature independently, then combine the rules only after each pattern is clear.",70,No calculator,True,Passed,Passed,Approved for Distribution
DOST-W4-069,4,Undergraduate,Part I — Logical Reasoning,Non-Verbal Reasoning,Non-Verbal Reasoning,NVR3 — Odd One Out and Classification,visual classification,NVR-ROT,Multi-step Application,Difficult,Premium,English,TD-VR-AR-P1-12,Which figure belongs in neither group?,Figure A,Figure B,Figure C,Figure D,,C,Group 1 pairs matching shapes across opposite diagonals. Group 2 pairs matching shapes vertically by column. Choice C satisfies neither organizing relation.,,Compare relationships across the whole set instead of following only one visible feature.,70,No calculator,True,Passed,Passed,Approved for Distribution
DOST-W4-070,4,Undergraduate,Part I — Logical Reasoning,Non-Verbal Reasoning,Non-Verbal Reasoning,NVR2 — Figure Series and Matrices,multi-rule inductive sequence,NVR-SER,Multi-step Application,Difficult,Premium,English,TD-VR-PI-P2-03,What replaces the missing panel?,Figure A,Figure B,Figure C,Figure D,Figure E,D,"The left L rotates 90° clockwise, while the middle and right L shapes rotate 90° counterclockwise. The shaded L also shifts one position to the right each step. Only D satisfies all three rules.",,"Track each changing feature independently, then combine the rules only after each pattern is clear.",80,No calculator,True,Passed,Passed,Approved for Distribution
DOST-W4-071,4,Undergraduate,Part I — Logical Reasoning,Non-Verbal Reasoning,Non-Verbal Reasoning,NVR2 — Figure Series and Matrices,two-direction matrix progression,NVR-SER,Analysis/Evaluation,Difficult,Premium,English,W4-NVRMAT-025,Wave 4 Visual Matrix 1: Which option completes the lower-right cell?,[visual choice],[visual choice],[visual choice],[visual choice],,C,"The same side-count, line-count, rotation, and fill progression occurs across rows and down columns.",,Confirm the rule in both directions.,110,No calculator,True,Passed,Passed,Approved for Distribution
DOST-W4-072,4,Undergraduate,Part I — Logical Reasoning,Non-Verbal Reasoning,Non-Verbal Reasoning,NVR2 — Figure Series and Matrices,two-direction matrix progression,NVR-SER,Analysis/Evaluation,Difficult,Premium,English,W4-NVRMAT-026,Wave 4 Visual Matrix 2: Which option completes the lower-right cell?,[visual choice],[visual choice],[visual choice],[visual choice],,D,"The same side-count, line-count, rotation, and fill progression occurs across rows and down columns.",,Confirm the rule in both directions.,110,No calculator,True,Passed,Passed,Approved for Distribution
DOST-W4-073,4,Undergraduate,Part I — Logical Reasoning,Non-Verbal Reasoning,Non-Verbal Reasoning,NVR2 — Figure Series and Matrices,two-direction matrix progression,NVR-SER,Analysis/Evaluation,Difficult,Premium,English,W4-NVRMAT-027,Wave 4 Visual Matrix 3: Which option completes the lower-right cell?,[visual choice],[visual choice],[visual choice],[visual choice],,A,"The same side-count, line-count, rotation, and fill progression occurs across rows and down columns.",,Confirm the rule in both directions.,110,No calculator,True,Passed,Passed,Approved for Distribution
DOST-W4-074,4,Undergraduate,Part I — Logical Reasoning,Non-Verbal Reasoning,Non-Verbal Reasoning,NVR2 — Figure Series and Matrices,two-direction matrix progression,NVR-SER,Analysis/Evaluation,Difficult,Premium,English,W4-NVRMAT-028,Wave 4 Visual Matrix 4: Which option completes the lower-right cell?,[visual choice],[visual choice],[visual choice],[visual choice],,B,"The same side-count, line-count, rotation, and fill progression occurs across rows and down columns.",,Confirm the rule in both directions.,110,No calculator,True,Passed,Passed,Approved for Distribution
DOST-W4-075,4,Undergraduate,Part I — Logical Reasoning,Non-Verbal Reasoning,Non-Verbal Reasoning,NVR2 — Figure Series and Matrices,two-direction matrix progression,NVR-SER,Analysis/Evaluation,Difficult,Premium,English,W4-NVRMAT-029,Wave 4 Visual Matrix 5: Which option completes the lower-right cell?,[visual choice],[visual choice],[visual choice],[visual choice],,C,"The same side-count, line-count, rotation, and fill progression occurs across rows and down columns.",,Confirm the rule in both directions.,110,No calculator,True,Passed,Passed,Approved for Distribution
DOST-W4-076,4,Undergraduate,Part I — Logical Reasoning,Non-Verbal Reasoning,Non-Verbal Reasoning,NVR3 — Odd One Out and Classification,rotation-invariant landmark relation,NVR-ROT,Analysis/Evaluation,Moderate,Free,English,,Wave 4 Classification Set 1: Which figure breaks the common rule?,[visual choice],[visual choice],[visual choice],[visual choice],,D,Three options preserve the same marker-to-body relationship under rotation; one changes it.,,"Compare relative position, not absolute orientation.",80,No calculator,True,Passed,Passed,Approved for Distribution
DOST-W4-077,4,Undergraduate,Part I — Logical Reasoning,Non-Verbal Reasoning,Non-Verbal Reasoning,NVR3 — Odd One Out and Classification,rotation-invariant landmark relation,NVR-ROT,Analysis/Evaluation,Moderate,Premium,English,,Wave 4 Classification Set 2: Which figure breaks the common rule?,[visual choice],[visual choice],[visual choice],[visual choice],,A,Three options preserve the same marker-to-body relationship under rotation; one changes it.,,"Compare relative position, not absolute orientation.",80,No calculator,True,Passed,Passed,Approved for Distribution
DOST-W4-078,4,Undergraduate,Part I — Logical Reasoning,Non-Verbal Reasoning,Non-Verbal Reasoning,NVR3 — Odd One Out and Classification,rotation-invariant landmark relation,NVR-ROT,Analysis/Evaluation,Moderate,Premium,English,,Wave 4 Classification Set 3: Which figure breaks the common rule?,[visual choice],[visual choice],[visual choice],[visual choice],,B,Three options preserve the same marker-to-body relationship under rotation; one changes it.,,"Compare relative position, not absolute orientation.",80,No calculator,True,Passed,Passed,Approved for Distribution
DOST-W4-079,4,Undergraduate,Part I — Logical Reasoning,Non-Verbal Reasoning,Non-Verbal Reasoning,NVR3 — Odd One Out and Classification,rotation-invariant landmark relation,NVR-ROT,Analysis/Evaluation,Moderate,Premium,English,,Wave 4 Classification Set 4: Which figure breaks the common rule?,[visual choice],[visual choice],[visual choice],[visual choice],,C,Three options preserve the same marker-to-body relationship under rotation; one changes it.,,"Compare relative position, not absolute orientation.",80,No calculator,True,Passed,Passed,Approved for Distribution
DOST-W4-080,4,Undergraduate,Part I — Logical Reasoning,Non-Verbal Reasoning,Non-Verbal Reasoning,NVR3 — Odd One Out and Classification,rotation-invariant landmark relation,NVR-ROT,Analysis/Evaluation,Moderate,Premium,English,,Wave 4 Classification Set 5: Which figure breaks the common rule?,[visual choice],[visual choice],[visual choice],[visual choice],,D,Three options preserve the same marker-to-body relationship under rotation; one changes it.,,"Compare relative position, not absolute orientation.",80,No calculator,True,Passed,Passed,Approved for Distribution
DOST-W4-081,4,Undergraduate,Part I — Logical Reasoning,Non-Verbal Reasoning,Non-Verbal Reasoning,NVR3 — Odd One Out and Classification,rotation-invariant landmark relation,NVR-ROT,Analysis/Evaluation,Moderate,Premium,English,,Wave 4 Classification Set 6: Which figure breaks the common rule?,[visual choice],[visual choice],[visual choice],[visual choice],,A,Three options preserve the same marker-to-body relationship under rotation; one changes it.,,"Compare relative position, not absolute orientation.",80,No calculator,True,Passed,Passed,Approved for Distribution
DOST-W4-082,4,Undergraduate,Part I — Logical Reasoning,Non-Verbal Reasoning,Non-Verbal Reasoning,NVR3 — Odd One Out and Classification,rotation-invariant landmark relation,NVR-ROT,Analysis/Evaluation,Moderate,Premium,English,,Wave 4 Classification Set 7: Which figure breaks the common rule?,[visual choice],[visual choice],[visual choice],[visual choice],,B,Three options preserve the same marker-to-body relationship under rotation; one changes it.,,"Compare relative position, not absolute orientation.",80,No calculator,True,Passed,Passed,Approved for Distribution
DOST-W4-083,4,Undergraduate,Part I — Logical Reasoning,Non-Verbal Reasoning,Non-Verbal Reasoning,NVR3 — Odd One Out and Classification,rotation-invariant landmark relation,NVR-ROT,Analysis/Evaluation,Moderate,Premium,English,,Wave 4 Classification Set 8: Which figure breaks the common rule?,[visual choice],[visual choice],[visual choice],[visual choice],,C,Three options preserve the same marker-to-body relationship under rotation; one changes it.,,"Compare relative position, not absolute orientation.",80,No calculator,True,Passed,Passed,Approved for Distribution
DOST-W4-084,4,Undergraduate,Part I — Logical Reasoning,Non-Verbal Reasoning,Non-Verbal Reasoning,NVR4 — Paper Folding and Hole Punching,reflection across fold lines,NVR-FOLD,Multi-step Application,Moderate,Free,English,W4-NVRFOLD-030,Wave 4 Folding Set 1: Which pattern appears after complete unfolding?,[visual choice],[visual choice],[visual choice],[visual choice],,D,Each unfolded crease reflects every existing hole across that fold line.,,Undo folds in reverse order.,105,No calculator,True,Passed,Passed,Approved for Distribution
DOST-W4-085,4,Undergraduate,Part I — Logical Reasoning,Non-Verbal Reasoning,Non-Verbal Reasoning,NVR4 — Paper Folding and Hole Punching,reflection across fold lines,NVR-FOLD,Multi-step Application,Moderate,Premium,English,W4-NVRFOLD-031,Wave 4 Folding Set 2: Which pattern appears after complete unfolding?,[visual choice],[visual choice],[visual choice],[visual choice],,A,Each unfolded crease reflects every existing hole across that fold line.,,Undo folds in reverse order.,105,No calculator,True,Passed,Passed,Approved for Distribution
DOST-W4-086,4,Undergraduate,Part I — Logical Reasoning,Non-Verbal Reasoning,Non-Verbal Reasoning,NVR4 — Paper Folding and Hole Punching,reflection across fold lines,NVR-FOLD,Multi-step Application,Moderate,Premium,English,W4-NVRFOLD-032,Wave 4 Folding Set 3: Which pattern appears after complete unfolding?,[visual choice],[visual choice],[visual choice],[visual choice],,B,Each unfolded crease reflects every existing hole across that fold line.,,Undo folds in reverse order.,105,No calculator,True,Passed,Passed,Approved for Distribution
DOST-W4-087,4,Undergraduate,Part I — Logical Reasoning,Non-Verbal Reasoning,Non-Verbal Reasoning,NVR4 — Paper Folding and Hole Punching,reflection across fold lines,NVR-FOLD,Multi-step Application,Moderate,Premium,English,W4-NVRFOLD-033,Wave 4 Folding Set 4: Which pattern appears after complete unfolding?,[visual choice],[visual choice],[visual choice],[visual choice],,C,Each unfolded crease reflects every existing hole across that fold line.,,Undo folds in reverse order.,105,No calculator,True,Passed,Passed,Approved for Distribution
DOST-W4-088,4,Undergraduate,Part I — Logical Reasoning,Non-Verbal Reasoning,Non-Verbal Reasoning,NVR4 — Paper Folding and Hole Punching,reflection across fold lines,NVR-FOLD,Multi-step Application,Moderate,Premium,English,W4-NVRFOLD-034,Wave 4 Folding Set 5: Which pattern appears after complete unfolding?,[visual choice],[visual choice],[visual choice],[visual choice],,D,Each unfolded crease reflects every existing hole across that fold line.,,Undo folds in reverse order.,105,No calculator,True,Passed,Passed,Approved for Distribution
DOST-W4-089,4,Undergraduate,Part I — Logical Reasoning,Non-Verbal Reasoning,Non-Verbal Reasoning,NVR4 — Paper Folding and Hole Punching,reflection across fold lines,NVR-FOLD,Multi-step Application,Moderate,Premium,English,W4-NVRFOLD-035,Wave 4 Folding Set 6: Which pattern appears after complete unfolding?,[visual choice],[visual choice],[visual choice],[visual choice],,A,Each unfolded crease reflects every existing hole across that fold line.,,Undo folds in reverse order.,105,No calculator,True,Passed,Passed,Approved for Distribution
DOST-W4-090,4,Undergraduate,Part I — Logical Reasoning,Non-Verbal Reasoning,Non-Verbal Reasoning,NVR4 — Paper Folding and Hole Punching,reflection across fold lines,NVR-FOLD,Multi-step Application,Moderate,Premium,English,W4-NVRFOLD-036,Wave 4 Folding Set 7: Which pattern appears after complete unfolding?,[visual choice],[visual choice],[visual choice],[visual choice],,B,Each unfolded crease reflects every existing hole across that fold line.,,Undo folds in reverse order.,105,No calculator,True,Passed,Passed,Approved for Distribution
DOST-W4-091,4,Undergraduate,Part I — Logical Reasoning,Non-Verbal Reasoning,Non-Verbal Reasoning,NVR4 — Paper Folding and Hole Punching,reflection across fold lines,NVR-FOLD,Multi-step Application,Moderate,Premium,English,W4-NVRFOLD-037,Wave 4 Folding Set 8: Which pattern appears after complete unfolding?,[visual choice],[visual choice],[visual choice],[visual choice],,C,Each unfolded crease reflects every existing hole across that fold line.,,Undo folds in reverse order.,105,No calculator,True,Passed,Passed,Approved for Distribution
DOST-W4-092,4,Undergraduate,Part I — Logical Reasoning,Non-Verbal Reasoning,Non-Verbal Reasoning,NVR5 — Cube Nets and Solid Rotation,opposite faces after folding,NVR-VIEW,Multi-step Application,Moderate,Free,English,W4-NVRCUBE-038,Wave 4 Cube-Net Set 1: Which face becomes opposite face I?,H,J,K,G,,D,Folding the valid net places face G opposite face I.,,Track face normals through successive 90° folds.,100,No calculator,True,Passed,Passed,Approved for Distribution
DOST-W4-093,4,Undergraduate,Part I — Logical Reasoning,Non-Verbal Reasoning,Non-Verbal Reasoning,NVR5 — Cube Nets and Solid Rotation,opposite faces after folding,NVR-VIEW,Multi-step Application,Moderate,Premium,English,W4-NVRCUBE-039,Wave 4 Cube-Net Set 2: Which face becomes opposite face J?,G,I,K,H,,A,Folding the valid net places face G opposite face J.,,Track face normals through successive 90° folds.,100,No calculator,True,Passed,Passed,Approved for Distribution
DOST-W4-094,4,Undergraduate,Part I — Logical Reasoning,Non-Verbal Reasoning,Non-Verbal Reasoning,NVR5 — Cube Nets and Solid Rotation,opposite faces after folding,NVR-VIEW,Multi-step Application,Moderate,Premium,English,W4-NVRCUBE-040,Wave 4 Cube-Net Set 3: Which face becomes opposite face K?,J,H,G,I,,B,Folding the valid net places face H opposite face K.,,Track face normals through successive 90° folds.,100,No calculator,True,Passed,Passed,Approved for Distribution
DOST-W4-095,4,Undergraduate,Part I — Logical Reasoning,Non-Verbal Reasoning,Non-Verbal Reasoning,NVR5 — Cube Nets and Solid Rotation,opposite faces after folding,NVR-VIEW,Multi-step Application,Moderate,Premium,English,W4-NVRCUBE-041,Wave 4 Cube-Net Set 4: Which face becomes opposite face L?,G,H,I,J,,C,Folding the valid net places face I opposite face L.,,Track face normals through successive 90° folds.,100,No calculator,True,Passed,Passed,Approved for Distribution
DOST-W4-096,4,Undergraduate,Part I — Logical Reasoning,Non-Verbal Reasoning,Non-Verbal Reasoning,NVR5 — Cube Nets and Solid Rotation,cyclic face movement around a visible vertex,NVR-VIEW,Analysis/Evaluation,Difficult,Premium,English,W4-NVRSOLID-042,Wave 4 Solid-Rotation Set 1: The three visible faces cycle around their common corner. Which view is possible?,[visual choice],[visual choice],[visual choice],[visual choice],,D,A proper cube rotation cyclically permutes the visible faces without reversing their order.,,Proper rotations preserve cyclic order around a vertex.,100,No calculator,True,Passed,Passed,Approved for Distribution
DOST-W4-097,4,Undergraduate,Part I — Logical Reasoning,Non-Verbal Reasoning,Non-Verbal Reasoning,NVR5 — Cube Nets and Solid Rotation,cyclic face movement around a visible vertex,NVR-VIEW,Analysis/Evaluation,Difficult,Premium,English,W4-NVRSOLID-043,Wave 4 Solid-Rotation Set 2: The three visible faces cycle around their common corner. Which view is possible?,[visual choice],[visual choice],[visual choice],[visual choice],,A,A proper cube rotation cyclically permutes the visible faces without reversing their order.,,Proper rotations preserve cyclic order around a vertex.,100,No calculator,True,Passed,Passed,Approved for Distribution
DOST-W4-098,4,Undergraduate,Part I — Logical Reasoning,Non-Verbal Reasoning,Non-Verbal Reasoning,NVR5 — Cube Nets and Solid Rotation,cyclic face movement around a visible vertex,NVR-VIEW,Analysis/Evaluation,Difficult,Premium,English,W4-NVRSOLID-044,Wave 4 Solid-Rotation Set 3: The three visible faces cycle around their common corner. Which view is possible?,[visual choice],[visual choice],[visual choice],[visual choice],,B,A proper cube rotation cyclically permutes the visible faces without reversing their order.,,Proper rotations preserve cyclic order around a vertex.,100,No calculator,True,Passed,Passed,Approved for Distribution
DOST-W4-099,4,Undergraduate,Part I — Logical Reasoning,Non-Verbal Reasoning,Non-Verbal Reasoning,NVR5 — Cube Nets and Solid Rotation,cyclic face movement around a visible vertex,NVR-VIEW,Analysis/Evaluation,Difficult,Premium,English,W4-NVRSOLID-045,Wave 4 Solid-Rotation Set 4: The three visible faces cycle around their common corner. Which view is possible?,[visual choice],[visual choice],[visual choice],[visual choice],,C,A proper cube rotation cyclically permutes the visible faces without reversing their order.,,Proper rotations preserve cyclic order around a vertex.,100,No calculator,True,Passed,Passed,Approved for Distribution
DOST-W4-100,4,Undergraduate,Part I — Logical Reasoning,Non-Verbal Reasoning,Non-Verbal Reasoning,NVR6 — Block Counting and Orthographic Views,total cubes from column heights,NVR-VIEW,Multi-step Application,Easy,Free,English,W4-NVRBLOCK-046,Wave 4 Block Stack 1: What is the total number of unit cubes?,14,9,16,11,,D,The column heights add to 11.,Sum all entries to obtain 11.,Each cell gives one vertical stack height.,75,No calculator,True,Passed,Passed,Approved for Distribution
DOST-W4-101,4,Undergraduate,Part I — Logical Reasoning,Non-Verbal Reasoning,Non-Verbal Reasoning,NVR6 — Block Counting and Orthographic Views,total cubes from column heights,NVR-VIEW,Multi-step Application,Easy,Free,English,W4-NVRBLOCK-047,Wave 4 Block Stack 2: What is the total number of unit cubes?,12,10,17,15,,A,The column heights add to 12.,Sum all entries to obtain 12.,Each cell gives one vertical stack height.,75,No calculator,True,Passed,Passed,Approved for Distribution
DOST-W4-102,4,Undergraduate,Part I — Logical Reasoning,Non-Verbal Reasoning,Non-Verbal Reasoning,NVR6 — Block Counting and Orthographic Views,total cubes from column heights,NVR-VIEW,Multi-step Application,Easy,Premium,English,W4-NVRBLOCK-048,Wave 4 Block Stack 3: What is the total number of unit cubes?,21,16,19,14,,B,The column heights add to 16.,Sum all entries to obtain 16.,Each cell gives one vertical stack height.,75,No calculator,True,Passed,Passed,Approved for Distribution
DOST-W4-103,4,Undergraduate,Part I — Logical Reasoning,Non-Verbal Reasoning,Non-Verbal Reasoning,NVR6 — Block Counting and Orthographic Views,total cubes from column heights,NVR-VIEW,Multi-step Application,Easy,Premium,English,W4-NVRBLOCK-049,Wave 4 Block Stack 4: What is the total number of unit cubes?,16,11,13,18,,C,The column heights add to 13.,Sum all entries to obtain 13.,Each cell gives one vertical stack height.,75,No calculator,True,Passed,Passed,Approved for Distribution
DOST-W4-104,4,Undergraduate,Part I — Logical Reasoning,Non-Verbal Reasoning,Non-Verbal Reasoning,NVR6 — Block Counting and Orthographic Views,total cubes from column heights,NVR-VIEW,Multi-step Application,Easy,Premium,English,W4-NVRBLOCK-050,Wave 4 Block Stack 5: What is the total number of unit cubes?,15,10,17,12,,D,The column heights add to 12.,Sum all entries to obtain 12.,Each cell gives one vertical stack height.,75,No calculator,True,Passed,Passed,Approved for Distribution
DOST-W4-105,4,Undergraduate,Part I — Logical Reasoning,Non-Verbal Reasoning,Non-Verbal Reasoning,NVR6 — Block Counting and Orthographic Views,total cubes from column heights,NVR-VIEW,Multi-step Application,Easy,Premium,English,W4-NVRBLOCK-051,Wave 4 Block Stack 6: What is the total number of unit cubes?,12,10,17,15,,A,The column heights add to 12.,Sum all entries to obtain 12.,Each cell gives one vertical stack height.,75,No calculator,True,Passed,Passed,Approved for Distribution
DOST-W4-106,4,Undergraduate,Part I — Logical Reasoning,Non-Verbal Reasoning,Non-Verbal Reasoning,NVR6 — Block Counting and Orthographic Views,total cubes from column heights,NVR-VIEW,Multi-step Application,Easy,Premium,English,W4-NVRBLOCK-052,Wave 4 Block Stack 7: What is the total number of unit cubes?,17,12,15,10,,B,The column heights add to 12.,Sum all entries to obtain 12.,Each cell gives one vertical stack height.,75,No calculator,True,Passed,Passed,Approved for Distribution
DOST-W4-107,4,Undergraduate,Part I — Logical Reasoning,Non-Verbal Reasoning,Non-Verbal Reasoning,NVR6 — Block Counting and Orthographic Views,total cubes from column heights,NVR-VIEW,Multi-step Application,Easy,Premium,English,W4-NVRBLOCK-053,Wave 4 Block Stack 8: What is the total number of unit cubes?,21,16,18,23,,C,The column heights add to 18.,Sum all entries to obtain 18.,Each cell gives one vertical stack height.,75,No calculator,True,Passed,Passed,Approved for Distribution
DOST-W4-108,4,Undergraduate,Part I — Logical Reasoning,Non-Verbal Reasoning,Non-Verbal Reasoning,NVR7 — Piece Assembly and Tangram Logic,compatible edge assembly,NVR-VIEW,Analysis/Evaluation,Moderate,Free,English,W4-NVRPIECE-054,Wave 4 Piece Assembly 1: Which complete form can be made using all pieces without overlap?,a regular pentagon,a curved shape,a circle,a larger parallelogram,,D,The boundaries and total areas allow the pieces to form a larger parallelogram.,,Match equal edges and preserve total area.,95,No calculator,True,Passed,Passed,Approved for Distribution
DOST-W4-109,4,Undergraduate,Part I — Logical Reasoning,Non-Verbal Reasoning,Non-Verbal Reasoning,NVR7 — Piece Assembly and Tangram Logic,compatible edge assembly,NVR-VIEW,Analysis/Evaluation,Moderate,Premium,English,W4-NVRPIECE-055,Wave 4 Piece Assembly 2: Which complete form can be made using all pieces without overlap?,a square,a curved shape,a circle,a regular pentagon,,A,The boundaries and total areas allow the pieces to form a square.,,Match equal edges and preserve total area.,95,No calculator,True,Passed,Passed,Approved for Distribution
DOST-W4-110,4,Undergraduate,Part I — Logical Reasoning,Non-Verbal Reasoning,Non-Verbal Reasoning,NVR7 — Piece Assembly and Tangram Logic,compatible edge assembly,NVR-VIEW,Analysis/Evaluation,Moderate,Premium,English,W4-NVRPIECE-056,Wave 4 Piece Assembly 3: Which complete form can be made using all pieces without overlap?,a circle,a semicircle,a regular pentagon,a curved shape,,B,The boundaries and total areas allow the pieces to form a semicircle.,,Match equal edges and preserve total area.,95,No calculator,True,Passed,Passed,Approved for Distribution
DOST-W4-111,4,Undergraduate,Part I — Logical Reasoning,Non-Verbal Reasoning,Non-Verbal Reasoning,NVR7 — Piece Assembly and Tangram Logic,compatible edge assembly,NVR-VIEW,Analysis/Evaluation,Moderate,Premium,English,W4-NVRPIECE-057,Wave 4 Piece Assembly 4: Which complete form can be made using all pieces without overlap?,a circle,a regular pentagon,a larger trapezoid,a curved shape,,C,The boundaries and total areas allow the pieces to form a larger trapezoid.,,Match equal edges and preserve total area.,95,No calculator,True,Passed,Passed,Approved for Distribution
DOST-W4-112,4,Undergraduate,Part I — Logical Reasoning,Non-Verbal Reasoning,Non-Verbal Reasoning,NVR7 — Piece Assembly and Tangram Logic,compatible edge assembly,NVR-VIEW,Analysis/Evaluation,Difficult,Premium,English,W4-NVRPIECE-058,Wave 4 Piece Assembly 5: Which complete form can be made using all pieces without overlap?,a regular pentagon,a curved shape,a circle,a larger rectangle,,D,The boundaries and total areas allow the pieces to form a larger rectangle.,,Match equal edges and preserve total area.,95,No calculator,True,Passed,Passed,Approved for Distribution
DOST-W4-113,4,Undergraduate,Part I — Logical Reasoning,Non-Verbal Reasoning,Non-Verbal Reasoning,NVR7 — Piece Assembly and Tangram Logic,compatible edge assembly,NVR-VIEW,Analysis/Evaluation,Difficult,Premium,English,W4-NVRPIECE-059,Wave 4 Piece Assembly 6: Which complete form can be made using all pieces without overlap?,a cube net,a curved shape,a circle,a regular pentagon,,A,The boundaries and total areas allow the pieces to form a cube net.,,Match equal edges and preserve total area.,95,No calculator,True,Passed,Passed,Approved for Distribution
DOST-W4-114,4,Undergraduate,Part I — Logical Reasoning,Non-Verbal Reasoning,Non-Verbal Reasoning,NVR8 — Navigation and Rule-Following,coordinate route tracking,NVR-PATH,Multi-step Application,Easy,Free,English,W4-NVRPATH-060,"Wave 4 Grid Route 1: What endpoint is reached, written as (horizontal, vertical)?","(0, 5)","(4, 3)","(3, 4)","(5, 2)",,B,"The route terminates at (4, 3).",,Update one coordinate at a time.,75,No calculator,True,Passed,Passed,Approved for Distribution
DOST-W4-115,4,Undergraduate,Part I — Logical Reasoning,Non-Verbal Reasoning,Non-Verbal Reasoning,NVR8 — Navigation and Rule-Following,coordinate route tracking,NVR-PATH,Multi-step Application,Easy,Premium,English,W4-NVRPATH-061,"Wave 4 Grid Route 2: What endpoint is reached, written as (horizontal, vertical)?","(2, 1)","(0, 3)","(1, 2)","(4, 4)",,C,"The route terminates at (1, 2).",,Update one coordinate at a time.,75,No calculator,True,Passed,Passed,Approved for Distribution
DOST-W4-116,4,Undergraduate,Part I — Logical Reasoning,Non-Verbal Reasoning,Non-Verbal Reasoning,NVR8 — Navigation and Rule-Following,coordinate route tracking,NVR-PATH,Multi-step Application,Easy,Premium,English,W4-NVRPATH-062,"Wave 4 Grid Route 3: What endpoint is reached, written as (horizontal, vertical)?","(2, 5)","(4, 3)","(6, 1)","(5, 2)",,D,"The route terminates at (5, 2).",,Update one coordinate at a time.,75,No calculator,True,Passed,Passed,Approved for Distribution
DOST-W4-117,4,Undergraduate,Part I — Logical Reasoning,Non-Verbal Reasoning,Non-Verbal Reasoning,NVR8 — Navigation and Rule-Following,coordinate route tracking,NVR-PATH,Multi-step Application,Easy,Premium,English,W4-NVRPATH-063,"Wave 4 Grid Route 4: What endpoint is reached, written as (horizontal, vertical)?","(3, 3)","(4, 2)","(6, 5)","(2, 4)",,A,"The route terminates at (3, 3).",,Update one coordinate at a time.,75,No calculator,True,Passed,Passed,Approved for Distribution
DOST-W4-118,4,Undergraduate,Part I — Logical Reasoning,Non-Verbal Reasoning,Non-Verbal Reasoning,NVR8 — Navigation and Rule-Following,coordinate route tracking,NVR-PATH,Multi-step Application,Easy,Premium,English,W4-NVRPATH-064,"Wave 4 Grid Route 5: What endpoint is reached, written as (horizontal, vertical)?","(6, 5)","(3, 3)","(2, 4)","(4, 2)",,B,"The route terminates at (3, 3).",,Update one coordinate at a time.,75,No calculator,True,Passed,Passed,Approved for Distribution
DOST-W4-119,4,Undergraduate,Part I — Logical Reasoning,Non-Verbal Reasoning,Non-Verbal Reasoning,NVR8 — Navigation and Rule-Following,coordinate route tracking,NVR-PATH,Multi-step Application,Easy,Premium,English,W4-NVRPATH-065,"Wave 4 Grid Route 6: What endpoint is reached, written as (horizontal, vertical)?","(2, 4)","(4, 2)","(3, 3)","(6, 5)",,C,"The route terminates at (3, 3).",,Update one coordinate at a time.,75,No calculator,True,Passed,Passed,Approved for Distribution
DOST-W4-120,4,Undergraduate,Part I — Logical Reasoning,Non-Verbal Reasoning,Non-Verbal Reasoning,NVR9 — Hidden Figures and Spatial Inspection,embedded exact line configuration,NVR-VIEW,Analysis/Evaluation,Difficult,Free,English,W4-NVRHIDDEN-066,Wave 4 Hidden Figure 1: Which option contains the reference figure exactly?,[visual choice],[visual choice],[visual choice],[visual choice],,D,"The correct option preserves all line segments, junctions, directions, and endpoints despite extra surrounding lines.",,Trace the exact reference rather than the overall impression.,100,No calculator,True,Passed,Passed,Approved for Distribution
DOST-W4-121,4,Undergraduate,Part I — Logical Reasoning,Non-Verbal Reasoning,Non-Verbal Reasoning,NVR9 — Hidden Figures and Spatial Inspection,embedded exact line configuration,NVR-VIEW,Analysis/Evaluation,Difficult,Premium,English,W4-NVRHIDDEN-067,Wave 4 Hidden Figure 2: Which option contains the reference figure exactly?,[visual choice],[visual choice],[visual choice],[visual choice],,A,"The correct option preserves all line segments, junctions, directions, and endpoints despite extra surrounding lines.",,Trace the exact reference rather than the overall impression.,100,No calculator,True,Passed,Passed,Approved for Distribution
DOST-W4-122,4,Undergraduate,Part I — Logical Reasoning,Non-Verbal Reasoning,Non-Verbal Reasoning,NVR9 — Hidden Figures and Spatial Inspection,embedded exact line configuration,NVR-VIEW,Analysis/Evaluation,Difficult,Premium,English,W4-NVRHIDDEN-068,Wave 4 Hidden Figure 3: Which option contains the reference figure exactly?,[visual choice],[visual choice],[visual choice],[visual choice],,B,"The correct option preserves all line segments, junctions, directions, and endpoints despite extra surrounding lines.",,Trace the exact reference rather than the overall impression.,100,No calculator,True,Passed,Passed,Approved for Distribution
DOST-W4-123,4,Undergraduate,Part I — Logical Reasoning,Non-Verbal Reasoning,Non-Verbal Reasoning,NVR9 — Hidden Figures and Spatial Inspection,embedded exact line configuration,NVR-VIEW,Analysis/Evaluation,Difficult,Premium,English,W4-NVRHIDDEN-069,Wave 4 Hidden Figure 4: Which option contains the reference figure exactly?,[visual choice],[visual choice],[visual choice],[visual choice],,C,"The correct option preserves all line segments, junctions, directions, and endpoints despite extra surrounding lines.",,Trace the exact reference rather than the overall impression.,100,No calculator,True,Passed,Passed,Approved for Distribution
DOST-W4-124,4,Undergraduate,Part I — Logical Reasoning,Non-Verbal Reasoning,Non-Verbal Reasoning,NVR9 — Hidden Figures and Spatial Inspection,embedded exact line configuration,NVR-VIEW,Analysis/Evaluation,Difficult,Premium,English,W4-NVRHIDDEN-070,Wave 4 Hidden Figure 5: Which option contains the reference figure exactly?,[visual choice],[visual choice],[visual choice],[visual choice],,D,"The correct option preserves all line segments, junctions, directions, and endpoints despite extra surrounding lines.",,Trace the exact reference rather than the overall impression.,100,No calculator,True,Passed,Passed,Approved for Distribution
DOST-W4-125,4,Undergraduate,Part I — Logical Reasoning,Non-Verbal Reasoning,Non-Verbal Reasoning,NVR9 — Hidden Figures and Spatial Inspection,embedded exact line configuration,NVR-VIEW,Analysis/Evaluation,Difficult,Premium,English,W4-NVRHIDDEN-071,Wave 4 Hidden Figure 6: Which option contains the reference figure exactly?,[visual choice],[visual choice],[visual choice],[visual choice],,A,"The correct option preserves all line segments, junctions, directions, and endpoints despite extra surrounding lines.",,Trace the exact reference rather than the overall impression.,100,No calculator,True,Passed,Passed,Approved for Distribution
DOST-W4-126,4,Undergraduate,Part II — Power Test,English,English,ENG1 — Error Identification,"agreement, tense, modifiers, and parallelism",ENG-ERR,Single-step Application,Easy,Free,English,,Which underlined segment contains an error? The set of emergency tools **were inspected** before the field exercise.,The set,were inspected,of emergency tools,before the field exercise,,B,"The subject is the singular noun 'set,' so the verb should be 'was inspected.'",,"Identify the grammatical head and check agreement, form, and modifier logic.",65,No calculator,False,Passed,Passed,Approved for Distribution
DOST-W4-127,4,Undergraduate,Part II — Power Test,English,English,ENG1 — Error Identification,"agreement, tense, modifiers, and parallelism",ENG-ERR,Single-step Application,Easy,Free,English,,Which underlined segment contains an error? Either the coordinator or the volunteers **is responsible** for checking the supplies.,Either the coordinator,or the volunteers,is responsible,for checking the supplies,,C,"With either...or, the verb agrees with the nearer plural subject 'volunteers,' so 'are responsible' is needed.",,"Identify the grammatical head and check agreement, form, and modifier logic.",65,No calculator,False,Passed,Passed,Approved for Distribution
DOST-W4-128,4,Undergraduate,Part II — Power Test,English,English,ENG1 — Error Identification,"agreement, tense, modifiers, and parallelism",ENG-ERR,Single-step Application,Easy,Free,English,,"Which underlined segment contains an error? The device is capable of measuring pressure, recording temperature, **and to send alerts**.",is capable of,measuring pressure,recording temperature,and to send alerts,,D,"The series should be parallel: measuring, recording, and sending.",,"Identify the grammatical head and check agreement, form, and modifier logic.",65,No calculator,False,Passed,Passed,Approved for Distribution
DOST-W4-129,4,Undergraduate,Part II — Power Test,English,English,ENG1 — Error Identification,"agreement, tense, modifiers, and parallelism",ENG-ERR,Single-step Application,Easy,Free,English,,"Which underlined segment contains an error? By the end of the week, the researchers **will have finish** the trial.",will have finish,By the end of the week,the researchers,the trial,,A,The perfect future uses 'will have finished.',,"Identify the grammatical head and check agreement, form, and modifier logic.",65,No calculator,False,Passed,Passed,Approved for Distribution
DOST-W4-130,4,Undergraduate,Part II — Power Test,English,English,ENG1 — Error Identification,"agreement, tense, modifiers, and parallelism",ENG-ERR,Single-step Application,Moderate,Free,English,,Which underlined segment contains an error? The supervisor explained **the reason why because** the schedule changed.,The supervisor explained,the reason why because,the schedule changed,explained,,B,The phrase is redundant; use 'the reason the schedule changed' or 'why the schedule changed.',,"Identify the grammatical head and check agreement, form, and modifier logic.",65,No calculator,False,Passed,Passed,Approved for Distribution
DOST-W4-131,4,Undergraduate,Part II — Power Test,English,English,ENG1 — Error Identification,"agreement, tense, modifiers, and parallelism",ENG-ERR,Single-step Application,Moderate,Premium,English,,"Which underlined segment contains an error? After reviewing the results, **the conclusion was revised** by the team.",After reviewing the results,by the team,the conclusion was revised,the results,,C,"The introductory phrase should modify the team, not the conclusion.",,"Identify the grammatical head and check agreement, form, and modifier logic.",65,No calculator,False,Passed,Passed,Approved for Distribution
DOST-W4-132,4,Undergraduate,Part II — Power Test,English,English,ENG1 — Error Identification,"agreement, tense, modifiers, and parallelism",ENG-ERR,Single-step Application,Moderate,Premium,English,,Which underlined segment contains an error? Each of the containers **were labeled** with a unique code.,Each of the containers,with a unique code,a unique code,were labeled,,D,"The subject 'Each' is singular, so 'was labeled' is correct.",,"Identify the grammatical head and check agreement, form, and modifier logic.",65,No calculator,False,Passed,Passed,Approved for Distribution
DOST-W4-133,4,Undergraduate,Part II — Power Test,English,English,ENG1 — Error Identification,"agreement, tense, modifiers, and parallelism",ENG-ERR,Single-step Application,Moderate,Premium,English,,"Which underlined segment contains an error? If the backup battery **would charge**, the system will restart.",would charge,If the backup battery,the system,will restart,,A,Use the simple present in the if-clause: 'If the backup battery charges.',,"Identify the grammatical head and check agreement, form, and modifier logic.",65,No calculator,False,Passed,Passed,Approved for Distribution
DOST-W4-134,4,Undergraduate,Part II — Power Test,English,English,ENG1 — Error Identification,"agreement, tense, modifiers, and parallelism",ENG-ERR,Single-step Application,Moderate,Premium,English,,Which underlined segment contains an error? This method is more efficient **than any process** used in the same laboratory.,This method,than any process,is more efficient,used in the same laboratory,,B,"The method is itself a process, so the phrase should be 'than any other process.'",,"Identify the grammatical head and check agreement, form, and modifier logic.",65,No calculator,False,Passed,Passed,Approved for Distribution
DOST-W4-135,4,Undergraduate,Part II — Power Test,English,English,ENG1 — Error Identification,"agreement, tense, modifiers, and parallelism",ENG-ERR,Single-step Application,Moderate,Premium,English,,Which underlined segment contains an error? The committee recommended that the proposal **is revised** before approval.,The committee recommended,that the proposal,is revised,before approval,,C,"After 'recommended that,' formal English uses the base form: 'be revised.'",,"Identify the grammatical head and check agreement, form, and modifier logic.",65,No calculator,False,Passed,Passed,Approved for Distribution
DOST-W4-136,4,Undergraduate,Part II — Power Test,English,English,ENG3 — Vocabulary and Word Relationships,academic and technical vocabulary,ENG-EQV,Recognition/Recall,Easy,Free,English,,"The findings were **ambiguous**, meaning they were:",fully proven,irrelevant,numerically exact,open to more than one interpretation,,D,Ambiguous means unclear or capable of multiple interpretations.,,Use the sentence context together with the word's core meaning.,45,No calculator,False,Passed,Passed,Approved for Distribution
DOST-W4-137,4,Undergraduate,Part II — Power Test,English,English,ENG3 — Vocabulary and Word Relationships,academic and technical vocabulary,ENG-EQV,Recognition/Recall,Easy,Free,English,,The treatment produced a **negligible** change. Negligible means:,too small to be important,very large,unexpectedly harmful,permanent,,A,Negligible describes something so small that it can be ignored.,,Use the sentence context together with the word's core meaning.,45,No calculator,False,Passed,Passed,Approved for Distribution
DOST-W4-138,4,Undergraduate,Part II — Power Test,English,English,ENG3 — Vocabulary and Word Relationships,academic and technical vocabulary,ENG-EQV,Recognition/Recall,Easy,Free,English,,The researchers used a **robust** method. Robust most nearly means:,fragile,strong and reliable under varied conditions,secret,temporary,,B,A robust method performs reliably despite reasonable variation.,,Use the sentence context together with the word's core meaning.,45,No calculator,False,Passed,Passed,Approved for Distribution
DOST-W4-139,4,Undergraduate,Part II — Power Test,English,English,ENG3 — Vocabulary and Word Relationships,academic and technical vocabulary,ENG-EQV,Recognition/Recall,Easy,Premium,English,,Which word is opposite in meaning to **explicit**?,clear,detailed,implicit,direct,,C,Explicit means directly stated; implicit means suggested rather than stated.,,Use the sentence context together with the word's core meaning.,45,No calculator,False,Passed,Passed,Approved for Distribution
DOST-W4-140,4,Undergraduate,Part II — Power Test,English,English,ENG3 — Vocabulary and Word Relationships,academic and technical vocabulary,ENG-EQV,Recognition/Recall,Easy,Premium,English,,"In the sentence, “The result was anomalous,” what does **anomalous** mean?",perfectly typical,unmeasured,inevitable,unusual compared with the pattern,,D,An anomalous result differs from what is expected.,,Use the sentence context together with the word's core meaning.,45,No calculator,False,Passed,Passed,Approved for Distribution
DOST-W4-141,4,Undergraduate,Part II — Power Test,English,English,ENG3 — Vocabulary and Word Relationships,academic and technical vocabulary,ENG-EQV,Recognition/Recall,Easy,Premium,English,,"The argument was **coherent**, meaning it was:",logically organized and understandable,unrelated,extremely brief,unsupported by grammar,,A,Coherent ideas fit together logically.,,Use the sentence context together with the word's core meaning.,45,No calculator,False,Passed,Passed,Approved for Distribution
DOST-W4-142,4,Undergraduate,Part II — Power Test,English,English,ENG3 — Vocabulary and Word Relationships,academic and technical vocabulary,ENG-EQV,Recognition/Recall,Easy,Premium,English,,The new process was **feasible** after the cost was reduced. Feasible means:,illegal,practical and possible,invisible,already completed,,B,Feasible means capable of being done successfully.,,Use the sentence context together with the word's core meaning.,45,No calculator,False,Passed,Passed,Approved for Distribution
DOST-W4-143,4,Undergraduate,Part II — Power Test,English,English,ENG3 — Vocabulary and Word Relationships,academic and technical vocabulary,ENG-EQV,Recognition/Recall,Easy,Premium,English,,"The team adopted a **conservative** estimate. In this context, conservative most nearly means:",political,careless,cautious and not overstated,exactly average,,C,A conservative estimate avoids exaggerating the result.,,Use the sentence context together with the word's core meaning.,45,No calculator,False,Passed,Passed,Approved for Distribution
DOST-W4-144,4,Undergraduate,Part II — Power Test,English,English,ENG3 — Vocabulary and Word Relationships,academic and technical vocabulary,ENG-EQV,Recognition/Recall,Easy,Premium,English,,The device showed **intermittent** failure. Intermittent means:,continuous,impossible,permanent,occurring at irregular intervals,,D,Intermittent events stop and start rather than continuing.,,Use the sentence context together with the word's core meaning.,45,No calculator,False,Passed,Passed,Approved for Distribution
DOST-W4-145,4,Undergraduate,Part II — Power Test,English,English,ENG3 — Vocabulary and Word Relationships,academic and technical vocabulary,ENG-EQV,Recognition/Recall,Easy,Premium,English,,The conclusion was **substantiated** by independent data. Substantiated means:,supported with evidence,rejected,shortened,translated,,A,Independent data substantiated the conclusion by supporting it.,,Use the sentence context together with the word's core meaning.,45,No calculator,False,Passed,Passed,Approved for Distribution
DOST-W4-146,4,Undergraduate,Part II — Power Test,English,English,ENG4 — Sentence Equivalence and Paraphrase,"logical equivalence, concise revision, and clarity",ENG-EQV,Analysis/Evaluation,Moderate,Free,English,,Choose the option that preserves the meaning: “The pump operates only if the intake valve is open.”,The pump always operates when the valve is open.,An open intake valve is necessary for operation.,The pump opens the valve after operating.,The valve is unnecessary.,,B,"The original states a necessary condition, not a sufficient one.",,"Preserve meaning, logical force, and degree of certainty.",70,No calculator,False,Passed,Passed,Approved for Distribution
DOST-W4-147,4,Undergraduate,Part II — Power Test,English,English,ENG4 — Sentence Equivalence and Paraphrase,"logical equivalence, concise revision, and clarity",ENG-EQV,Analysis/Evaluation,Moderate,Premium,English,,Choose the clearest revision: “The reason the meeting was delayed was because the data had not yet arrived.”,The reason for delay was because data arrival had not yet occurred.,"Because of the reason, the meeting delayed.",The meeting was delayed because the data had not arrived.,The data delayed for the meeting.,,C,The revision removes redundancy while preserving the cause.,,"Preserve meaning, logical force, and degree of certainty.",70,No calculator,False,Passed,Passed,Approved for Distribution
DOST-W4-148,4,Undergraduate,Part II — Power Test,English,English,ENG4 — Sentence Equivalence and Paraphrase,"logical equivalence, concise revision, and clarity",ENG-EQV,Analysis/Evaluation,Moderate,Premium,English,,Which option keeps the original uncertainty? “The leak may have resulted from thermal expansion.”,Thermal expansion definitely caused the leak.,Thermal expansion did not cause the leak.,Every leak is caused by expansion.,The leak could have been caused by thermal expansion.,,D,'May have resulted' and 'could have been caused' express the same uncertainty.,,"Preserve meaning, logical force, and degree of certainty.",70,No calculator,False,Passed,Passed,Approved for Distribution
DOST-W4-149,4,Undergraduate,Part II — Power Test,English,English,ENG4 — Sentence Equivalence and Paraphrase,"logical equivalence, concise revision, and clarity",ENG-EQV,Analysis/Evaluation,Moderate,Premium,English,,Which sentence best combines the ideas? “The coating is inexpensive. It wears away quickly.”,The coating is inexpensive but wears away quickly.,The coating is inexpensive because it wears away quickly.,"The coating wears away, therefore it is always inexpensive.","Although quickly, the coating is inexpensive.",,A,The relationship is contrast.,,"Preserve meaning, logical force, and degree of certainty.",70,No calculator,False,Passed,Passed,Approved for Distribution
DOST-W4-150,4,Undergraduate,Part II — Power Test,English,English,ENG4 — Sentence Equivalence and Paraphrase,"logical equivalence, concise revision, and clarity",ENG-EQV,Analysis/Evaluation,Moderate,Premium,English,,Choose the most concise revision: “The students collaborated together to complete the shared task.”,The students collaborated together for the completion of the shared task.,The students collaborated to complete the task.,Together the students collaborated in order to complete.,The task was shared collaboratively together.,,B,"'Collaborated' already implies working together, and 'shared' is unnecessary.",,"Preserve meaning, logical force, and degree of certainty.",70,No calculator,False,Passed,Passed,Approved for Distribution
DOST-W4-151,4,Undergraduate,Part II — Power Test,English,English,ENG4 — Sentence Equivalence and Paraphrase,"logical equivalence, concise revision, and clarity",ENG-EQV,Analysis/Evaluation,Moderate,Premium,English,,"Which statement is logically equivalent to “Unless the sensor is calibrated, its readings cannot be trusted”?","If the sensor is calibrated, every reading is correct.",The sensor is untrustworthy only when calibrated.,"If the readings can be trusted, the sensor is calibrated.",Calibration and trust are unrelated.,,C,"The contrapositive of 'if not calibrated, then not trustworthy' is valid.",,"Preserve meaning, logical force, and degree of certainty.",70,No calculator,False,Passed,Passed,Approved for Distribution
DOST-W4-152,4,Undergraduate,Part II — Power Test,English,English,ENG4 — Sentence Equivalence and Paraphrase,"logical equivalence, concise revision, and clarity",ENG-EQV,Analysis/Evaluation,Moderate,Premium,English,,Which option uses fully parallel verb forms?,"The program aims to reduce waste, improving safety, and to lower costs.","The program aims at reducing waste, to improve safety, and lower costs.","The program reduces waste, safety improvement, and lowering costs.","The program aims to reduce waste, improve safety, and lower costs.",,D,All three items use the same base verb form.,,"Preserve meaning, logical force, and degree of certainty.",70,No calculator,False,Passed,Passed,Approved for Distribution
DOST-W4-153,4,Undergraduate,Part II — Power Test,English,English,ENG4 — Sentence Equivalence and Paraphrase,"logical equivalence, concise revision, and clarity",ENG-EQV,Analysis/Evaluation,Moderate,Premium,English,,"Which revision removes the ambiguous pronoun? “When Marco emailed Luis, he was already at the laboratory.”","When Marco emailed Luis, Luis was already at the laboratory.","When Marco emailed Luis, he was there.","Emailing Luis, he was at the laboratory.",Marco and Luis emailed because he arrived.,,A,Naming Luis identifies the person at the laboratory.,,"Preserve meaning, logical force, and degree of certainty.",70,No calculator,False,Passed,Passed,Approved for Distribution
DOST-W4-154,4,Undergraduate,Part II — Power Test,English,English,ENG4 — Sentence Equivalence and Paraphrase,"logical equivalence, concise revision, and clarity",ENG-EQV,Analysis/Evaluation,Moderate,Premium,English,,"Choose the best transition: “The prototype met the strength requirement. _____, it was too heavy for portable use.”",Therefore,However,Similarly,For instance,,B,The second sentence contrasts success in strength with a weight limitation.,,"Preserve meaning, logical force, and degree of certainty.",70,No calculator,False,Passed,Passed,Approved for Distribution
DOST-W4-155,4,Undergraduate,Part II — Power Test,English,English,ENG4 — Sentence Equivalence and Paraphrase,"logical equivalence, concise revision, and clarity",ENG-EQV,Analysis/Evaluation,Moderate,Premium,English,,Which statement restates “Few participants completed every optional module” most accurately?,No participant completed any module.,Most completed every optional module.,A small number completed all optional modules.,The modules were required.,,C,"'Few' means a small number, not zero.",,"Preserve meaning, logical force, and degree of certainty.",70,No calculator,False,Passed,Passed,Approved for Distribution
DOST-W4-156,4,Undergraduate,Part II — Power Test,English,English,ENG5 — Paragraph Development and Organization,"organization, relevance, and evidence",ENG-PASS,Analysis/Evaluation,Moderate,Free,English,,"A paragraph defines renewable energy, divides it into solar, wind, hydro, and geothermal sources, and gives an example of each. What pattern is used?",chronological narration,spatial order,dialogue,classification with examples,,D,The topic is divided into categories and illustrated.,,Identify the paragraph's central purpose and how details support it.,65,No calculator,False,Passed,Passed,Approved for Distribution
DOST-W4-157,4,Undergraduate,Part II — Power Test,English,English,ENG5 — Paragraph Development and Organization,"organization, relevance, and evidence",ENG-PASS,Analysis/Evaluation,Moderate,Premium,English,,"A paragraph explains how fertilizer runoff promotes algal growth, which then lowers dissolved oxygen. What pattern dominates?",cause and effect,comparison only,definition only,personal narrative,,A,The paragraph traces a chain of causes and effects.,,Identify the paragraph's central purpose and how details support it.,65,No calculator,False,Passed,Passed,Approved for Distribution
DOST-W4-158,4,Undergraduate,Part II — Power Test,English,English,ENG5 — Paragraph Development and Organization,"organization, relevance, and evidence",ENG-PASS,Analysis/Evaluation,Moderate,Premium,English,,Which sentence best concludes a paragraph recommending regular backup testing?,Computers can store files.,"Therefore, scheduled backup tests should be part of the organization's continuity plan.",Some offices have windows.,A backup is a copy.,,B,The sentence restates the recommendation and its purpose.,,Identify the paragraph's central purpose and how details support it.,65,No calculator,False,Passed,Passed,Approved for Distribution
DOST-W4-159,4,Undergraduate,Part II — Power Test,English,English,ENG5 — Paragraph Development and Organization,"organization, relevance, and evidence",ENG-PASS,Analysis/Evaluation,Moderate,Premium,English,,"A paragraph explains how to collect a water sample, preserve it, label it, and transport it. Which pattern is used?",classification,comparison,process sequence,argument from authority,,C,It presents ordered procedural steps.,,Identify the paragraph's central purpose and how details support it.,65,No calculator,False,Passed,Passed,Approved for Distribution
DOST-W4-160,4,Undergraduate,Part II — Power Test,English,English,ENG5 — Paragraph Development and Organization,"organization, relevance, and evidence",ENG-PASS,Analysis/Evaluation,Moderate,Premium,English,,Which evidence best supports the claim that a redesigned intersection reduced congestion?,The traffic lights are new.,The road has lane markings.,The intersection is near a school.,Average peak travel time fell during matched weekdays after the redesign.,,D,Matched travel-time data directly test congestion.,,Identify the paragraph's central purpose and how details support it.,65,No calculator,False,Passed,Passed,Approved for Distribution
DOST-W4-161,4,Undergraduate,Part II — Power Test,English,English,ENG5 — Paragraph Development and Organization,"organization, relevance, and evidence",ENG-PASS,Analysis/Evaluation,Moderate,Premium,English,,Which sentence is least relevant in a paragraph about preventing electrical overload?,The school garden grows tomatoes.,Use properly rated fuses.,Avoid connecting too many high-power devices to one circuit.,Inspect damaged cords.,,A,The gardening detail is unrelated.,,Identify the paragraph's central purpose and how details support it.,65,No calculator,False,Passed,Passed,Approved for Distribution
DOST-W4-162,4,Undergraduate,Part II — Power Test,English,English,ENG5 — Paragraph Development and Organization,"organization, relevance, and evidence",ENG-PASS,Analysis/Evaluation,Moderate,Premium,English,,"A paragraph identifies high food waste, explains poor inventory rotation as a major cause, and proposes first-in-first-out storage. What pattern is used?",chronological biography,problem-cause-solution,definition only,spatial description,,B,"It presents a problem, explains a cause, and offers a solution.",,Identify the paragraph's central purpose and how details support it.,65,No calculator,False,Passed,Passed,Approved for Distribution
DOST-W4-163,4,Undergraduate,Part II — Power Test,English,English,ENG5 — Paragraph Development and Organization,"organization, relevance, and evidence",ENG-PASS,Analysis/Evaluation,Moderate,Premium,English,,"A paragraph compares LED and fluorescent lamps by energy use, lifetime, cost, and disposal requirements. What organization is used?",process,cause only,comparison-contrast,narrative,,C,The same criteria are applied to two alternatives.,,Identify the paragraph's central purpose and how details support it.,65,No calculator,False,Passed,Passed,Approved for Distribution
DOST-W4-164,4,Undergraduate,Part II — Power Test,English,English,ENG5 — Paragraph Development and Organization,"organization, relevance, and evidence",ENG-PASS,Analysis/Evaluation,Moderate,Premium,English,,Which is the strongest topic sentence for a paragraph on reducing indoor heat?,Heat is measured in joules.,Some roofs are red.,Buildings have doors.,"Buildings can reduce indoor heat through shading, ventilation, reflective surfaces, and insulation.",,D,It states a clear controlling idea with several supportable strategies.,,Identify the paragraph's central purpose and how details support it.,65,No calculator,False,Passed,Passed,Approved for Distribution
DOST-W4-165,4,Undergraduate,Part II — Power Test,English,English,ENG5 — Paragraph Development and Organization,"organization, relevance, and evidence",ENG-PASS,Analysis/Evaluation,Moderate,Premium,English,,"A paragraph states a general rule about soil erosion, then describes a protected slope that does not follow the rule because of dense vegetation. Which structure is used?",generalization followed by an exception,pure chronology,unrelated listing,spatial description,,A,The paragraph moves from a broad pattern to a meaningful exception.,,Identify the paragraph's central purpose and how details support it.,65,No calculator,False,Passed,Passed,Approved for Distribution
DOST-W4-166,4,Undergraduate,Part II — Power Test,English,English,ENG6 — Reading Comprehension,"main idea, detail, inference, and qualification",ENG-PASS,Analysis/Evaluation,Moderate,Free,English,W4-ENG-P1,What is the central lesson of the river-sensor passage?,Rivers have identical temperatures everywhere.,Measurement design must separate true site differences from placement effects.,Sunlight never affects sensors.,Downstream water is always hot.,,B,Standardized placement reduced the extreme difference.,,Answer only what the passage directly supports.,95,No calculator,False,Passed,Passed,Approved for Distribution
DOST-W4-167,4,Undergraduate,Part II — Power Test,English,English,ENG6 — Reading Comprehension,"main idea, detail, inference, and qualification",ENG-PASS,Analysis/Evaluation,Difficult,Premium,English,W4-ENG-P1,Why were the first downstream readings misleading?,The river had no current.,The other sensors were broken.,The sensor was shallow and directly exposed to sunlight.,Buildings cooled the water.,,C,Placement increased heating at the sensor location.,,Answer only what the passage directly supports.,95,No calculator,False,Passed,Passed,Approved for Distribution
DOST-W4-168,4,Undergraduate,Part II — Power Test,English,English,ENG6 — Reading Comprehension,"main idea, detail, inference, and qualification",ENG-PASS,Analysis/Evaluation,Difficult,Premium,English,W4-ENG-P1,What remained after standardization?,All sites became identical.,The downstream site became coldest.,No measurements were possible.,The downstream site was still slightly warmer.,,D,The passage says a smaller site difference remained.,,Answer only what the passage directly supports.,95,No calculator,False,Passed,Passed,Approved for Distribution
DOST-W4-169,4,Undergraduate,Part II — Power Test,English,English,ENG6 — Reading Comprehension,"main idea, detail, inference, and qualification",ENG-PASS,Analysis/Evaluation,Difficult,Premium,English,W4-ENG-P2,What change improved the lending program?,"Adding guidance, safety orientation, and maintenance checks",Removing all instructions,Allowing only experts to borrow,Buying no replacement tools,,A,Training and upkeep reduced damage and injuries.,,Answer only what the passage directly supports.,95,No calculator,False,Passed,Passed,Approved for Distribution
DOST-W4-170,4,Undergraduate,Part II — Power Test,English,English,ENG6 — Reading Comprehension,"main idea, detail, inference, and qualification",ENG-PASS,Analysis/Evaluation,Difficult,Premium,English,W4-ENG-P2,What trade-off occurred after the changes?,Borrowing stopped completely.,"Borrowing slowed slightly, but equipment lasted longer and injuries declined.",Damage increased while use increased.,Maintenance became unnecessary.,,B,The program accepted a small slowdown for better outcomes.,,Answer only what the passage directly supports.,95,No calculator,False,Passed,Passed,Approved for Distribution
DOST-W4-171,4,Undergraduate,Part II — Power Test,English,English,ENG6 — Reading Comprehension,"main idea, detail, inference, and qualification",ENG-PASS,Analysis/Evaluation,Difficult,Premium,English,W4-ENG-P2,What broader point does the passage make?,Access alone guarantees safe use.,Instructions always reduce program value.,Access works best when paired with user guidance and maintenance.,Tool damage cannot be prevented.,,C,"The final sentence explicitly links success to access, guidance, and upkeep.",,Answer only what the passage directly supports.,95,No calculator,False,Passed,Passed,Approved for Distribution
DOST-W4-172,4,Undergraduate,Part II — Power Test,English,English,ENG6 — Reading Comprehension,"main idea, detail, inference, and qualification",ENG-PASS,Analysis/Evaluation,Difficult,Premium,English,W4-ENG-P3,Which conclusion is best supported?,The coating cooled the surface equally at all times.,Dark asphalt was cooler during sunny afternoons.,Maintenance needs were already known.,The coating reduced daytime solar heating but did not keep the surface cooler all night.,,D,"The temperature difference appeared in sunny afternoons, not at night.",,Answer only what the passage directly supports.,95,No calculator,False,Passed,Passed,Approved for Distribution
DOST-W4-173,4,Undergraduate,Part II — Power Test,English,English,ENG6 — Reading Comprehension,"main idea, detail, inference, and qualification",ENG-PASS,Analysis/Evaluation,Difficult,Premium,English,W4-ENG-P3,Why did investigators recommend further study?,Other practical effects such as glare and durability were not yet evaluated.,The surfaces were different sizes.,No temperatures were measured.,The coating had already failed.,,A,Wider adoption requires information beyond temperature.,,Answer only what the passage directly supports.,95,No calculator,False,Passed,Passed,Approved for Distribution
DOST-W4-174,4,Undergraduate,Part II — Power Test,English,English,ENG6 — Reading Comprehension,"main idea, detail, inference, and qualification",ENG-PASS,Analysis/Evaluation,Difficult,Premium,English,W4-ENG-P3,The phrase “did not claim” mainly shows that the investigators:,rejected all results,limited their conclusion to the evidence,were unable to measure temperature,proved nighttime cooling,,B,They avoided overgeneralizing.,,Answer only what the passage directly supports.,95,No calculator,False,Passed,Passed,Approved for Distribution
DOST-W4-175,4,Undergraduate,Part II — Power Test,English,English,ENG6 — Reading Comprehension,"main idea, detail, inference, and qualification",ENG-PASS,Analysis/Evaluation,Difficult,Premium,English,W4-ENG-P4,What determines whether reusable packaging is advantageous?,Color alone,Whether the container is heavier,"Actual reuse count, washing method, and transport distance",Purchase date only,,C,The passage lists these conditions.,,Answer only what the passage directly supports.,95,No calculator,False,Passed,Passed,Approved for Distribution
DOST-W4-176,4,Undergraduate,Part II — Power Test,English,English,ENG6 — Reading Comprehension,"main idea, detail, inference, and qualification",ENG-PASS,Analysis/Evaluation,Difficult,Premium,English,W4-ENG-P4,What is the author's central position?,Disposable packaging is always superior.,Reuse has no environmental cost.,Washing never matters.,"Reusable packaging can be better, but its benefit depends on how the system is operated.",,D,The conclusion is conditional rather than absolute.,,Answer only what the passage directly supports.,95,No calculator,False,Passed,Passed,Approved for Distribution
DOST-W4-177,4,Undergraduate,Part II — Power Test,English,English,ENG6 — Reading Comprehension,"main idea, detail, inference, and qualification",ENG-PASS,Analysis/Evaluation,Difficult,Premium,English,W4-ENG-P4,Why might a reusable container perform poorly environmentally?,It may be used too few times or washed and transported inefficiently.,It always contains less material.,It creates no washing demand.,It cannot be transported.,,A,The passage identifies low reuse and resource-intensive handling as limiting factors.,,Answer only what the passage directly supports.,95,No calculator,False,Passed,Passed,Approved for Distribution
DOST-W4-178,4,Undergraduate,Part II — Power Test,English,English,ENG6 — Reading Comprehension,"main idea, detail, inference, and qualification",ENG-PASS,Analysis/Evaluation,Difficult,Premium,English,W4-ENG-P5,Why was the direct route not chosen?,It was too long.,It required difficult construction and greater erosion control.,It followed stable ground.,It was accessible to more visitors.,,B,The direct climb created practical and environmental problems.,,Answer only what the passage directly supports.,95,No calculator,False,Passed,Passed,Approved for Distribution
DOST-W4-179,4,Undergraduate,Part II — Power Test,English,English,ENG6 — Reading Comprehension,"main idea, detail, inference, and qualification",ENG-PASS,Analysis/Evaluation,Difficult,Premium,English,W4-ENG-P5,What principle does the path decision illustrate?,The shortest route is always best.,Long routes require no maintenance.,"Practical optimization may balance distance, slope, access, and environmental risk.",Slope does not affect construction.,,C,Several criteria mattered more than distance alone.,,Answer only what the passage directly supports.,95,No calculator,False,Passed,Passed,Approved for Distribution
DOST-W4-180,4,Undergraduate,Part II — Power Test,English,English,ENG6 — Reading Comprehension,"main idea, detail, inference, and qualification",ENG-PASS,Analysis/Evaluation,Difficult,Premium,English,W4-ENG-P5,Which feature favored the selected route?,It climbed directly upward.,It required more steps.,It increased runoff risk.,It followed more stable ground with a gentler slope.,,D,The selected route reduced construction and erosion challenges.,,Answer only what the passage directly supports.,95,No calculator,False,Passed,Passed,Approved for Distribution
DOST-W4-181,4,Undergraduate,Part II — Power Test,Science,Biology,BIO1 — Cells and Microscopy,facilitated diffusion,SCI-APP,Recognition/Recall,Easy,Free,English,,Glucose enters a cell through a membrane carrier from high concentration to low concentration without ATP. This is:,facilitated diffusion,active transport,endocytosis,osmosis only,,A,A transport protein assists passive movement down the concentration gradient.,,Facilitated diffusion is passive but protein-mediated.,110,No calculator,False,Passed,Passed,Approved for Distribution
DOST-W4-182,4,Undergraduate,Part II — Power Test,Science,Biology,BIO1 — Cells and Microscopy,organelle function,SCI-APP,Recognition/Recall,Easy,Premium,English,,Which organelle modifies and packages many proteins for secretion?,nucleolus,Golgi apparatus,centriole,cell wall,,B,The Golgi apparatus processes and sorts proteins into vesicles.,,Follow the endomembrane pathway from rough ER to Golgi to vesicles.,82,No calculator,False,Passed,Passed,Approved for Distribution
DOST-W4-183,4,Undergraduate,Part II — Power Test,Science,Biology,BIO1 — Cells and Microscopy,surface area-volume ratio,SCI-APP,Analysis/Evaluation,Difficult,Premium,English,,Why do very large cells have difficulty exchanging materials efficiently?,Their DNA disappears.,Their membranes become impermeable to all molecules.,Their surface area does not increase as fast as their volume.,Their cytoplasm has no water.,,C,Volume and metabolic demand grow faster than membrane surface area.,,Small cells have a larger surface-area-to-volume ratio.,145,No calculator,False,Passed,Passed,Approved for Distribution
DOST-W4-184,4,Undergraduate,Part II — Power Test,Science,Biology,BIO1 — Cells and Microscopy,mitotic spindle,SCI-APP,Recognition/Recall,Easy,Premium,English,,What is the main role of spindle fibers during mitosis?,They synthesize glucose.,They form the cell wall in animals.,They digest proteins.,They move duplicated chromosomes to opposite sides of the cell.,,D,Spindle microtubules attach to chromosomes and separate chromatids.,,Mitosis distributes duplicated genetic material.,110,No calculator,False,Passed,Passed,Approved for Distribution
DOST-W4-185,4,Undergraduate,Part II — Power Test,Science,Biology,BIO1 — Cells and Microscopy,tonicity,SCI-APP,Single-step Application,Moderate,Premium,English,,An animal cell shrinks after being placed in a solution. The surrounding solution is most likely:,hypertonic,hypotonic,isotonic only,pure water,,A,A hypertonic solution draws water out of the cell by osmosis.,,Water moves toward the side with higher effective solute concentration.,82,No calculator,False,Passed,Passed,Approved for Distribution
DOST-W4-186,4,Undergraduate,Part II — Power Test,Science,Biology,BIO2 — Biomolecules and Metabolism,enzyme optimum,SCI-DATA,Recognition/Recall,Easy,Free,English,W4-BIOENZ-077,"According to the table, at which tested temperature was enzyme activity highest?",10°C,40°C,25°C,60°C,,B,"The greatest product amount, 18 mg, occurred at 40°C.",,Use product formed per fixed time as a measure of activity.,82,No calculator,True,Passed,Passed,Approved for Distribution
DOST-W4-187,4,Undergraduate,Part II — Power Test,Science,Biology,BIO2 — Biomolecules and Metabolism,enzyme denaturation,SCI-DATA,Analysis/Evaluation,Moderate,Premium,English,W4-BIOENZ-077,Why was activity much lower at 60°C than at 40°C?,The substrate became DNA.,All collisions stopped at high temperature.,The enzyme may have lost its functional shape.,Temperature removed every atom.,,C,High temperature can disrupt the bonds maintaining enzyme structure.,,Very high temperature can denature proteins.,110,No calculator,True,Passed,Passed,Approved for Distribution
DOST-W4-188,4,Undergraduate,Part II — Power Test,Science,Biology,BIO2 — Biomolecules and Metabolism,glycolysis,SCI-APP,Recognition/Recall,Easy,Premium,English,,Glycolysis occurs in the:,nucleus,Golgi apparatus,lysosome,cytoplasm,,D,The enzymes of glycolysis operate in the cytosol.,,Glycolysis precedes mitochondrial stages of aerobic respiration.,82,No calculator,False,Passed,Passed,Approved for Distribution
DOST-W4-189,4,Undergraduate,Part II — Power Test,Science,Biology,BIO2 — Biomolecules and Metabolism,energy coupling,SCI-APP,Analysis/Evaluation,Difficult,Premium,English,,ATP hydrolysis can drive an unfavorable reaction because it:,releases usable free energy when coupled to that reaction,creates matter,removes all enzymes,always lowers temperature,,A,Cells couple ATP breakdown to energy-requiring processes.,,Coupled reactions allow overall favorable energy transfer.,145,No calculator,False,Passed,Passed,Approved for Distribution
DOST-W4-190,4,Undergraduate,Part II — Power Test,Science,Biology,BIO2 — Biomolecules and Metabolism,macromolecule,SCI-APP,Recognition/Recall,Easy,Premium,English,,Which biomolecule class includes enzymes and antibodies?,lipids,proteins,nucleic acids only,simple sugars only,,B,Most enzymes and antibodies are proteins.,,Protein shape supports diverse cellular functions.,82,No calculator,False,Passed,Passed,Approved for Distribution
DOST-W4-191,4,Undergraduate,Part II — Power Test,Science,Biology,BIO3 — Genetics and Molecular Biology,transcription,SCI-APP,Recognition/Recall,Easy,Free,English,,"During transcription, RNA is synthesized using:",a protein as a template,a lipid bilayer,one DNA strand as a template,a ribosome as DNA,,C,RNA polymerase reads a DNA template strand.,,Transcription transfers genetic information from DNA to RNA.,82,No calculator,False,Passed,Passed,Approved for Distribution
DOST-W4-192,4,Undergraduate,Part II — Power Test,Science,Biology,BIO3 — Genetics and Molecular Biology,codon mutation,SCI-APP,Recognition/Recall,Moderate,Premium,English,,A base substitution changes one codon but does not change the encoded amino acid. This is a:,frameshift mutation,nonsense mutation necessarily,chromosome deletion,silent mutation,,D,"Because of genetic-code redundancy, some substitutions do not alter amino acid sequence.",,Not every DNA sequence change changes a protein.,110,No calculator,False,Passed,Passed,Approved for Distribution
DOST-W4-193,4,Undergraduate,Part II — Power Test,Science,Biology,BIO3 — Genetics and Molecular Biology,monohybrid probability,SCI-APP,Single-step Application,Moderate,Premium,English,,"Two heterozygous parents, Aa × Aa, have what probability of an aa offspring?",1/4,1/2,3/4,1,,A,"The genotypes are AA, Aa, Aa, and aa.","Punnett outcomes: 1 AA, 2 Aa, 1 aa",A heterozygous monohybrid cross gives a 1:2:1 genotype ratio.,82,No calculator,False,Passed,Passed,Approved for Distribution
DOST-W4-194,4,Undergraduate,Part II — Power Test,Science,Biology,BIO3 — Genetics and Molecular Biology,linkage,SCI-APP,Analysis/Evaluation,Difficult,Premium,English,,Genes located very close together on the same chromosome tend to:,assort independently in every meiosis,be inherited together more often than genes far apart,mutate into identical genes,produce no proteins,,B,Crossing over is less likely to occur between nearby loci.,,Recombination frequency increases with distance between linked genes.,145,No calculator,False,Passed,Passed,Approved for Distribution
DOST-W4-195,4,Undergraduate,Part II — Power Test,Science,Biology,BIO3 — Genetics and Molecular Biology,epigenetics,SCI-APP,Analysis/Evaluation,Difficult,Premium,English,,DNA methylation can affect phenotype by changing:,the number of protons in DNA,the universal genetic code,gene expression without altering the DNA base sequence,every chromosome into RNA,,C,Epigenetic marks can influence whether genes are active.,,Gene regulation can change without changing nucleotide sequence.,145,No calculator,False,Passed,Passed,Approved for Distribution
DOST-W4-196,4,Undergraduate,Part II — Power Test,Science,Biology,BIO4 — Evolution and Classification,genetic drift,SCI-APP,Recognition/Recall,Moderate,Free,English,,A storm randomly kills most members of a small population. The surviving allele frequencies differ greatly from before. This is:,artificial selection,gene therapy,adaptive radiation only,a bottleneck effect,,D,A sudden population reduction can cause random genetic drift.,,Bottlenecks reduce diversity and alter allele frequencies by chance.,110,No calculator,False,Passed,Passed,Approved for Distribution
DOST-W4-197,4,Undergraduate,Part II — Power Test,Science,Biology,BIO4 — Evolution and Classification,selection type,SCI-APP,Analysis/Evaluation,Moderate,Premium,English,,"In a bird population, very small and very large beaks survive better than medium beaks. This pattern is:",disruptive selection,stabilizing selection,directional selection,no selection,,A,Both extremes are favored over the intermediate phenotype.,,Disruptive selection can increase variation.,110,No calculator,False,Passed,Passed,Approved for Distribution
DOST-W4-198,4,Undergraduate,Part II — Power Test,Science,Biology,BIO4 — Evolution and Classification,homology,SCI-APP,Analysis/Evaluation,Moderate,Premium,English,,"The forelimbs of humans, whales, and bats share a similar bone pattern. This is evidence of:",identical function,common ancestry,independent creation of every bone,no evolutionary relationship,,B,Homologous structures retain an inherited underlying pattern.,,"Homology concerns shared origin, not necessarily shared function.",110,No calculator,False,Passed,Passed,Approved for Distribution
DOST-W4-199,4,Undergraduate,Part II — Power Test,Science,Biology,BIO4 — Evolution and Classification,Hardy-Weinberg,SCI-APP,Recognition/Recall,Moderate,Premium,English,,A population in Hardy-Weinberg equilibrium is assumed to have:,strong selection and migration,a very small size,random mating and no evolutionary forces changing allele frequencies,frequent mutation,,C,"The model assumes large size, random mating, and no selection, migration, or mutation.",,Hardy-Weinberg is a null model for allele-frequency stability.,145,No calculator,False,Passed,Passed,Approved for Distribution
DOST-W4-200,4,Undergraduate,Part II — Power Test,Science,Biology,BIO4 — Evolution and Classification,adaptive radiation,SCI-APP,Recognition/Recall,Moderate,Premium,English,,Many species evolve from one ancestral species as they occupy different ecological niches. This is:,genetic cloning,mass extinction only,artificial insemination,adaptive radiation,,D,Diversification into distinct niches is adaptive radiation.,,Ecological opportunity can promote rapid lineage diversification.,110,No calculator,False,Passed,Passed,Approved for Distribution
DOST-W4-201,4,Undergraduate,Part II — Power Test,Science,Biology,BIO5 — Ecology and Populations,logistic growth,SCI-DATA,Analysis/Evaluation,Moderate,Free,English,W4-BIOPOP-078,What pattern is shown by the lizard population table?,Rapid growth followed by leveling near a carrying capacity,Continuous exponential growth without limit,Steady decline,No population change,,A,Growth slows and the population stabilizes near 275–278.,,Logistic growth levels as limiting factors increase.,110,No calculator,True,Passed,Passed,Approved for Distribution
DOST-W4-202,4,Undergraduate,Part II — Power Test,Science,Biology,BIO5 — Ecology and Populations,carrying capacity estimate,SCI-DATA,Single-step Application,Moderate,Premium,English,W4-BIOPOP-078,"Based on the table, the carrying capacity is closest to:",120,280,190,250,,B,The population levels near 275–278 individuals.,,Estimate carrying capacity from the long-term plateau.,82,No calculator,True,Passed,Passed,Approved for Distribution
DOST-W4-203,4,Undergraduate,Part II — Power Test,Science,Biology,BIO5 — Ecology and Populations,primary productivity,SCI-APP,Recognition/Recall,Moderate,Premium,English,,Net primary productivity equals:,all consumer energy,sunlight reaching Earth,energy fixed by producers minus their respiratory use,decomposer biomass only,,C,NPP is the producer energy available for growth and consumers after respiration.,,NPP = gross primary productivity − producer respiration.,145,No calculator,False,Passed,Passed,Approved for Distribution
DOST-W4-204,4,Undergraduate,Part II — Power Test,Science,Biology,BIO5 — Ecology and Populations,niche competition,SCI-APP,Analysis/Evaluation,Moderate,Premium,English,,Two species using exactly the same limiting resource in the same way are likely to experience:,mutualism necessarily,no interaction,photosynthesis,strong competition,,D,Substantial niche overlap creates competition when the resource is limiting.,,Resource limitation determines the strength of competition.,110,No calculator,False,Passed,Passed,Approved for Distribution
DOST-W4-205,4,Undergraduate,Part II — Power Test,Science,Biology,BIO5 — Ecology and Populations,ecological restoration,SCI-APP,Analysis/Evaluation,Moderate,Premium,English,,Why can reintroducing native vegetation improve a degraded watershed?,Roots stabilize soil and vegetation slows runoff.,Plants eliminate all storms.,Roots make soil completely impermeable.,Vegetation prevents evaporation entirely.,,A,Native vegetation can reduce erosion and increase infiltration.,,Restoration can rebuild ecosystem functions as well as species presence.,110,No calculator,False,Passed,Passed,Approved for Distribution
DOST-W4-206,4,Undergraduate,Part II — Power Test,Science,Biology,BIO6 — Human Systems and Reproduction,cardiac circulation,SCI-APP,Recognition/Recall,Easy,Free,English,,Blood leaving the right ventricle travels next through the:,aorta,pulmonary artery,pulmonary vein,vena cava,,B,The right ventricle pumps deoxygenated blood toward the lungs.,,"Trace circulation by chamber, valve, and vessel.",82,No calculator,False,Passed,Passed,Approved for Distribution
DOST-W4-207,4,Undergraduate,Part II — Power Test,Science,Biology,BIO6 — Human Systems and Reproduction,kidney regulation,SCI-APP,Analysis/Evaluation,Difficult,Premium,English,,Antidiuretic hormone increases water conservation by making kidney collecting ducts:,impermeable to salts only,produce glucose,more permeable to water,stop filtering blood,,C,More water is reabsorbed from the filtrate when ADH is high.,,ADH helps regulate body-water balance.,145,No calculator,False,Passed,Passed,Approved for Distribution
DOST-W4-208,4,Undergraduate,Part II — Power Test,Science,Biology,BIO6 — Human Systems and Reproduction,immune specificity,SCI-APP,Analysis/Evaluation,Moderate,Premium,English,,Why does a second exposure to the same pathogen often produce a faster immune response?,Red blood cells remember antigens.,The pathogen loses all genes.,Skin becomes thicker immediately.,Memory cells formed after the first exposure.,,D,Memory lymphocytes respond rapidly to a familiar antigen.,,Adaptive immunity produces immunological memory.,110,No calculator,False,Passed,Passed,Approved for Distribution
DOST-W4-209,4,Undergraduate,Part II — Power Test,Science,Biology,BIO6 — Human Systems and Reproduction,digestion enzyme,SCI-APP,Recognition/Recall,Easy,Premium,English,,Which enzyme begins protein digestion in the stomach?,pepsin,amylase,lipase only,DNA polymerase,,A,Pepsin functions in the acidic stomach environment.,,Different digestive enzymes target different macromolecules.,82,No calculator,False,Passed,Passed,Approved for Distribution
DOST-W4-210,4,Undergraduate,Part II — Power Test,Science,Biology,BIO6 — Human Systems and Reproduction,blood glucose,SCI-APP,Recognition/Recall,Moderate,Premium,English,,Glucagon raises blood glucose mainly by stimulating the liver to:,store more glucose as glycogen,break down glycogen and release glucose,remove all insulin,absorb calcium,,B,Glucagon promotes glycogen breakdown and glucose release.,,Insulin and glucagon have opposing effects on blood glucose.,110,No calculator,False,Passed,Passed,Approved for Distribution
DOST-W4-211,4,Undergraduate,Part II — Power Test,Science,Biology,BIO8 — Plant Biology,water transport,SCI-APP,Analysis/Evaluation,Difficult,Free,English,,The upward movement of water through xylem is strongly supported by:,active pumping by every xylem cell,phloem pressure only,transpiration pull and cohesion between water molecules,seed germination,,C,Evaporation from leaves creates tension transmitted through cohesive water columns.,,The cohesion-tension mechanism explains much xylem transport.,145,No calculator,False,Passed,Passed,Approved for Distribution
DOST-W4-212,4,Undergraduate,Part II — Power Test,Science,Biology,BIO8 — Plant Biology,guard cells,SCI-APP,Recognition/Recall,Moderate,Premium,English,,"When guard cells lose water and become less turgid, the stomatal pore generally:",opens wider,becomes xylem,produces pollen,closes,,D,Reduced guard-cell turgor closes the pore and reduces water loss.,,Guard-cell turgor controls stomatal opening.,110,No calculator,False,Passed,Passed,Approved for Distribution
DOST-W4-213,4,Undergraduate,Part II — Power Test,Science,Biology,BIO8 — Plant Biology,photoperiodism,SCI-APP,Recognition/Recall,Easy,Premium,English,,Photoperiodism is a plant response to:,relative lengths of day and night,soil pH only,wind speed only,gravity direction only,,A,Many flowering and dormancy responses depend on photoperiod.,,Plants measure seasonal light cycles.,82,No calculator,False,Passed,Passed,Approved for Distribution
DOST-W4-214,4,Undergraduate,Part II — Power Test,Science,Biology,BIO8 — Plant Biology,double fertilization,SCI-APP,Recognition/Recall,Moderate,Premium,English,,"In flowering plants, double fertilization produces a zygote and:",a second embryo only,endosperm,xylem,pollen grains,,B,One sperm fertilizes the egg; another contributes to endosperm formation.,,Double fertilization is characteristic of angiosperms.,145,No calculator,False,Passed,Passed,Approved for Distribution
DOST-W4-215,4,Undergraduate,Part II — Power Test,Science,Biology,BIO8 — Plant Biology,mineral deficiency,SCI-APP,Analysis/Evaluation,Moderate,Premium,English,,A plant with insufficient nitrogen may show poor growth because nitrogen is needed for:,cellulose only,water molecules,amino acids and nucleic acids,carbon dioxide uptake only,,C,Nitrogen is a component of proteins and nucleic acids.,,Mineral nutrients support specific biochemical structures.,110,No calculator,False,Passed,Passed,Approved for Distribution
DOST-W4-216,4,Undergraduate,Part II — Power Test,Science,Biology,BIO7 — Scientific Investigation,random assignment,SCI-APP,Analysis/Evaluation,Moderate,Free,English,,Why is random assignment useful in a treatment experiment?,It guarantees a large effect.,It removes the need for controls.,It changes the independent variable.,It helps distribute pre-existing differences between groups.,,D,Random assignment reduces systematic group differences.,,Random sampling and random assignment solve different problems.,110,No calculator,False,Passed,Passed,Approved for Distribution
DOST-W4-217,4,Undergraduate,Part II — Power Test,Science,Biology,BIO7 — Scientific Investigation,confounding variable,SCI-APP,Analysis/Evaluation,Difficult,Premium,English,,A fertilizer study gives the treatment plants more sunlight than the controls. Sunlight is a:,confounding variable,dependent variable only,constant,placebo,,A,Sunlight differs with treatment and can affect growth independently.,,A confounder offers an alternative explanation for the result.,110,No calculator,False,Passed,Passed,Approved for Distribution
DOST-W4-218,4,Undergraduate,Part II — Power Test,Science,Biology,BIO7 — Scientific Investigation,error bars,SCI-APP,Analysis/Evaluation,Difficult,Premium,English,,Overlapping error bars on two means generally suggest that:,the means are definitely identical,the apparent difference may be uncertain and needs formal analysis,the experiment has no data,one group caused the other,,B,Error bars display uncertainty but do not alone provide a universal significance rule.,,Interpret uncertainty cautiously and use the stated error measure.,145,No calculator,False,Passed,Passed,Approved for Distribution
DOST-W4-219,4,Undergraduate,Part II — Power Test,Science,Biology,BIO7 — Scientific Investigation,replication level,SCI-APP,Analysis/Evaluation,Difficult,Premium,English,,Why are several organisms in one tank not always true independent replicates?,They have different cells.,They are all alive.,They share the same tank environment and treatment unit.,They can be measured.,,C,"The tank, not each organism, may be the independent experimental unit.",,Avoid pseudoreplication by identifying the true treatment unit.,145,No calculator,False,Passed,Passed,Approved for Distribution
DOST-W4-220,4,Undergraduate,Part II — Power Test,Science,Biology,BIO7 — Scientific Investigation,operational control,SCI-APP,Analysis/Evaluation,Difficult,Premium,English,,A study of 'stress' measures salivary cortisol at the same time each day. Why is timing controlled?,Time changes DNA sequence.,Saliva contains no hormones.,Stress cannot be measured.,Cortisol naturally varies over the day.,,D,Daily hormonal rhythms could otherwise confound group comparisons.,,Control known biological cycles during measurement.,110,No calculator,False,Passed,Passed,Approved for Distribution
DOST-W4-221,4,Undergraduate,Part II — Power Test,Science,Chemistry,"CHEM1 — Matter, Measurement, and Atomic Structure",subatomic particles,SCI-APP,Single-step Application,Moderate,Free,English,,An atom has atomic number 17 and mass number 37. How many neutrons does it contain?,20,17,37,54,,A,Neutrons=mass number−atomic number=37−17=20.,37−17=20,Mass number counts protons plus neutrons.,82,No calculator,False,Passed,Passed,Approved for Distribution
DOST-W4-222,4,Undergraduate,Part II — Power Test,Science,Chemistry,"CHEM1 — Matter, Measurement, and Atomic Structure",cation formation,SCI-APP,Recognition/Recall,Easy,Premium,English,,"When a neutral aluminum atom forms Al³⁺, it:",gains three electrons,loses three electrons,loses three protons,gains three neutrons,,B,A 3+ charge results from losing three electrons.,,"Ion charge changes by electron transfer, not proton loss.",82,No calculator,False,Passed,Passed,Approved for Distribution
DOST-W4-223,4,Undergraduate,Part II — Power Test,Science,Chemistry,"CHEM1 — Matter, Measurement, and Atomic Structure",orbital capacity,SCI-APP,Recognition/Recall,Easy,Premium,English,,What is the maximum number of electrons in one orbital?,1,6,2,8,,C,An orbital can contain two electrons with opposite spins.,,Distinguish an orbital from a subshell.,82,No calculator,False,Passed,Passed,Approved for Distribution
DOST-W4-224,4,Undergraduate,Part II — Power Test,Science,Chemistry,"CHEM1 — Matter, Measurement, and Atomic Structure",atomic radius trend,SCI-APP,Analysis/Evaluation,Difficult,Premium,English,,Atomic radius generally decreases across a period because:,new shells are added at every step,nuclear charge decreases,shielding becomes infinite,effective nuclear charge increases while electrons enter the same main shell,,D,Greater effective nuclear attraction pulls valence electrons closer.,,"Periodic trends follow shell number, shielding, and effective nuclear charge.",145,No calculator,False,Passed,Passed,Approved for Distribution
DOST-W4-225,4,Undergraduate,Part II — Power Test,Science,Chemistry,"CHEM1 — Matter, Measurement, and Atomic Structure",dimensional conversion,SCI-APP,Single-step Application,Moderate,Premium,English,,A liquid volume of 2.5 L equals:,"2,500 mL",25 mL,250 mL,"25,000 mL",,A,"One liter equals 1,000 mL, so 2.5 L=2,500 mL.",2.5×1000=2500,Use unit factors that cancel unwanted units.,82,No calculator,False,Passed,Passed,Approved for Distribution
DOST-W4-226,4,Undergraduate,Part II — Power Test,Science,Chemistry,CHEM2 — Periodic Trends and Bonding,Lewis octet,SCI-APP,Analysis/Evaluation,Moderate,Free,English,,A chlorine atom tends to form Cl⁻ because it needs:,one fewer proton,one additional electron to complete its valence shell,seven fewer neutrons,a new nucleus,,B,Chlorine has seven valence electrons and gains one to complete an octet.,,Main-group ion formation often follows valence-shell completion.,110,No calculator,False,Passed,Passed,Approved for Distribution
DOST-W4-227,4,Undergraduate,Part II — Power Test,Science,Chemistry,CHEM2 — Periodic Trends and Bonding,VSEPR shape,SCI-APP,Recognition/Recall,Easy,Premium,English,,A central atom with four bonding regions and no lone pairs has what molecular geometry?,trigonal planar,linear,tetrahedral,bent,,C,Four electron regions maximize separation in a tetrahedral arrangement.,,VSEPR geometry depends on electron-region count.,82,No calculator,False,Passed,Passed,Approved for Distribution
DOST-W4-228,4,Undergraduate,Part II — Power Test,Science,Chemistry,CHEM2 — Periodic Trends and Bonding,dipole cancellation,SCI-APP,Analysis/Evaluation,Difficult,Premium,English,,A molecule with polar bonds can be nonpolar overall when:,it contains no electrons,all atoms have the same mass,it is always linear regardless of atoms,its geometry causes bond dipoles to cancel,,D,Molecular polarity depends on vector addition of bond dipoles.,,Consider both bond polarity and shape.,145,No calculator,False,Passed,Passed,Approved for Distribution
DOST-W4-229,4,Undergraduate,Part II — Power Test,Science,Chemistry,CHEM2 — Periodic Trends and Bonding,dispersion force,SCI-APP,Recognition/Recall,Easy,Premium,English,,London dispersion forces are present in:,all atoms and molecules,ionic solids only,polar molecules only,metals only,,A,Temporary electron fluctuations occur in all particles.,,"Dispersion forces exist universally, though strength varies.",110,No calculator,False,Passed,Passed,Approved for Distribution
DOST-W4-230,4,Undergraduate,Part II — Power Test,Science,Chemistry,CHEM2 — Periodic Trends and Bonding,boiling point comparison,SCI-APP,Analysis/Evaluation,Moderate,Premium,English,,Which substance is expected to have the highest boiling point among similarly sized molecules if it forms strong hydrogen bonds?,the nonpolar substance,the hydrogen-bonding substance,the substance with no electrons,all must be identical,,B,Stronger intermolecular attractions require more energy to separate molecules.,,Boiling point reflects intermolecular-force strength.,110,No calculator,False,Passed,Passed,Approved for Distribution
DOST-W4-231,4,Undergraduate,Part II — Power Test,Science,Chemistry,CHEM3 — Compounds and Nomenclature,formula from ions,SCI-APP,Multi-step Application,Moderate,Free,English,,What is the formula formed by Al³⁺ and O²⁻?,AlO,Al3O2,Al2O3,AlO3,,C,Two Al³⁺ ions and three O²⁻ ions give total charges +6 and −6.,2(+3)=+6 | 3(−2)=−6,Balance total positive and negative charge.,110,No calculator,False,Passed,Passed,Approved for Distribution
DOST-W4-232,4,Undergraduate,Part II — Power Test,Science,Chemistry,CHEM3 — Compounds and Nomenclature,transition metal name,SCI-APP,Multi-step Application,Moderate,Premium,English,,What is the correct name of Fe2O3?,iron(I) oxide,iron(II) oxide,diiron trioxide only,iron(III) oxide,,D,"Three oxide ions total −6, so two iron ions total +6 and each is Fe³⁺.",,Find the metal oxidation state from overall neutrality.,110,No calculator,False,Passed,Passed,Approved for Distribution
DOST-W4-233,4,Undergraduate,Part II — Power Test,Science,Chemistry,CHEM3 — Compounds and Nomenclature,acid naming,SCI-APP,Recognition/Recall,Easy,Premium,English,,HCl(aq) is commonly named:,hydrochloric acid,chloric acid,hydrogen chloride solid,hypochlorous acid,,A,Aqueous HCl is hydrochloric acid.,,Acid names depend on the anion and oxygen content.,82,No calculator,False,Passed,Passed,Approved for Distribution
DOST-W4-234,4,Undergraduate,Part II — Power Test,Science,Chemistry,CHEM3 — Compounds and Nomenclature,molecular prefix,SCI-APP,Recognition/Recall,Easy,Premium,English,,What is the name of PCl5?,phosphorus chloride,phosphorus pentachloride,pentaphosphorus chloride,phosphorus(V) chlorate,,B,The prefix penta- indicates five chlorine atoms.,,Binary molecular compounds use Greek prefixes.,82,No calculator,False,Passed,Passed,Approved for Distribution
DOST-W4-235,4,Undergraduate,Part II — Power Test,Science,Chemistry,CHEM3 — Compounds and Nomenclature,hydrate interpretation,SCI-APP,Recognition/Recall,Moderate,Premium,English,,"In CuSO4·5H2O, the coefficient 5 indicates:",five copper atoms,five sulfate ions,five water molecules per formula unit,a charge of +5,,C,The hydrate contains five waters of crystallization per CuSO4 unit.,,The dot notation records fixed water content in a hydrate.,110,No calculator,False,Passed,Passed,Approved for Distribution
DOST-W4-236,4,Undergraduate,Part II — Power Test,Science,Chemistry,CHEM4 — Reactions and Stoichiometry,balance equation,SCI-APP,Single-step Application,Moderate,Free,English,,What coefficient belongs before O2 in CH4+O2→CO2+2H2O?,1,3,4,2,,D,"The products contain four oxygen atoms, requiring 2 O2.",4 oxygen atoms÷2=2,Balance atoms using the smallest whole-number coefficients.,82,No calculator,False,Passed,Passed,Approved for Distribution
DOST-W4-237,4,Undergraduate,Part II — Power Test,Science,Chemistry,CHEM4 — Reactions and Stoichiometry,mole ratio,SCI-APP,Single-step Application,Moderate,Premium,English,,"For N2+3H2→2NH3, how many moles of NH3 form from 6 mol H2 with excess N2?",4 mol,2 mol,3 mol,6 mol,,A,6 mol H2×(2 mol NH3/3 mol H2)=4 mol NH3.,6×2/3=4,Use balanced coefficients as mole ratios.,110,No calculator,False,Passed,Passed,Approved for Distribution
DOST-W4-238,4,Undergraduate,Part II — Power Test,Science,Chemistry,CHEM4 — Reactions and Stoichiometry,mass moles,SCI-APP,Single-step Application,Moderate,Premium,English,,How many moles are in 44 g of CO2 if its molar mass is 44 g/mol?,0.5 mol,1 mol,2 mol,44 mol,,B,Moles=mass/molar mass=44/44=1.,44÷44=1,Convert mass to moles before reaction calculations.,82,No calculator,False,Passed,Passed,Approved for Distribution
DOST-W4-239,4,Undergraduate,Part II — Power Test,Science,Chemistry,CHEM4 — Reactions and Stoichiometry,limiting reactant,SCI-APP,Multi-step Application,Moderate,Premium,English,,"For H2+Cl2→2HCl, a mixture has 3 mol H2 and 2 mol Cl2. Which reactant limits product formation?",H2,HCl,Cl2,neither,,C,"The reactants combine 1:1, so the smaller amount, Cl2, is limiting.",,Compare available moles using the balanced ratio.,110,No calculator,False,Passed,Passed,Approved for Distribution
DOST-W4-240,4,Undergraduate,Part II — Power Test,Science,Chemistry,CHEM4 — Reactions and Stoichiometry,percent composition,SCI-APP,Single-step Application,Moderate,Premium,English,,"What percent by mass of H2O is oxygen, using H=1 and O=16?",11.1%,16.0%,94.1%,88.9%,,D,Oxygen contributes 16 of 18 g/mol: 16/18×100≈88.9%.,16/18×100≈88.9%,Percent composition is component mass divided by molar mass.,110,No calculator,False,Passed,Passed,Approved for Distribution
DOST-W4-241,4,Undergraduate,Part II — Power Test,Science,Chemistry,"CHEM5 — Solutions, Acids, Bases, and Separation",molarity,SCI-APP,Single-step Application,Moderate,Free,English,,A solution contains 0.75 mol solute in 1.5 L. Its molarity is:,0.50 M,0.25 M,1.125 M,2.0 M,,A,M=0.75/1.5=0.50 M.,0.75÷1.5=0.50,Molarity is moles per liter of solution.,82,No calculator,False,Passed,Passed,Approved for Distribution
DOST-W4-242,4,Undergraduate,Part II — Power Test,Science,Chemistry,"CHEM5 — Solutions, Acids, Bases, and Separation",dilution,SCI-APP,Single-step Application,Moderate,Premium,English,,What final volume results when 50 mL of 3.0 M solution is diluted to 0.75 M?,100 mL,200 mL,150 mL,600 mL,,B,"M1V1=M2V2, so V2=3.0×50/0.75=200 mL.",150/0.75=200,Dilution conserves moles of solute.,110,No calculator,False,Passed,Passed,Approved for Distribution
DOST-W4-243,4,Undergraduate,Part II — Power Test,Science,Chemistry,"CHEM5 — Solutions, Acids, Bases, and Separation",pH,SCI-APP,Single-step Application,Moderate,Premium,English,,A solution with pH 2 is how many times more acidic in hydrogen-ion concentration than a solution with pH 5?,3 times,10 times,"1,000 times",100 times,,C,"A three-unit pH difference corresponds to 10³=1,000 times.",,Each pH unit represents a tenfold concentration change.,110,No calculator,False,Passed,Passed,Approved for Distribution
DOST-W4-244,4,Undergraduate,Part II — Power Test,Science,Chemistry,"CHEM5 — Solutions, Acids, Bases, and Separation",strong acid,SCI-APP,Analysis/Evaluation,Difficult,Premium,English,,A strong acid is one that:,has a high concentration in every solution,contains many atoms,always has pH 0,ionizes nearly completely in water,,D,"Acid strength concerns extent of ionization, not amount present.",,Distinguish acid strength from concentration.,145,No calculator,False,Passed,Passed,Approved for Distribution
DOST-W4-245,4,Undergraduate,Part II — Power Test,Science,Chemistry,"CHEM5 — Solutions, Acids, Bases, and Separation",endpoint precision,SCI-DATA,Multi-step Application,Moderate,Premium,English,W4-CHEMTIT-079,What is the mean base volume for the three titration trials?,25.0 mL,24.8 mL,24.9 mL,25.1 mL,,A,Mean=(24.8+25.1+25.0)/3=24.97 mL≈25.0 mL.,74.9/3≈24.97,Average concordant trials to estimate the endpoint volume.,110,No calculator,True,Passed,Passed,Approved for Distribution
DOST-W4-246,4,Undergraduate,Part II — Power Test,Science,Chemistry,CHEM6 — Gas Laws and Thermochemistry,Avogadro law,SCI-APP,Analysis/Evaluation,Moderate,Free,English,,"At constant temperature and pressure, doubling the moles of an ideal gas will:",halve its volume,double its volume,leave volume unchanged,make pressure zero,,B,Volume is proportional to amount of gas under these conditions.,,Use the ideal-gas proportionalities under fixed conditions.,110,No calculator,False,Passed,Passed,Approved for Distribution
DOST-W4-247,4,Undergraduate,Part II — Power Test,Science,Chemistry,CHEM6 — Gas Laws and Thermochemistry,combined gas law,SCI-APP,Single-step Application,Moderate,Premium,English,,"A gas occupies 2.0 L at 300 K. At the same pressure, what volume does it occupy at 450 K?",1.0 L,2.0 L,3.0 L,4.5 L,,C,V2=V1T2/T1=2.0×450/300=3.0 L.,V2=3.0 L,Use absolute temperature in gas laws.,110,No calculator,False,Passed,Passed,Approved for Distribution
DOST-W4-248,4,Undergraduate,Part II — Power Test,Science,Chemistry,CHEM6 — Gas Laws and Thermochemistry,exothermic sign,SCI-APP,Recognition/Recall,Easy,Premium,English,,A process releases 120 kJ to the surroundings. Its ΔH is:,+120 kJ,0 kJ,+240 kJ,−120 kJ,,D,"Heat release means the system loses enthalpy, so ΔH is negative.",,Exothermic processes have negative enthalpy change.,82,No calculator,False,Passed,Passed,Approved for Distribution
DOST-W4-249,4,Undergraduate,Part II — Power Test,Science,Chemistry,CHEM6 — Gas Laws and Thermochemistry,bond energy,SCI-APP,Analysis/Evaluation,Difficult,Premium,English,,"Breaking chemical bonds generally requires energy, while forming bonds generally:",releases energy,requires no energy and releases none,destroys atoms,increases mass,,A,Bond formation lowers potential energy and releases energy.,,Reaction enthalpy reflects energy absorbed in breaking and released in forming bonds.,110,No calculator,False,Passed,Passed,Approved for Distribution
DOST-W4-250,4,Undergraduate,Part II — Power Test,Science,Chemistry,CHEM6 — Gas Laws and Thermochemistry,calorimetry,SCI-APP,Single-step Application,Moderate,Premium,English,,"A 200 g sample with specific heat 2.0 J/g°C absorbs 1,600 J. Its temperature rise is:",2°C,4°C,8°C,16°C,,B,ΔT=Q/(mc)=1600/(200×2)=4°C.,1600/400=4,Rearrange Q=mcΔT.,110,No calculator,False,Passed,Passed,Approved for Distribution
DOST-W4-251,4,Undergraduate,Part II — Power Test,Science,Chemistry,CHEM8 — Chemical Equilibrium and Rates,dynamic equilibrium,SCI-APP,Recognition/Recall,Moderate,Free,English,,At dynamic equilibrium in a closed system:,all reactions stop,reactant and product concentrations must be equal,forward and reverse reaction rates are equal,the catalyst is consumed,,C,"Microscopic reactions continue at equal rates, keeping concentrations constant.",,Equal rates do not require equal concentrations.,110,No calculator,False,Passed,Passed,Approved for Distribution
DOST-W4-252,4,Undergraduate,Part II — Power Test,Science,Chemistry,CHEM8 — Chemical Equilibrium and Rates,Le Châtelier data,SCI-DATA,Recognition/Recall,Easy,Premium,English,W4-CHEMEQ-080,What happened to product amount after reactant was added in the table?,It decreased to 32.,It remained 50.,It became zero.,It increased to 68.,,D,The table shows a rise from 50 to 68.,,Read the direction of equilibrium response from the data.,82,No calculator,True,Passed,Passed,Approved for Distribution
DOST-W4-253,4,Undergraduate,Part II — Power Test,Science,Chemistry,CHEM8 — Chemical Equilibrium and Rates,product removal,SCI-DATA,Analysis/Evaluation,Difficult,Premium,English,W4-CHEMEQ-080,Why did removing product increase the eventual product amount?,The equilibrium shifted toward products to replace some removed material.,The reaction stopped.,Reactant disappeared instantly.,The equilibrium constant doubled automatically.,,A,Removing product creates a stress relieved by more forward reaction.,,Le Châtelier's principle predicts the direction of shift.,110,No calculator,True,Passed,Passed,Approved for Distribution
DOST-W4-254,4,Undergraduate,Part II — Power Test,Science,Chemistry,CHEM8 — Chemical Equilibrium and Rates,rate law concept,SCI-APP,Analysis/Evaluation,Difficult,Premium,English,,"If doubling reactant concentration doubles the reaction rate, the reaction is first order with respect to that reactant because rate is:",proportional to concentration squared,directly proportional to its concentration,independent of concentration,always zero,,B,A first-order dependence gives rate∝[A].,,Use observed rate changes to infer reaction order.,145,No calculator,False,Passed,Passed,Approved for Distribution
DOST-W4-255,4,Undergraduate,Part II — Power Test,Science,Chemistry,CHEM8 — Chemical Equilibrium and Rates,activation energy diagram,SCI-APP,Analysis/Evaluation,Difficult,Premium,English,,A catalyst changes a reaction-energy diagram by:,raising product energy,changing ΔH permanently,lowering the activation-energy peak without changing reactant and product energies,removing reactants,,C,The alternative pathway has a lower barrier but the same endpoints.,,"Catalysts affect pathway and rate, not overall enthalpy.",145,No calculator,False,Passed,Passed,Approved for Distribution
DOST-W4-256,4,Undergraduate,Part II — Power Test,Science,Chemistry,CHEM7 — Laboratory and Data Reasoning,chromatography,SCI-APP,Analysis/Evaluation,Difficult,Free,English,,Paper chromatography separates mixture components because they differ in:,atomic number only,boiling point only,mass number only,attraction to the stationary phase and solubility in the mobile phase,,D,Different partitioning causes different travel distances.,,Chromatography depends on relative affinities.,110,No calculator,False,Passed,Passed,Approved for Distribution
DOST-W4-257,4,Undergraduate,Part II — Power Test,Science,Chemistry,CHEM7 — Laboratory and Data Reasoning,meniscus,SCI-APP,Recognition/Recall,Easy,Premium,English,,"For a clear aqueous solution in a graduated cylinder, volume is usually read at:",the bottom of the meniscus at eye level,the top of the meniscus from above,any point on the glass,the cylinder base,,A,Eye-level reading of the lower meniscus reduces parallax error.,,Use the correct meniscus convention and viewing angle.,82,No calculator,False,Passed,Passed,Approved for Distribution
DOST-W4-258,4,Undergraduate,Part II — Power Test,Science,Chemistry,CHEM7 — Laboratory and Data Reasoning,concordant titration,SCI-DATA,Analysis/Evaluation,Difficult,Premium,English,W4-CHEMTIT-079,The titration trials are considered reasonably concordant because their endpoint volumes:,are all exactly zero,are close to one another,use different acid volumes,increase by 10 mL each,,B,The values differ by only 0.3 mL across trials.,,Concordant results indicate good repeatability.,110,No calculator,True,Passed,Passed,Approved for Distribution
DOST-W4-259,4,Undergraduate,Part II — Power Test,Science,Chemistry,CHEM7 — Laboratory and Data Reasoning,systematic bias,SCI-APP,Analysis/Evaluation,Difficult,Premium,English,,A thermometer always reads 1.5°C high. Repeating measurements and averaging will:,guarantee the accepted value,make the error random,not remove the fixed calibration bias,change the true temperature,,C,A fixed offset remains after averaging.,,"Averaging reduces random error, not systematic error.",145,No calculator,False,Passed,Passed,Approved for Distribution
DOST-W4-260,4,Undergraduate,Part II — Power Test,Science,Chemistry,CHEM7 — Laboratory and Data Reasoning,safe heating,SCI-APP,Recognition/Recall,Easy,Premium,English,,"When heating a test tube, its open end should be pointed:",toward the observer,downward into a flame,at another test tube,away from people,,D,Unexpected boiling or splashing could project material from the opening.,,Laboratory orientation is part of hazard control.,82,No calculator,False,Passed,Passed,Approved for Distribution
DOST-W4-261,4,Undergraduate,Part II — Power Test,Science,Physics,"PHY1 — Measurement, Vectors, and Motion",scalar and vector,SCI-APP,Recognition/Recall,Easy,Free,English,,Which quantity is a vector?,displacement,speed,distance,temperature,,A,Displacement includes both magnitude and direction.,,Vectors require direction as well as magnitude.,82,No calculator,False,Passed,Passed,Approved for Distribution
DOST-W4-262,4,Undergraduate,Part II — Power Test,Science,Physics,"PHY1 — Measurement, Vectors, and Motion",graph slope,SCI-DIAG,Single-step Application,Moderate,Premium,English,W4-PHYMOTION-081,"From 0 to 2 s in the graph, the average velocity is:",2 m/s,5 m/s,10 m/s,20 m/s,,B,"Position changes from 0 m to 10 m in 2 s, giving 5 m/s.",10/2=5,Slope of a position-time graph is velocity.,110,No calculator,True,Passed,Passed,Approved for Distribution
DOST-W4-263,4,Undergraduate,Part II — Power Test,Science,Physics,"PHY1 — Measurement, Vectors, and Motion",rest interval,SCI-DIAG,Analysis/Evaluation,Moderate,Premium,English,W4-PHYMOTION-081,During which interval is the object at rest in the graph?,0–2 s,5–8 s,2–5 s,It is never at rest.,,C,"Position is constant from 2 to 5 s, so velocity is zero.",,A horizontal position-time segment indicates rest.,82,No calculator,True,Passed,Passed,Approved for Distribution
DOST-W4-264,4,Undergraduate,Part II — Power Test,Science,Physics,"PHY1 — Measurement, Vectors, and Motion",uniform acceleration,SCI-APP,Single-step Application,Easy,Premium,English,,A bicycle changes speed from 4 m/s to 16 m/s in 6 s. Its average acceleration is:,3 m/s²,6 m/s²,12 m/s²,2 m/s²,,D,a=(16−4)/6=2 m/s².,12/6=2,Acceleration is change in velocity divided by time.,82,No calculator,False,Passed,Passed,Approved for Distribution
DOST-W4-265,4,Undergraduate,Part II — Power Test,Science,Physics,"PHY1 — Measurement, Vectors, and Motion",projectile components,SCI-APP,Analysis/Evaluation,Moderate,Premium,English,,"At the highest point of an ideal projectile's path, its vertical velocity is:",zero,equal to its horizontal velocity,maximum upward,equal to g,,A,The vertical component momentarily becomes zero while horizontal motion continues.,,Projectile components evolve independently.,110,No calculator,False,Passed,Passed,Approved for Distribution
DOST-W4-266,4,Undergraduate,Part II — Power Test,Science,Physics,PHY2 — Forces and Newtonian Mechanics,Newton second law,SCI-APP,Single-step Application,Easy,Free,English,,A 5 kg cart experiences a net force of 20 N. Its acceleration is:,0.25 m/s²,4 m/s²,15 m/s²,100 m/s²,,B,a=F/m=20/5=4 m/s².,20/5=4,"Use the net force, not a single force.",82,No calculator,False,Passed,Passed,Approved for Distribution
DOST-W4-267,4,Undergraduate,Part II — Power Test,Science,Physics,PHY2 — Forces and Newtonian Mechanics,normal force incline,SCI-APP,Recognition/Recall,Easy,Premium,English,,A block rests on an inclined surface. The normal force is directed:,vertically downward,parallel to the surface,perpendicular to the surface,opposite the block's velocity only,,C,A normal force acts perpendicular to the contact surface.,,Force direction follows the physical interaction.,82,No calculator,False,Passed,Passed,Approved for Distribution
DOST-W4-268,4,Undergraduate,Part II — Power Test,Science,Physics,PHY2 — Forces and Newtonian Mechanics,action-reaction,SCI-APP,Analysis/Evaluation,Moderate,Premium,English,,A swimmer pushes water backward. The water pushes the swimmer forward. These forces are:,balanced forces on one object,frictionless forces,unrelated,a Newton's third-law pair,,D,The forces act on different objects and are equal and opposite.,,Third-law pairs act on different bodies.,110,No calculator,False,Passed,Passed,Approved for Distribution
DOST-W4-269,4,Undergraduate,Part II — Power Test,Science,Physics,PHY2 — Forces and Newtonian Mechanics,centripetal acceleration,SCI-APP,Single-step Application,Moderate,Premium,English,,An object moves in a circle of radius 2 m at 6 m/s. Its centripetal acceleration is:,18 m/s²,3 m/s²,12 m/s²,36 m/s²,,A,ac=v²/r=36/2=18 m/s².,36/2=18,Centripetal acceleration points toward the center.,110,No calculator,False,Passed,Passed,Approved for Distribution
DOST-W4-270,4,Undergraduate,Part II — Power Test,Science,Physics,PHY2 — Forces and Newtonian Mechanics,friction limit,SCI-APP,Analysis/Evaluation,Difficult,Premium,English,,"A box remains at rest while a horizontal pull increases from 2 N to 8 N. Before motion begins, static friction generally:",stays at zero,increases to match the pull up to its maximum,is always equal to kinetic friction,always exceeds the pull,,B,Static friction adjusts as needed until its limiting value is reached.,,Static friction is variable before slipping.,145,No calculator,False,Passed,Passed,Approved for Distribution
DOST-W4-271,4,Undergraduate,Part II — Power Test,Science,Physics,"PHY3 — Work, Energy, Momentum, and Rotation",kinetic energy,SCI-APP,Single-step Application,Easy,Free,English,,What is the kinetic energy of a 2 kg object moving at 3 m/s?,3 J,6 J,9 J,18 J,,C,K=½mv²=0.5×2×9=9 J.,K=9 J,Kinetic energy depends on speed squared.,82,No calculator,False,Passed,Passed,Approved for Distribution
DOST-W4-272,4,Undergraduate,Part II — Power Test,Science,Physics,"PHY3 — Work, Energy, Momentum, and Rotation",power,SCI-APP,Single-step Application,Moderate,Premium,English,,"A machine does 1,200 J of work in 30 s. Its average power is:",30 W,360 W,"1,230 W",40 W,,D,P=W/t=1200/30=40 W.,1200/30=40,Power is the rate of doing work.,82,No calculator,False,Passed,Passed,Approved for Distribution
DOST-W4-273,4,Undergraduate,Part II — Power Test,Science,Physics,"PHY3 — Work, Energy, Momentum, and Rotation",momentum,SCI-APP,Single-step Application,Moderate,Premium,English,,A 4 kg cart moves at 5 m/s. Its momentum is:,20 kg·m/s,0.8 kg·m/s,9 kg·m/s,100 kg·m/s,,A,p=mv=4×5=20 kg·m/s.,4×5=20,Momentum is mass times velocity.,82,No calculator,False,Passed,Passed,Approved for Distribution
DOST-W4-274,4,Undergraduate,Part II — Power Test,Science,Physics,"PHY3 — Work, Energy, Momentum, and Rotation",collision conservation,SCI-APP,Analysis/Evaluation,Difficult,Premium,English,,"During a short collision in an isolated system, total momentum is conserved because:",kinetic energy is always conserved,external impulse is negligible,both objects have equal mass,friction is impossible,,B,"Internal forces cancel in pairs, leaving little net external impulse.",,Momentum conservation depends on the system boundary and external impulse.,145,No calculator,False,Passed,Passed,Approved for Distribution
DOST-W4-275,4,Undergraduate,Part II — Power Test,Science,Physics,"PHY3 — Work, Energy, Momentum, and Rotation",torque,SCI-APP,Single-step Application,Moderate,Premium,English,,A 10 N force acts perpendicular to a lever 0.4 m from the pivot. The torque magnitude is:,0.4 N·m,10 N·m,4 N·m,25 N·m,,C,τ=rF=0.4×10=4 N·m.,0.4×10=4,Perpendicular force gives torque rF.,110,No calculator,False,Passed,Passed,Approved for Distribution
DOST-W4-276,4,Undergraduate,Part II — Power Test,Science,Physics,PHY4 — Fluids and Pressure,buoyant equilibrium,SCI-APP,Analysis/Evaluation,Moderate,Free,English,,A floating object displaces water whose weight is:,less than the object's weight,zero,equal to the object's volume,equal to the object's weight,,D,"For floating equilibrium, buoyant force equals weight.",,Archimedes' principle links buoyancy to displaced fluid weight.,110,No calculator,False,Passed,Passed,Approved for Distribution
DOST-W4-277,4,Undergraduate,Part II — Power Test,Science,Physics,PHY4 — Fluids and Pressure,hydraulic pressure,SCI-APP,Single-step Application,Moderate,Premium,English,,A 50 N force acts on a piston of area 0.01 m². The fluid pressure is:,"5,000 Pa",5 Pa,50 Pa,500 Pa,,A,"P=F/A=50/0.01=5,000 Pa.",50/0.01=5000,Pressure is force divided by area.,82,No calculator,False,Passed,Passed,Approved for Distribution
DOST-W4-278,4,Undergraduate,Part II — Power Test,Science,Physics,PHY5 — Heat and Thermodynamics,thermal equilibrium,SCI-APP,Recognition/Recall,Easy,Free,English,,Two objects in thermal contact reach thermal equilibrium when they have the same:,mass,temperature,specific heat,volume,,B,No net heat flows once temperatures are equal.,,Thermal equilibrium is defined by equal temperature.,82,No calculator,False,Passed,Passed,Approved for Distribution
DOST-W4-279,4,Undergraduate,Part II — Power Test,Science,Physics,PHY5 — Heat and Thermodynamics,conduction,SCI-APP,Analysis/Evaluation,Moderate,Premium,English,,Heat conduction in a metal is efficient partly because:,the metal contains no atoms,all particles move freely as a liquid,mobile electrons transfer energy rapidly,temperature is absent,,C,Mobile electrons and lattice vibrations transport energy.,,Microscopic structure explains macroscopic conductivity.,110,No calculator,False,Passed,Passed,Approved for Distribution
DOST-W4-280,4,Undergraduate,Part II — Power Test,Science,Physics,PHY5 — Heat and Thermodynamics,ideal gas work,SCI-APP,Analysis/Evaluation,Moderate,Premium,English,,"When a gas expands against an external pressure, it generally:",has no energy exchange,must cool to absolute zero,loses all particles,does work on the surroundings,,D,Expansion force acting through distance transfers energy as work.,,Gas expansion can convert internal energy into mechanical work.,110,No calculator,False,Passed,Passed,Approved for Distribution
DOST-W4-281,4,Undergraduate,Part II — Power Test,Science,Physics,"PHY6 — Waves, Sound, and Optics",wave relation,SCI-APP,Single-step Application,Moderate,Free,English,,A wave has frequency 4 Hz and wavelength 3 m. Its speed is:,12 m/s,0.75 m/s,7 m/s,24 m/s,,A,v=fλ=4×3=12 m/s.,4×3=12,Wave speed equals frequency times wavelength.,82,No calculator,False,Passed,Passed,Approved for Distribution
DOST-W4-282,4,Undergraduate,Part II — Power Test,Science,Physics,"PHY6 — Waves, Sound, and Optics",sound intensity,SCI-APP,Analysis/Evaluation,Moderate,Premium,English,,Sound intensity decreases with distance from a point source mainly because the same power spreads over:,a smaller frequency,a larger area,less time,a greater mass,,B,Wave energy spreads over an expanding spherical area.,,Geometric spreading reduces intensity.,110,No calculator,False,Passed,Passed,Approved for Distribution
DOST-W4-283,4,Undergraduate,Part II — Power Test,Science,Physics,"PHY6 — Waves, Sound, and Optics",lens object position,SCI-DIAG,Analysis/Evaluation,Moderate,Premium,English,W4-PHYLENS-082,"In the lens diagram, the object is placed beyond the focal point of a converging lens. The image can be:",always virtual and upright,at the object position only,real and inverted,formed without refraction,,C,An object outside the focal length of a converging lens forms a real inverted image.,,Image type depends on object distance relative to focal length.,110,No calculator,True,Passed,Passed,Approved for Distribution
DOST-W4-284,4,Undergraduate,Part II — Power Test,Science,Physics,"PHY6 — Waves, Sound, and Optics",reflection angle,SCI-APP,Single-step Application,Moderate,Premium,English,,A light ray strikes a mirror at 35° from the normal. Its reflection angle is:,20°,55°,70°,35°,,D,"The angle of reflection equals the angle of incidence, both measured from the normal.",,Always measure mirror angles from the normal.,82,No calculator,False,Passed,Passed,Approved for Distribution
DOST-W4-285,4,Undergraduate,Part II — Power Test,Science,Physics,"PHY6 — Waves, Sound, and Optics",diffraction,SCI-APP,Analysis/Evaluation,Difficult,Premium,English,,Diffraction is most noticeable when an opening is:,comparable in size to the wavelength,much larger than every wavelength,completely closed,made of metal only,,A,Waves spread strongly when aperture size is similar to wavelength.,,Relative size controls diffraction strength.,145,No calculator,False,Passed,Passed,Approved for Distribution
DOST-W4-286,4,Undergraduate,Part II — Power Test,Science,Physics,PHY7 — Electricity and Circuits,series resistance,SCI-DIAG,Single-step Application,Moderate,Free,English,W4-PHYCIR-083,The equivalent resistance of the 3 Ω and 6 Ω series resistors is:,2 Ω,9 Ω,3 Ω,6 Ω,,B,Series resistances add: 3+6=9 Ω.,3+6=9,Series components carry the same current.,82,No calculator,True,Passed,Passed,Approved for Distribution
DOST-W4-287,4,Undergraduate,Part II — Power Test,Science,Physics,PHY7 — Electricity and Circuits,series current,SCI-DIAG,Single-step Application,Moderate,Premium,English,W4-PHYCIR-083,"With 18 V across a 9 Ω series circuit, the current is:",0.5 A,9 A,2 A,162 A,,C,I=V/R=18/9=2 A.,18/9=2,Use the equivalent resistance in Ohm's law.,82,No calculator,True,Passed,Passed,Approved for Distribution
DOST-W4-288,4,Undergraduate,Part II — Power Test,Science,Physics,PHY7 — Electricity and Circuits,voltage drop,SCI-DIAG,Single-step Application,Moderate,Premium,English,W4-PHYCIR-083,What voltage drop occurs across the 6 Ω resistor when the series current is 2 A?,3 V,6 V,18 V,12 V,,D,V=IR=2×6=12 V.,2×6=12,Voltage drop across a resistor is IR.,110,No calculator,True,Passed,Passed,Approved for Distribution
DOST-W4-289,4,Undergraduate,Part II — Power Test,Science,Physics,PHY7 — Electricity and Circuits,electric potential,SCI-APP,Recognition/Recall,Easy,Premium,English,,Electric potential difference is energy transferred per unit:,charge,mass,time,temperature,,A,Voltage is joules per coulomb.,,Potential difference measures energy per charge.,110,No calculator,False,Passed,Passed,Approved for Distribution
DOST-W4-290,4,Undergraduate,Part II — Power Test,Science,Physics,PHY7 — Electricity and Circuits,magnetic force,SCI-APP,Analysis/Evaluation,Difficult,Premium,English,,A current-carrying wire placed perpendicular to a magnetic field experiences a force that is:,parallel to both,perpendicular to both current and field,always zero,directed only downward,,B,The magnetic force direction follows the cross-product rule.,,Magnetic force is perpendicular to current and field.,145,No calculator,False,Passed,Passed,Approved for Distribution
DOST-W4-291,4,Undergraduate,Part II — Power Test,Science,Physics,PHY8 — Modern Physics and Oscillations,spring period,SCI-APP,Analysis/Evaluation,Difficult,Free,English,,"For an ideal mass-spring system, increasing the attached mass while keeping the spring unchanged makes the period:",shorter,zero,longer,unchanged,,C,"T=2π√(m/k), so greater mass increases period.",,Period depends on the square root of mass.,110,No calculator,False,Passed,Passed,Approved for Distribution
DOST-W4-292,4,Undergraduate,Part II — Power Test,Science,Physics,PHY8 — Modern Physics and Oscillations,pendulum gravity,SCI-APP,Analysis/Evaluation,Difficult,Premium,English,,An ideal pendulum on a planet with weaker gravity would have a:,shorter period,zero period,period independent of gravity,longer period,,D,"T∝1/√g, so weaker gravity increases period.",,Pendulum period depends on length and gravity.,110,No calculator,False,Passed,Passed,Approved for Distribution
DOST-W4-293,4,Undergraduate,Part II — Power Test,Science,Physics,PHY8 — Modern Physics and Oscillations,nuclear decay,SCI-APP,Analysis/Evaluation,Difficult,Premium,English,,"Radioactive decay is described as random for an individual nucleus, but a large sample shows:",predictable statistical behavior,no pattern at all,increasing mass,constant activity forever,,A,Large numbers follow stable exponential-decay statistics.,,Random microscopic events can produce predictable population behavior.,145,No calculator,False,Passed,Passed,Approved for Distribution
DOST-W4-294,4,Undergraduate,Part II — Power Test,Science,Physics,PHY8 — Modern Physics and Oscillations,mass-energy,SCI-APP,Recognition/Recall,Easy,Premium,English,,Einstein's relation E=mc² implies that mass can be viewed as:,unrelated to energy,a form of energy,equal to force,a unit of time,,B,Mass contributes to the total energy of a system.,,Mass-energy equivalence is fundamental in nuclear processes.,110,No calculator,False,Passed,Passed,Approved for Distribution
DOST-W4-295,4,Undergraduate,Part II — Power Test,Science,Physics,PHY8 — Modern Physics and Oscillations,electron energy levels,SCI-APP,Recognition/Recall,Easy,Premium,English,,"When an electron in an atom drops to a lower energy level, the atom may:",gain unlimited mass,lose its nucleus,emit a photon,stop interacting with light,,C,The energy difference can be released as a photon.,,Atomic spectra arise from discrete energy-level transitions.,82,No calculator,False,Passed,Passed,Approved for Distribution
DOST-W4-296,4,Undergraduate,Part II — Power Test,Science,Physics,PHY9 — Physics Data and Experimental Reasoning,linear graph,SCI-APP,Analysis/Evaluation,Difficult,Premium,English,,"If force is plotted against acceleration for a constant-mass object, the graph's slope represents:",velocity,power,time,mass,,D,"From F=ma, slope ΔF/Δa=m.",,Use the equation to interpret graph slope.,110,No calculator,False,Passed,Passed,Approved for Distribution
DOST-W4-297,4,Undergraduate,Part II — Power Test,Science,Physics,PHY9 — Physics Data and Experimental Reasoning,zero error,SCI-APP,Recognition/Recall,Easy,Premium,English,,A balance reads 0.05 g when empty. This indicates:,a zero offset that should be corrected,perfect calibration,random sampling,no measurement uncertainty,,A,The instrument has a systematic zero error.,,Check instrument zero before measurement.,82,No calculator,False,Passed,Passed,Approved for Distribution
DOST-W4-298,4,Undergraduate,Part II — Power Test,Science,Physics,PHY9 — Physics Data and Experimental Reasoning,repeated timing,SCI-APP,Analysis/Evaluation,Difficult,Premium,English,,Timing ten oscillations and dividing by ten often improves a period measurement because it:,changes the true period,reduces the fractional effect of reaction-time error,eliminates gravity,makes the pendulum faster,,B,The same start-stop uncertainty is spread over a longer total interval.,,Measure repeated cycles when individual periods are short.,110,No calculator,False,Passed,Passed,Approved for Distribution
DOST-W4-299,4,Undergraduate,Part II — Power Test,Science,Physics,PHY9 — Physics Data and Experimental Reasoning,best-fit line,SCI-APP,Analysis/Evaluation,Difficult,Premium,English,,A best-fit line is preferred to joining every data point because it:,forces every point to be exact,removes systematic error,represents the overall trend despite random scatter,changes the measured values,,C,A trend line summarizes the relationship without following noise.,,Random scatter should not dictate a jagged model.,110,No calculator,False,Passed,Passed,Approved for Distribution
DOST-W4-300,4,Undergraduate,Part II — Power Test,Science,Physics,PHY9 — Physics Data and Experimental Reasoning,uncertainty percentage,SCI-APP,Single-step Application,Moderate,Premium,English,,A length is measured as 20.0±0.5 cm. The percentage uncertainty is:,0.5%,5%,20%,2.5%,,D,0.5/20.0×100=2.5%.,0.5/20×100=2.5%,Percentage uncertainty compares absolute uncertainty with the measured value.,110,No calculator,False,Passed,Passed,Approved for Distribution
DOST-W4-301,4,Undergraduate,Part II — Power Test,Science,Earth Science,EARTH1 — Earth Materials and Geologic Processes,rock cycle,SCI-APP,Recognition/Recall,Easy,Free,English,,"When sedimentary rock melts and later cools, the final rock type is:",igneous,metamorphic only,sedimentary again without change,soil,,A,"Melting produces magma, and cooling solidifies it into igneous rock.",,"Rock-cycle pathways are defined by processes, not starting material alone.",82,No calculator,False,Passed,Passed,Approved for Distribution
DOST-W4-302,4,Undergraduate,Part II — Power Test,Science,Earth Science,EARTH1 — Earth Materials and Geologic Processes,fault age,SCI-DATA,Analysis/Evaluation,Moderate,Premium,English,W4-EARTHFAULT-085,"In the diagram, the fault is younger than the rock layers because it:",lies beneath them,cuts and offsets them,contains fossils,is red,,B,Cross-cutting relationships place the fault after the layers formed.,,A geologic feature is younger than what it cuts.,110,No calculator,True,Passed,Passed,Approved for Distribution
DOST-W4-303,4,Undergraduate,Part II — Power Test,Science,Earth Science,EARTH1 — Earth Materials and Geologic Processes,normal fault,SCI-APP,Recognition/Recall,Moderate,Premium,English,,A normal fault most commonly forms where the crust is:,being compressed,not stressed,being stretched,melting completely,,C,Tensional stress pulls the crust apart and lowers the hanging wall.,,Fault type reflects the direction of crustal stress.,110,No calculator,False,Passed,Passed,Approved for Distribution
DOST-W4-304,4,Undergraduate,Part II — Power Test,Science,Earth Science,EARTH1 — Earth Materials and Geologic Processes,mineral cleavage,SCI-APP,Recognition/Recall,Easy,Premium,English,,Mineral cleavage describes the tendency to:,resist scratching,produce a colored powder only,attract a magnet,break along flat planes of weak bonding,,D,Cleavage follows repeated structural weaknesses in the crystal.,,Cleavage and fracture describe different breakage patterns.,82,No calculator,False,Passed,Passed,Approved for Distribution
DOST-W4-305,4,Undergraduate,Part II — Power Test,Science,Earth Science,EARTH1 — Earth Materials and Geologic Processes,radiometric dating,SCI-APP,Analysis/Evaluation,Difficult,Premium,English,,Radiometric dating estimates age by measuring:,parent and daughter isotopes with known decay rates,rock color,fossil size only,weathering speed during one day,,A,Known half-lives relate isotope ratios to elapsed time.,,Absolute dating relies on predictable radioactive decay.,145,No calculator,False,Passed,Passed,Approved for Distribution
DOST-W4-306,4,Undergraduate,Part II — Power Test,Science,Earth Science,"EARTH2 — Atmosphere, Weather, and Climate",front,SCI-APP,Recognition/Recall,Moderate,Free,English,,A cold front forms when:,warm air moves under cold air,advancing cold air pushes beneath warmer air,air pressure becomes zero,the ocean stops moving,,B,Denser cold air lifts warm air along a steep boundary.,,Front type is named for the advancing air mass.,110,No calculator,False,Passed,Passed,Approved for Distribution
DOST-W4-307,4,Undergraduate,Part II — Power Test,Science,Earth Science,"EARTH2 — Atmosphere, Weather, and Climate",cloud formation,SCI-APP,Recognition/Recall,Easy,Premium,English,,Clouds commonly form when moist air cools to its:,boiling point,freezing point in every case,dew point,critical pressure,,C,"At the dew point, air becomes saturated and condensation begins.",,Cooling reduces saturation capacity.,82,No calculator,False,Passed,Passed,Approved for Distribution
DOST-W4-308,4,Undergraduate,Part II — Power Test,Science,Earth Science,"EARTH2 — Atmosphere, Weather, and Climate",pressure gradient,SCI-APP,Analysis/Evaluation,Moderate,Premium,English,,Stronger winds generally occur where horizontal air-pressure differences over distance are:,smaller,zero,unrelated to wind,larger,,D,A stronger pressure-gradient force accelerates air more strongly.,,Closely spaced isobars often indicate stronger winds.,110,No calculator,False,Passed,Passed,Approved for Distribution
DOST-W4-309,4,Undergraduate,Part II — Power Test,Science,Earth Science,"EARTH2 — Atmosphere, Weather, and Climate",El Niño,SCI-APP,Analysis/Evaluation,Difficult,Premium,English,,El Niño involves unusually warm surface water in the central and eastern tropical Pacific and can:,alter rainfall and circulation patterns across many regions,stop Earth's rotation,eliminate all tropical storms,change the Moon's orbit,,A,Ocean-atmosphere coupling in the Pacific influences global weather patterns.,,"Climate variability can redistribute, not simply increase, rainfall.",145,No calculator,False,Passed,Passed,Approved for Distribution
DOST-W4-310,4,Undergraduate,Part II — Power Test,Science,Earth Science,"EARTH2 — Atmosphere, Weather, and Climate",albedo,SCI-APP,Recognition/Recall,Easy,Premium,English,,A surface with high albedo reflects:,all outgoing infrared only,a large fraction of incoming sunlight,no radiation,only radio waves,,B,High-albedo surfaces reflect more shortwave solar energy.,,Surface reflectivity affects energy balance.,82,No calculator,False,Passed,Passed,Approved for Distribution
DOST-W4-311,4,Undergraduate,Part II — Power Test,Science,Earth Science,EARTH3 — Hydrology and Groundwater,stream lag,SCI-DATA,Analysis/Evaluation,Moderate,Free,English,W4-EARTHRAIN-084,Why does the stream level peak after the heaviest rainfall hour in the table?,Rainfall has no effect on streams.,Water instantly evaporates.,Runoff takes time to travel through the watershed.,Stream level controls earlier rainfall.,,C,Watershed routing creates a delay between rainfall and peak discharge.,,Hydrographs often lag behind rainfall intensity.,110,No calculator,True,Passed,Passed,Approved for Distribution
DOST-W4-312,4,Undergraduate,Part II — Power Test,Science,Earth Science,EARTH3 — Hydrology and Groundwater,peak stream level,SCI-DATA,Recognition/Recall,Easy,Premium,English,W4-EARTHRAIN-084,At which hour was stream level highest?,Hour 2,Hour 3,Hour 5,Hour 4,,D,The maximum listed stream level is 2.4 m at Hour 4.,,Read the maximum value from the correct column.,82,No calculator,True,Passed,Passed,Approved for Distribution
DOST-W4-313,4,Undergraduate,Part II — Power Test,Science,Earth Science,EARTH3 — Hydrology and Groundwater,aquifer recharge,SCI-APP,Analysis/Evaluation,Moderate,Premium,English,,Groundwater recharge is generally increased by:,infiltration through permeable soil,covering land with concrete,rapid surface runoff,pumping faster than replenishment,,A,Recharge occurs when water penetrates downward to an aquifer.,,Permeability and land cover influence recharge.,110,No calculator,False,Passed,Passed,Approved for Distribution
DOST-W4-314,4,Undergraduate,Part II — Power Test,Science,Earth Science,EARTH3 — Hydrology and Groundwater,meander erosion,SCI-APP,Analysis/Evaluation,Moderate,Premium,English,,"In a river bend, erosion is usually strongest on the:",inner bank where deposition dominates,outer bank where velocity is greater,river center only,floodplain far from the channel,,B,"Faster outer-bank flow promotes erosion, while slower inner flow deposits sediment.",,Velocity differences shape meanders.,110,No calculator,False,Passed,Passed,Approved for Distribution
DOST-W4-315,4,Undergraduate,Part II — Power Test,Science,Earth Science,EARTH3 — Hydrology and Groundwater,water treatment,SCI-APP,Analysis/Evaluation,Moderate,Premium,English,,Why is disinfection used after filtration in drinking-water treatment?,To add sediment,To increase turbidity,To inactivate disease-causing microorganisms that may remain,To remove all dissolved minerals,,C,Filtration reduces particles but may not remove or kill every pathogen.,,Treatment uses multiple barriers for different contaminants.,110,No calculator,False,Passed,Passed,Approved for Distribution
DOST-W4-316,4,Undergraduate,Part II — Power Test,Science,Earth Science,EARTH4 — Astronomy and Earth-Sun-Moon Systems,Kepler law,SCI-APP,Recognition/Recall,Moderate,Free,English,,A planet farther from the Sun generally has a:,shorter orbital period,greater surface gravity necessarily,smaller orbit,longer orbital period,,D,Kepler's third law links larger orbital size with longer period.,,Orbital period increases strongly with distance from the Sun.,110,No calculator,False,Passed,Passed,Approved for Distribution
DOST-W4-317,4,Undergraduate,Part II — Power Test,Science,Earth Science,EARTH4 — Astronomy and Earth-Sun-Moon Systems,lunar eclipse,SCI-APP,Recognition/Recall,Easy,Premium,English,,A lunar eclipse occurs when:,Earth lies between the Sun and Moon,the Moon lies between Earth and Sun,the Sun lies between Earth and Moon,the Moon stops reflecting light,,A,Earth's shadow falls on the Moon.,,Distinguish lunar from solar eclipse geometry.,82,No calculator,False,Passed,Passed,Approved for Distribution
DOST-W4-318,4,Undergraduate,Part II — Power Test,Science,Earth Science,EARTH4 — Astronomy and Earth-Sun-Moon Systems,main sequence,SCI-APP,Recognition/Recall,Moderate,Premium,English,,A main-sequence star produces most of its energy by:,chemical burning,hydrogen fusion in its core,gravitational collapse only,radioactive decay of rocks,,B,Core hydrogen fusion powers main-sequence stars.,,Stellar evolutionary stage is tied to the dominant energy source.,82,No calculator,False,Passed,Passed,Approved for Distribution
DOST-W4-319,4,Undergraduate,Part II — Power Test,Science,Earth Science,EARTH4 — Astronomy and Earth-Sun-Moon Systems,galaxy type,SCI-APP,Recognition/Recall,Moderate,Premium,English,,The Milky Way is classified as a:,elliptical galaxy only,irregular dwarf only,barred spiral galaxy,planetary nebula,,C,The Milky Way has spiral structure with a central bar.,,Galaxies are classified by large-scale structure.,110,No calculator,False,Passed,Passed,Approved for Distribution
DOST-W4-320,4,Undergraduate,Part II — Power Test,Science,Earth Science,EARTH4 — Astronomy and Earth-Sun-Moon Systems,cosmic background,SCI-APP,Analysis/Evaluation,Difficult,Premium,English,,The cosmic microwave background is important evidence for:,a stationary unchanging universe only,weather on Mars,Earth's magnetic field,"an early hot, dense universe",,D,It is remnant radiation from the early universe.,,Multiple observations support the expanding-universe model.,145,No calculator,False,Passed,Passed,Approved for Distribution
DOST-W4-321,4,Undergraduate,Part II — Power Test,Science,Earth Science,EARTH5 — Natural Hazards and Environmental Systems,landslide risk,SCI-APP,Analysis/Evaluation,Difficult,Free,English,,Landslide risk often increases after prolonged heavy rain because water:,raises pore pressure and reduces slope stability,turns all rock into magma,eliminates gravity,always strengthens soil,,A,Saturation can reduce effective friction and add weight.,,"Slope failure depends on material, water, geometry, and disturbance.",145,No calculator,False,Passed,Passed,Approved for Distribution
DOST-W4-322,4,Undergraduate,Part II — Power Test,Science,Earth Science,EARTH5 — Natural Hazards and Environmental Systems,volcanic lahar,SCI-APP,Recognition/Recall,Moderate,Premium,English,,A lahar is a rapidly moving mixture of:,dry desert sand only,water and volcanic debris,ocean salt and ice,lava and atmospheric oxygen only,,B,Rain or melted snow can mobilize ash and debris downslope.,,Volcanic hazards include flows beyond lava itself.,110,No calculator,False,Passed,Passed,Approved for Distribution
DOST-W4-323,4,Undergraduate,Part II — Power Test,Science,Earth Science,EARTH5 — Natural Hazards and Environmental Systems,risk,SCI-APP,Analysis/Evaluation,Difficult,Premium,English,,Disaster risk is generally greater when hazard exposure and vulnerability are high and:,the hazard map is colorful,population is zero,capacity to cope is low,weather is mild,,C,Limited preparedness and resources increase consequences.,,"Risk depends on hazard, exposure, vulnerability, and capacity.",110,No calculator,False,Passed,Passed,Approved for Distribution
DOST-W4-324,4,Undergraduate,Part II — Power Test,Science,Earth Science,EARTH5 — Natural Hazards and Environmental Systems,circular economy,SCI-APP,Recognition/Recall,Moderate,Premium,English,,A circular-economy approach aims to:,maximize disposal after one use,prevent all manufacturing,increase extraction only,"keep materials in use through repair, reuse, and recycling",,D,The goal is to reduce waste and retain material value.,,Circular systems extend product and material lifetimes.,110,No calculator,False,Passed,Passed,Approved for Distribution
DOST-W4-325,4,Undergraduate,Part II — Power Test,Science,Earth Science,EARTH5 — Natural Hazards and Environmental Systems,ecosystem service,SCI-APP,Analysis/Evaluation,Difficult,Premium,English,,Mangroves provide a regulating ecosystem service by:,reducing wave energy and trapping sediment,producing fossil fuel quickly,eliminating all storms,increasing coastal erosion,,A,Mangrove roots can damp waves and stabilize shorelines.,,Ecosystems can provide protective physical functions.,110,No calculator,False,Passed,Passed,Approved for Distribution
DOST-W4-326,4,Undergraduate,Part II — Power Test,Mathematics,Mathematics,MATH1 — Number Sense and Proportional Reasoning,percent decrease,MATH-WP,Multi-step Application,Moderate,Free,English,,A quantity falls from 560 to 476. What is the percent decrease?,12%,15%,18%,84%,,B,"The decrease is 84, and 84/560=0.15=15%.",560−476=84 | 84/560×100=15%,Percent change uses the original value.,82,No calculator,False,Passed,Passed,Approved for Distribution
DOST-W4-327,4,Undergraduate,Part II — Power Test,Mathematics,Mathematics,MATH1 — Number Sense and Proportional Reasoning,ratio sharing,MATH-WP,Multi-step Application,Moderate,Premium,English,,"A ₱36,000 budget is divided in the ratio 4:5:3. What is the largest share?","₱9,000","₱12,000","₱15,000","₱18,000",,C,"There are 12 parts; each part is ₱3,000, so 5 parts equal ₱15,000.","36,000/12=3,000 | 5×3,000=15,000",Add ratio parts before dividing.,115,No calculator,False,Passed,Passed,Approved for Distribution
DOST-W4-328,4,Undergraduate,Part II — Power Test,Mathematics,Mathematics,MATH1 — Number Sense and Proportional Reasoning,unit conversion,MATH-WP,Single-step Application,Easy,Free,English,,A tank holds 3.6 m³ of water. How many liters is this?,360 L,"36,000 L","360,000 L","3,600 L",,D,"One cubic meter equals 1,000 L, so 3.6 m³=3,600 L.",3.6×1000=3600,Use cubic-unit conversion factors carefully.,82,No calculator,False,Passed,Passed,Approved for Distribution
DOST-W4-329,4,Undergraduate,Part II — Power Test,Mathematics,Mathematics,MATH1 — Number Sense and Proportional Reasoning,fraction multiplication,MATH-WP,Single-step Application,Easy,Premium,English,,What is (7/9)(27/14)?,3/2,1/2,7/2,27/9,,A,Cancel 7 with 14 and 27 with 9: (1/2)(3)=3/2.,,Simplify before multiplying.,115,No calculator,False,Passed,Passed,Approved for Distribution
DOST-W4-330,4,Undergraduate,Part II — Power Test,Mathematics,Mathematics,MATH1 — Number Sense and Proportional Reasoning,successive discounts,MATH-WP,Multi-step Application,Moderate,Premium,English,,"An item priced at ₱2,000 is discounted 20% and then 10%. What is the final price?","₱1,400","₱1,440","₱1,600","₱1,700",,B,2000×0.80×0.90=1440.,2000×0.8=1600 | 1600×0.9=1440,Successive percentages multiply.,115,No calculator,False,Passed,Passed,Approved for Distribution
DOST-W4-331,4,Undergraduate,Part II — Power Test,Mathematics,Mathematics,MATH1 — Number Sense and Proportional Reasoning,scientific notation,MATH-WP,Multi-step Application,Moderate,Premium,English,,What is (6×10⁻⁴)(5×10⁶)?,3×10²,30×10¹⁰,3×10³,11×10²,,C,Multiply coefficients and add exponents: 30×10²=3×10³.,6×5=30 | 10² | normalize to 3×10³,Normalize scientific notation after combining powers.,115,No calculator,False,Passed,Passed,Approved for Distribution
DOST-W4-332,4,Undergraduate,Part II — Power Test,Mathematics,Mathematics,MATH1 — Number Sense and Proportional Reasoning,direct variation,MATH-WP,Multi-step Application,Moderate,Premium,English,,"If y varies directly as x and y=18 when x=6, what is y when x=11?",22,27,36,33,,D,"The constant is 18/6=3, so y=3(11)=33.",k=3 | y=33,"For direct variation, y/x is constant.",115,No calculator,False,Passed,Passed,Approved for Distribution
DOST-W4-333,4,Undergraduate,Part II — Power Test,Mathematics,Mathematics,MATH1 — Number Sense and Proportional Reasoning,inverse rate,MATH-WP,Multi-step Application,Moderate,Premium,English,,"Twelve workers finish a project in 18 days. At the same rate, how many days would 27 workers need?",8 days,6 days,12 days,40.5 days,,A,Worker-days=12×18=216; 216/27=8 days.,12×18=216 | 216/27=8,"For fixed work, workers and time vary inversely.",155,No calculator,False,Passed,Passed,Approved for Distribution
DOST-W4-334,4,Undergraduate,Part II — Power Test,Mathematics,Mathematics,MATH1 — Number Sense and Proportional Reasoning,order of magnitude,MATH-WP,Single-step Application,Easy,Free,English,,Which is closest to √195?,10,14,12,20,,B,"14²=196, so √195 is just below 14.",,Use nearby perfect squares.,82,No calculator,False,Passed,Passed,Approved for Distribution
DOST-W4-335,4,Undergraduate,Part II — Power Test,Mathematics,Mathematics,MATH1 — Number Sense and Proportional Reasoning,scale factor,MATH-WP,Multi-step Application,Moderate,Premium,English,,A model uses a 1:50 scale. A 7 cm model length represents:,0.14 m,0.35 m,3.5 m,35 m,,C,7 cm×50=350 cm=3.5 m.,7×50=350 cm | 350 cm=3.5 m,Apply the scale and then convert units.,115,No calculator,False,Passed,Passed,Approved for Distribution
DOST-W4-336,4,Undergraduate,Part II — Power Test,Mathematics,Mathematics,MATH2 — Expressions and Algebraic Manipulation,simplification,MATH-WP,Multi-step Application,Moderate,Free,English,,Simplify 3(4x−5)−2(3x+7).,6x−1,18x−29,x−12,6x−29,,D,12x−15−6x−14=6x−29.,expand | combine like terms,Distribute negative signs carefully.,82,No calculator,False,Passed,Passed,Approved for Distribution
DOST-W4-337,4,Undergraduate,Part II — Power Test,Mathematics,Mathematics,MATH2 — Expressions and Algebraic Manipulation,factor GCF,MATH-WP,Single-step Application,Easy,Free,English,,Factor 15a²b−10ab².,5ab(3a−2b),5ab(3a+2b),5a(3ab−2b²) only,ab(15a−10b²),,A,The greatest common factor is 5ab.,,Extract the greatest common factor first.,82,No calculator,False,Passed,Passed,Approved for Distribution
DOST-W4-338,4,Undergraduate,Part II — Power Test,Mathematics,Mathematics,MATH2 — Expressions and Algebraic Manipulation,factor trinomial,MATH-WP,Single-step Application,Moderate,Premium,English,,Factor x²+2x−35.,(x−7)(x+5),(x+7)(x−5),(x+35)(x−1),(x−5)²,,B,Numbers 7 and −5 multiply to −35 and add to 2.,,Match sum and product.,115,No calculator,False,Passed,Passed,Approved for Distribution
DOST-W4-339,4,Undergraduate,Part II — Power Test,Mathematics,Mathematics,MATH2 — Expressions and Algebraic Manipulation,sum of cubes,MATH-WP,Single-step Application,Moderate,Premium,English,,Factor x³+27.,(x+3)³,(x−3)(x²+3x+9),(x+3)(x²−3x+9),(x+27)(x²+1),,C,a³+b³=(a+b)(a²−ab+b²).,,Recognize the sum-of-cubes pattern.,155,No calculator,False,Passed,Passed,Approved for Distribution
DOST-W4-340,4,Undergraduate,Part II — Power Test,Mathematics,Mathematics,MATH2 — Expressions and Algebraic Manipulation,laws of exponents,MATH-WP,Multi-step Application,Moderate,Premium,English,,Simplify (3x²y⁻¹)².,6x⁴/y,9x²/y²,3x⁴/y²,9x⁴/y²,,D,Square the coefficient and double each exponent.,3²=9 | x^(2×2)=x⁴ | y^(−1×2)=y⁻²,Apply the outer exponent to every factor.,115,No calculator,False,Passed,Passed,Approved for Distribution
DOST-W4-341,4,Undergraduate,Part II — Power Test,Mathematics,Mathematics,MATH2 — Expressions and Algebraic Manipulation,rational algebra,MATH-WP,Single-step Application,Moderate,Premium,English,,"Simplify (x²−25)/(x−5), x≠5.",x+5,x−5,x²+5,1,,A,"Factor as (x−5)(x+5), then cancel x−5.",,Factor before canceling common factors.,115,No calculator,False,Passed,Passed,Approved for Distribution
DOST-W4-342,4,Undergraduate,Part II — Power Test,Mathematics,Mathematics,MATH2 — Expressions and Algebraic Manipulation,radical simplification,MATH-WP,Multi-step Application,Moderate,Premium,English,,Simplify √(72m²) for m≥0.,8m√2,6m√2,12m,36m√2,,B,72=36×2 and √m²=m.,√36=6 | result=6m√2,Extract perfect-square factors.,115,No calculator,False,Passed,Passed,Approved for Distribution
DOST-W4-343,4,Undergraduate,Part II — Power Test,Mathematics,Mathematics,MATH2 — Expressions and Algebraic Manipulation,fraction division,MATH-WP,Single-step Application,Easy,Free,English,,Simplify (5/6)÷(10/9).,4/3,5/9,3/4,25/60,,C,Multiply by the reciprocal: 5/6×9/10=45/60=3/4.,,Divide fractions by multiplying by the reciprocal.,82,No calculator,False,Passed,Passed,Approved for Distribution
DOST-W4-344,4,Undergraduate,Part II — Power Test,Mathematics,Mathematics,MATH2 — Expressions and Algebraic Manipulation,polynomial substitution,MATH-WP,Single-step Application,Moderate,Premium,English,,"If Q(t)=2t³−t²+4, what is Q(−1)?",−7,3,7,1,,D,2(−1)³−(−1)²+4=−2−1+4=1.,−2−1+4=1,Use parentheses when substituting negative values.,115,No calculator,False,Passed,Passed,Approved for Distribution
DOST-W4-345,4,Undergraduate,Part II — Power Test,Mathematics,Mathematics,MATH2 — Expressions and Algebraic Manipulation,binomial product,MATH-WP,Single-step Application,Easy,Free,English,,Expand (x−4)(x+6).,x²+2x−24,x²−2x−24,x²+10x−24,x²−24,,A,x²+6x−4x−24=x²+2x−24.,,Multiply every term in one binomial by every term in the other.,82,No calculator,False,Passed,Passed,Approved for Distribution
DOST-W4-346,4,Undergraduate,Part II — Power Test,Mathematics,Mathematics,"MATH3 — Equations, Systems, and Inequalities",linear equation,MATH-WP,Multi-step Application,Moderate,Free,English,,Solve 5x+7=42.,5,7,9,35,,B,"5x=35, so x=7.",5x=35 | x=7,Isolate the variable term.,82,No calculator,False,Passed,Passed,Approved for Distribution
DOST-W4-347,4,Undergraduate,Part II — Power Test,Mathematics,Mathematics,"MATH3 — Equations, Systems, and Inequalities",equation with parentheses,MATH-WP,Multi-step Application,Moderate,Premium,English,,Solve 3(x−2)=2x+5.,7,9,11,13,,C,"3x−6=2x+5, so x=11.",3x−6=2x+5 | x=11,Expand before collecting variable terms.,115,No calculator,False,Passed,Passed,Approved for Distribution
DOST-W4-348,4,Undergraduate,Part II — Power Test,Mathematics,Mathematics,"MATH3 — Equations, Systems, and Inequalities",system elimination,MATH-WP,Multi-step Application,Moderate,Premium,English,,Solve 2x+3y=17 and 2x−y=5.,"x=2,y=3","x=5,y=1","x=3,y=4","x=4,y=3",,D,"Subtract the second equation from the first: 4y=12, y=3; then x=4.",4y=12 | y=3 | 2x−3=5 | x=4,Eliminate one variable using aligned coefficients.,115,No calculator,False,Passed,Passed,Approved for Distribution
DOST-W4-349,4,Undergraduate,Part II — Power Test,Mathematics,Mathematics,"MATH3 — Equations, Systems, and Inequalities",system word problem,MATH-WP,Multi-step Application,Moderate,Premium,English,,Two notebooks and one pen cost ₱110. One notebook and two pens cost ₱100. What is the price of one notebook?,₱40,₱30,₱50,₱60,,A,Let n and p be prices. Solving 2n+p=110 and n+2p=100 gives n=40.,2n+p=110 | n+2p=100 | 3n=120 | n=40,Translate purchases into simultaneous equations.,155,No calculator,False,Passed,Passed,Approved for Distribution
DOST-W4-350,4,Undergraduate,Part II — Power Test,Mathematics,Mathematics,"MATH3 — Equations, Systems, and Inequalities",compound inequality,MATH-WP,Single-step Application,Moderate,Premium,English,,Solve −3≤2x+1<9.,−1≤x<5,−2≤x<4,−4≤x<2,x<4,,B,"Subtract 1 and divide by 2: −4≤2x<8, so −2≤x<4.",,Perform the same operation on all parts.,115,No calculator,False,Passed,Passed,Approved for Distribution
DOST-W4-351,4,Undergraduate,Part II — Power Test,Mathematics,Mathematics,"MATH3 — Equations, Systems, and Inequalities",absolute equation,MATH-WP,Single-step Application,Moderate,Premium,English,,Solve |2x−3|=7.,x=2 or x=−5,x=5 only,x=5 or x=−2,x=−2 only,,C,2x−3=7 gives x=5; 2x−3=−7 gives x=−2.,2x−3=±7,Create two linear cases.,115,No calculator,False,Passed,Passed,Approved for Distribution
DOST-W4-352,4,Undergraduate,Part II — Power Test,Mathematics,Mathematics,"MATH3 — Equations, Systems, and Inequalities",quadratic roots,MATH-WP,Single-step Application,Easy,Free,English,,Solve x²+3x−10=0.,x=5 or x=−2,x=10 or x=−1,x=−2 only,x=2 or x=−5,,D,(x+5)(x−2)=0.,,Set each factor equal to zero.,82,No calculator,False,Passed,Passed,Approved for Distribution
DOST-W4-353,4,Undergraduate,Part II — Power Test,Mathematics,Mathematics,"MATH3 — Equations, Systems, and Inequalities",radical equation,MATH-WP,Multi-step Application,Moderate,Free,English,,Solve √(x+1)=4.,x=15,x=3,x=8,x=17,,A,"Square both sides: x+1=16, so x=15.",x+1=16 | x=15,Check solutions after squaring.,82,No calculator,False,Passed,Passed,Approved for Distribution
DOST-W4-354,4,Undergraduate,Part II — Power Test,Mathematics,Mathematics,"MATH3 — Equations, Systems, and Inequalities",rate equation,MATH-WP,Single-step Application,Easy,Free,English,,A pipe fills 1/6 of a tank per hour. How long does it take to fill the tank alone?,1/6 h,6 h,3 h,12 h,,B,Time is the reciprocal of the rate: 6 hours.,,A whole-task time is the reciprocal of fractional rate.,82,No calculator,False,Passed,Passed,Approved for Distribution
DOST-W4-355,4,Undergraduate,Part II — Power Test,Mathematics,Mathematics,"MATH3 — Equations, Systems, and Inequalities",feasibility,MATH-WP,Single-step Application,Moderate,Premium,English,,Which point satisfies both x≥0 and x+y≤6?,"(−1,2)","(4,3)","(2,3)","(7,−2)",,C,"(2,3) has x≥0 and 2+3=5≤6.",,Test every inequality for each candidate.,115,No calculator,False,Passed,Passed,Approved for Distribution
DOST-W4-356,4,Undergraduate,Part II — Power Test,Mathematics,Mathematics,"MATH4 — Functions, Relations, and Graphs",function value,MATH-WP,Single-step Application,Easy,Free,English,,"If f(x)=4−2x, what is f(−3)?",−10,−2,14,10,,D,f(−3)=4−2(−3)=10.,4+6=10,Substitute the input with parentheses.,82,No calculator,False,Passed,Passed,Approved for Distribution
DOST-W4-357,4,Undergraduate,Part II — Power Test,Mathematics,Mathematics,"MATH4 — Functions, Relations, and Graphs",composition,MATH-WP,Multi-step Application,Moderate,Premium,English,,"If f(x)=x²−1 and g(x)=x+3, what is f(g(2))?",24,8,15,35,,A,g(2)=5 and f(5)=25−1=24.,g(2)=5 | f(5)=24,Evaluate the inner function first.,115,No calculator,False,Passed,Passed,Approved for Distribution
DOST-W4-358,4,Undergraduate,Part II — Power Test,Mathematics,Mathematics,"MATH4 — Functions, Relations, and Graphs",inverse,MATH-WP,Single-step Application,Moderate,Premium,English,,"If h(x)=(x−4)/3, then h⁻¹(x) is:",x/3−4,3x+4,3x−4,(x+4)/3,,B,Swap x and y and solve: y=3x+4.,,Undo division and subtraction in reverse order.,155,No calculator,False,Passed,Passed,Approved for Distribution
DOST-W4-359,4,Undergraduate,Part II — Power Test,Mathematics,Mathematics,"MATH4 — Functions, Relations, and Graphs",domain rational,MATH-WP,Single-step Application,Moderate,Premium,English,,What is the domain of f(x)=(x+1)/(x²−9)?,all real x,x>3 only,all real x except −3 and 3,x≠−1,,C,The denominator is zero at x=±3.,,Exclude denominator zeros.,115,No calculator,False,Passed,Passed,Approved for Distribution
DOST-W4-360,4,Undergraduate,Part II — Power Test,Mathematics,Mathematics,"MATH4 — Functions, Relations, and Graphs",range quadratic,MATH-WP,Single-step Application,Moderate,Premium,English,,What is the minimum value of y=(x−2)²+5?,−5,0,2,5,,D,"The squared term is at least zero, so the minimum is 5.",,Read the vertex form directly.,115,No calculator,False,Passed,Passed,Approved for Distribution
DOST-W4-361,4,Undergraduate,Part II — Power Test,Mathematics,Mathematics,"MATH4 — Functions, Relations, and Graphs",line equation,MATH-WP,Single-step Application,Easy,Free,English,,"Which equation has slope 3 and passes through (0,−2)?",y=3x−2,y=−2x+3,y=3x+2,y=−3x−2,,A,Slope-intercept form is y=mx+b with m=3 and b=−2.,,A point with x=0 gives the y-intercept.,82,No calculator,False,Passed,Passed,Approved for Distribution
DOST-W4-362,4,Undergraduate,Part II — Power Test,Mathematics,Mathematics,"MATH4 — Functions, Relations, and Graphs",perpendicular slope,MATH-WP,Single-step Application,Moderate,Premium,English,,A line perpendicular to y=(1/2)x+4 has slope:,−1/2,−2,1/2,2,,B,Perpendicular slopes are negative reciprocals.,,"For nonvertical lines, m1m2=−1.",115,No calculator,False,Passed,Passed,Approved for Distribution
DOST-W4-363,4,Undergraduate,Part II — Power Test,Mathematics,Mathematics,"MATH4 — Functions, Relations, and Graphs",exponential decay,MATH-WP,Single-step Application,Easy,Free,English,,A quantity follows A=800(1/2)^t. What is A when t=3?,50,200,100,400,,C,800/2³=800/8=100.,800÷8=100,Apply one halving per time unit.,82,No calculator,False,Passed,Passed,Approved for Distribution
DOST-W4-364,4,Undergraduate,Part II — Power Test,Mathematics,Mathematics,"MATH4 — Functions, Relations, and Graphs",piecewise evaluation,MATH-WP,Single-step Application,Moderate,Premium,English,,Let f(x)=2x for x<1 and f(x)=x+5 for x≥1. What is f(1)?,1,2,5,6,,D,"Because 1≥1, use x+5=6.",,Use the condition that includes the boundary value.,115,No calculator,False,Passed,Passed,Approved for Distribution
DOST-W4-365,4,Undergraduate,Part II — Power Test,Mathematics,Mathematics,"MATH4 — Functions, Relations, and Graphs",function test,MATH-WP,Single-step Application,Easy,Premium,English,,Which relation is a function?,"{(0,3),(1,3),(2,3)}","{(1,2),(1,4),(2,5)}","{(2,1),(2,2),(3,4)}","{(−1,0),(−1,1),(0,2)}",,A,Each input in the second relation has exactly one output.,,Repeated outputs are allowed; repeated inputs with different outputs are not.,82,No calculator,False,Passed,Passed,Approved for Distribution
DOST-W4-366,4,Undergraduate,Part II — Power Test,Mathematics,Mathematics,MATH5 — Geometry and Measurement,triangle exterior angle,MATH-WP,Single-step Application,Easy,Free,English,,A triangle has remote interior angles 48° and 67°. The exterior angle is:,19°,115°,65°,125°,,B,An exterior angle equals the sum of the two remote interior angles: 48+67=115°.,48+67=115,Use the exterior-angle theorem.,82,No calculator,False,Passed,Passed,Approved for Distribution
DOST-W4-367,4,Undergraduate,Part II — Power Test,Mathematics,Mathematics,MATH5 — Geometry and Measurement,similar triangles,MATH-WP,Multi-step Application,Moderate,Premium,English,,"A 9 cm side corresponds to a 15 cm side in a similar triangle. If another side is 12 cm in the first triangle, its corresponding length is:",16 cm,18 cm,20 cm,24 cm,,C,Scale factor=15/9=5/3; 12×5/3=20.,15/9=5/3 | 12×5/3=20,Use one consistent scale factor.,115,No calculator,False,Passed,Passed,Approved for Distribution
DOST-W4-368,4,Undergraduate,Part II — Power Test,Mathematics,Mathematics,MATH5 — Geometry and Measurement,circle circumference,MATH-WP,Single-step Application,Easy,Premium,English,,A circle has radius 7 cm. Its circumference is:,7π cm,49π cm,98π cm,14π cm,,D,C=2πr=14π.,,Circumference is 2πr.,82,No calculator,False,Passed,Passed,Approved for Distribution
DOST-W4-369,4,Undergraduate,Part II — Power Test,Mathematics,Mathematics,MATH5 — Geometry and Measurement,sector area,MATH-WP,Single-step Application,Moderate,Premium,English,,A 120° sector of a circle with radius 6 cm has area:,12π cm²,6π cm²,18π cm²,36π cm²,,A,120/360×π(6²)=1/3×36π=12π.,1/3×36π=12π,Use the same fraction of total circle area as the central angle.,115,No calculator,False,Passed,Passed,Approved for Distribution
DOST-W4-370,4,Undergraduate,Part II — Power Test,Mathematics,Mathematics,MATH5 — Geometry and Measurement,cone volume,MATH-WP,Single-step Application,Moderate,Premium,English,,A cone has radius 3 cm and height 8 cm. Its volume is:,12π cm³,24π cm³,48π cm³,72π cm³,,B,V=1/3πr²h=1/3×π×9×8=24π.,72π/3=24π,Cone volume is one-third of the matching cylinder.,115,No calculator,False,Passed,Passed,Approved for Distribution
DOST-W4-371,4,Undergraduate,Part II — Power Test,Mathematics,Mathematics,MATH5 — Geometry and Measurement,sphere surface area,MATH-WP,Single-step Application,Easy,Premium,English,,A sphere of radius 4 cm has surface area:,16π cm²,32π cm²,64π cm²,256π cm²,,C,Surface area=4πr²=4π(16)=64π.,,Use 4πr² for a sphere.,82,No calculator,False,Passed,Passed,Approved for Distribution
DOST-W4-372,4,Undergraduate,Part II — Power Test,Mathematics,Mathematics,MATH5 — Geometry and Measurement,midpoint,MATH-WP,Single-step Application,Moderate,Premium,English,,"What is the midpoint of (−4,6) and (8,−2)?","(4,4)","(2,4)","(6,2)","(2,2)",,D,"Average coordinates: ((−4+8)/2,(6−2)/2)=(2,2).",,Average x-values and y-values separately.,115,No calculator,False,Passed,Passed,Approved for Distribution
DOST-W4-373,4,Undergraduate,Part II — Power Test,Mathematics,Mathematics,MATH5 — Geometry and Measurement,parallel lines geometry,MATH-WP,Single-step Application,Easy,Premium,English,,"If alternate interior angles are congruent, the two lines are:",parallel,perpendicular,intersecting at 45°,coincident only,,A,The converse of the alternate-interior-angle theorem establishes parallelism.,,Angle relationships can prove lines parallel.,82,No calculator,False,Passed,Passed,Approved for Distribution
DOST-W4-374,4,Undergraduate,Part II — Power Test,Mathematics,Mathematics,MATH5 — Geometry and Measurement,regular polygon interior,MATH-WP,Single-step Application,Moderate,Premium,English,,Each interior angle of a regular octagon is:,108°,135°,120°,144°,,B,Sum=(8−2)180=1080; divide by 8 gives 135°.,1080/8=135,"Find total interior angle sum, then divide by number of sides.",115,No calculator,False,Passed,Passed,Approved for Distribution
DOST-W4-375,4,Undergraduate,Part II — Power Test,Mathematics,Mathematics,MATH5 — Geometry and Measurement,composite volume,MATH-WP,Multi-step Application,Moderate,Premium,English,,A rectangular tank measures 3 m×2 m×1.5 m and is filled to two-thirds of its capacity. Water volume is:,3 m³,9 m³,6 m³,12 m³,,C,Full volume=9 m³; two-thirds is 6 m³.,3×2×1.5=9 | 2/3×9=6,Find total capacity before applying the filled fraction.,115,No calculator,False,Passed,Passed,Approved for Distribution
DOST-W4-376,4,Undergraduate,Part II — Power Test,Mathematics,Mathematics,MATH6 — Trigonometry,sine ratio,MATH-WP,Single-step Application,Easy,Free,English,,"In a right triangle, the opposite side is 12 and the hypotenuse is 13. What is sinθ?",5/13,13/12,12/5,12/13,,D,sinθ=opposite/hypotenuse=12/13.,,Sine compares opposite side with hypotenuse.,82,No calculator,False,Passed,Passed,Approved for Distribution
DOST-W4-377,4,Undergraduate,Part II — Power Test,Mathematics,Mathematics,MATH6 — Trigonometry,cosine ratio,MATH-WP,Single-step Application,Easy,Premium,English,,Adjacent=8 and hypotenuse=17. What is cosθ?,8/17,8/15,15/17,17/8,,A,cosθ=adjacent/hypotenuse=8/17.,,Cosine compares adjacent side with hypotenuse.,82,No calculator,False,Passed,Passed,Approved for Distribution
DOST-W4-378,4,Undergraduate,Part II — Power Test,Mathematics,Mathematics,MATH6 — Trigonometry,tangent application,MATH-WP,Single-step Application,Easy,Premium,English,,A tree casts a 10 m shadow when the angle of elevation of the Sun is 45°. The tree's height is:,5 m,10 m,10√2 m,20 m,,B,"tan45°=h/10=1, so h=10 m.",,"At 45°, opposite and adjacent are equal.",82,No calculator,False,Passed,Passed,Approved for Distribution
DOST-W4-379,4,Undergraduate,Part II — Power Test,Mathematics,Mathematics,MATH6 — Trigonometry,special angle,MATH-WP,Single-step Application,Easy,Premium,English,,What is cos60°?,0,√2/2,1/2,√3/2,,C,The standard exact value is 1/2.,,Use special-angle values.,82,No calculator,False,Passed,Passed,Approved for Distribution
DOST-W4-380,4,Undergraduate,Part II — Power Test,Mathematics,Mathematics,MATH6 — Trigonometry,law of cosines,MATH-WP,Single-step Application,Moderate,Premium,English,,Two sides of a triangle are 6 and 8 with included angle 60°. The opposite side squared is:,28,36,100,52,,D,c²=36+64−2(6)(8)(1/2)=100−48=52.,100−48=52,Use the included angle in the law of cosines.,155,No calculator,False,Passed,Passed,Approved for Distribution
DOST-W4-381,4,Undergraduate,Part II — Power Test,Mathematics,Mathematics,MATH6 — Trigonometry,law of sines,MATH-WP,Single-step Application,Moderate,Premium,English,,Side a=9 is opposite 30°. Side b is opposite 90°. What is b?,18,4.5,9,27,,A,9/sin30=b/sin90; 9/0.5=18.,9/0.5=18,Pair each side with its opposite angle.,115,No calculator,False,Passed,Passed,Approved for Distribution
DOST-W4-382,4,Undergraduate,Part II — Power Test,Mathematics,Mathematics,MATH6 — Trigonometry,identity,MATH-WP,Single-step Application,Easy,Premium,English,,Simplify sin²θ+cos²θ.,0,1,tan²θ,2,,B,The Pythagorean identity equals 1.,,Recognize fundamental trigonometric identities.,82,No calculator,False,Passed,Passed,Approved for Distribution
DOST-W4-383,4,Undergraduate,Part II — Power Test,Mathematics,Mathematics,MATH6 — Trigonometry,bearing magnitude,MATH-WP,Single-step Application,Easy,Premium,English,,A displacement is 9 km east and 12 km north. Its magnitude is:,18 km,21 km,15 km,108 km,,C,√(9²+12²)=√225=15 km.,√225=15,Perpendicular components form a right triangle.,82,No calculator,False,Passed,Passed,Approved for Distribution
DOST-W4-384,4,Undergraduate,Part II — Power Test,Mathematics,Mathematics,MATH6 — Trigonometry,angle from ratio,MATH-WP,Single-step Application,Easy,Premium,English,,"If sinθ=√3/2 and θ is acute, θ is:",30°,45°,90°,60°,,D,sin60°=√3/2.,,Match exact special-angle ratios.,82,No calculator,False,Passed,Passed,Approved for Distribution
DOST-W4-385,4,Undergraduate,Part II — Power Test,Mathematics,Mathematics,MATH6 — Trigonometry,two-step height,MATH-WP,Single-step Application,Moderate,Premium,English,,"From a point 30 m from a tower, the angle of elevation is 30°. Ignoring eye height, the tower height is:",10√3 m,15 m,30√3 m,60 m,,A,h=30 tan30°=30/√3=10√3 m.,30/√3=10√3,Use tangent for opposite and adjacent sides.,115,No calculator,False,Passed,Passed,Approved for Distribution
DOST-W4-386,4,Undergraduate,Part II — Power Test,Mathematics,Mathematics,MATH7 — Sequences and Pattern Reasoning,arithmetic nth term,MATH-WP,Analysis/Evaluation,Difficult,Free,English,,"Find the 18th term of 4, 9, 14, 19, ...",84,89,94,99,,B,a18=4+17(5)=89.,4+85=89,Use a_n=a_1+(n−1)d.,115,No calculator,False,Passed,Passed,Approved for Distribution
DOST-W4-387,4,Undergraduate,Part II — Power Test,Mathematics,Mathematics,MATH7 — Sequences and Pattern Reasoning,arithmetic sum,MATH-WP,Multi-step Application,Moderate,Premium,English,,"Find the sum of the first 15 terms of 2, 5, 8, ...",315,330,345,360,,C,a15=2+14(3)=44; S=15(2+44)/2=345.,a15=44 | S=15×46/2=345,Find the final term before using the sum formula.,155,No calculator,False,Passed,Passed,Approved for Distribution
DOST-W4-388,4,Undergraduate,Part II — Power Test,Mathematics,Mathematics,MATH7 — Sequences and Pattern Reasoning,geometric nth term,MATH-WP,Analysis/Evaluation,Difficult,Premium,English,,"Find the 8th term of 3, 6, 12, ...",192,256,768,384,,D,a8=3×2⁷=384.,3×128=384,The exponent is n−1.,115,No calculator,False,Passed,Passed,Approved for Distribution
DOST-W4-389,4,Undergraduate,Part II — Power Test,Mathematics,Mathematics,MATH7 — Sequences and Pattern Reasoning,geometric sum,MATH-WP,Analysis/Evaluation,Moderate,Premium,English,,Find 2+6+18+54.,80,72,96,108,,A,The sum is 80.,,Add directly or use a finite geometric-series formula.,82,No calculator,False,Passed,Passed,Approved for Distribution
DOST-W4-390,4,Undergraduate,Part II — Power Test,Mathematics,Mathematics,MATH7 — Sequences and Pattern Reasoning,recursive rule,MATH-WP,Analysis/Evaluation,Difficult,Premium,English,,"What is the next term: 5, 12, 26, 54, ____?",82,110,106,112,,B,Each term is twice the previous plus 2: 54×2+2=110.,,Test the recurrence across every transition.,115,No calculator,False,Passed,Passed,Approved for Distribution
DOST-W4-391,4,Undergraduate,Part II — Power Test,Mathematics,Mathematics,MATH7 — Sequences and Pattern Reasoning,difference pattern,MATH-WP,Analysis/Evaluation,Difficult,Premium,English,,"The sequence 1, 5, 11, 19, 29 has differences 4,6,8,10. The next term is:",39,43,41,45,,C,"The next difference is 12, so 29+12=41.",,Constant second differences indicate a quadratic pattern.,115,No calculator,False,Passed,Passed,Approved for Distribution
DOST-W4-392,4,Undergraduate,Part II — Power Test,Mathematics,Mathematics,MATH7 — Sequences and Pattern Reasoning,alternating operations,MATH-WP,Analysis/Evaluation,Difficult,Premium,English,,"Find the next term: 6, 18, 16, 48, 46, ____",92,140,144,138,,D,"The pattern alternates ×3, −2; 46×3=138.",,Separate alternating operations.,115,No calculator,False,Passed,Passed,Approved for Distribution
DOST-W4-393,4,Undergraduate,Part II — Power Test,Mathematics,Mathematics,MATH7 — Sequences and Pattern Reasoning,recursive addition,MATH-WP,Analysis/Evaluation,Moderate,Premium,English,,"A sequence begins 2, 5, 7, 12, 19. What is the next term?",31,24,28,38,,A,Each term after the second is the sum of the previous two: 12+19=31.,,Check whether each term combines previous terms.,82,No calculator,False,Passed,Passed,Approved for Distribution
DOST-W4-394,4,Undergraduate,Part II — Power Test,Mathematics,Mathematics,MATH7 — Sequences and Pattern Reasoning,explicit rule,MATH-WP,Analysis/Evaluation,Difficult,Premium,English,,"Which formula generates 7,11,15,19,...?",a_n=4n−1,a_n=4n+3,a_n=7n−3,a_n=3n+4,,B,"For n=1, 4(1)+3=7 and the common difference is 4.",,Match both first term and common difference.,115,No calculator,False,Passed,Passed,Approved for Distribution
DOST-W4-395,4,Undergraduate,Part II — Power Test,Mathematics,Mathematics,MATH7 — Sequences and Pattern Reasoning,growth comparison,MATH-WP,Analysis/Evaluation,Difficult,Premium,English,,"For sufficiently large n, which grows fastest?",n³,3n,3^n,√n,,C,Exponential growth eventually exceeds polynomial and root growth.,,Compare long-run growth classes.,155,No calculator,False,Passed,Passed,Approved for Distribution
DOST-W4-396,4,Undergraduate,Part II — Power Test,Mathematics,Mathematics,MATH8 — Statistics and Probability,mean unknown,MATH-WP,Analysis/Evaluation,Difficult,Free,English,,"The mean of 6, 9, 11, 14, and x is 12. Find x.",10,15,24,20,,D,"Total must be 60; known total is 40, so x=20.",60−40=20,Mean times number of values gives total.,115,No calculator,False,Passed,Passed,Approved for Distribution
DOST-W4-397,4,Undergraduate,Part II — Power Test,Mathematics,Mathematics,MATH8 — Statistics and Probability,median,MATH-WP,Analysis/Evaluation,Moderate,Premium,English,,"What is the median of 4, 12, 7, 9, 15, and 3?",8,7,9,10,,A,"Ordered values are 3,4,7,9,12,15; median=(7+9)/2=8.",,Order the data before locating the middle.,82,No calculator,False,Passed,Passed,Approved for Distribution
DOST-W4-398,4,Undergraduate,Part II — Power Test,Mathematics,Mathematics,MATH8 — Statistics and Probability,variance concept,MATH-WP,Analysis/Evaluation,Difficult,Premium,English,,Which data set has zero variance?,"2,4,6,8","5,5,5,5","1,1,2,2","0,5,10,15",,B,Variance is zero only when all values are identical.,,Variance measures spread around the mean.,82,No calculator,False,Passed,Passed,Approved for Distribution
DOST-W4-399,4,Undergraduate,Part II — Power Test,Mathematics,Mathematics,MATH8 — Statistics and Probability,simple probability,MATH-WP,Analysis/Evaluation,Difficult,Premium,English,,A card is chosen from numbers 1–10. Probability it is a multiple of 3 is:,1/5,2/5,3/10,1/2,,C,"The favorable numbers are 3,6,9: 3 out of 10.",,Count favorable outcomes in the sample space.,82,No calculator,False,Passed,Passed,Approved for Distribution
DOST-W4-400,4,Undergraduate,Part II — Power Test,Mathematics,Mathematics,MATH8 — Statistics and Probability,complement probability,MATH-WP,Analysis/Evaluation,Difficult,Premium,English,,"If the probability of rain is 0.35, the probability of no rain is:",0.35,0.50,1.35,0.65,,D,The complement is 1−0.35=0.65.,,Complementary probabilities sum to 1.,82,No calculator,False,Passed,Passed,Approved for Distribution
DOST-W4-401,4,Undergraduate,Part II — Power Test,Mathematics,Mathematics,MATH8 — Statistics and Probability,conditional probability,MATH-WP,Analysis/Evaluation,Difficult,Premium,English,,"A box has 4 red and 6 blue balls. Given that the selected ball is not blue, the probability it is red is:",1,2/5,3/5,4/10,,A,Not blue means the ball must be red.,,Restrict the sample space to the given condition.,115,No calculator,False,Passed,Passed,Approved for Distribution
DOST-W4-402,4,Undergraduate,Part II — Power Test,Mathematics,Mathematics,MATH8 — Statistics and Probability,combination,MATH-WP,Analysis/Evaluation,Difficult,Premium,English,,How many committees of 3 can be chosen from 6 people?,18,20,60,120,,B,6C3=20.,,Order does not matter in a committee.,115,No calculator,False,Passed,Passed,Approved for Distribution
DOST-W4-403,4,Undergraduate,Part II — Power Test,Mathematics,Mathematics,MATH8 — Statistics and Probability,permutation,MATH-WP,Analysis/Evaluation,Difficult,Premium,English,,"How many three-letter arrangements can be made from A, B, C, D without repetition?",4,12,24,64,,C,4P3=4×3×2=24.,,Order matters in arrangements.,115,No calculator,False,Passed,Passed,Approved for Distribution
DOST-W4-404,4,Undergraduate,Part II — Power Test,Mathematics,Mathematics,MATH8 — Statistics and Probability,expected value,MATH-WP,Analysis/Evaluation,Difficult,Premium,English,,A game pays ₱20 with probability 0.25 and ₱0 otherwise. Expected payout is:,₱4,₱10,₱20,₱5,,D,20(0.25)=₱5.,,Expected value is the probability-weighted average.,115,No calculator,False,Passed,Passed,Approved for Distribution
DOST-W4-405,4,Undergraduate,Part II — Power Test,Mathematics,Mathematics,MATH8 — Statistics and Probability,correlation caution,MATH-WP,Analysis/Evaluation,Difficult,Premium,English,,A strong correlation between two variables means:,"they vary together, but causation is not automatically established",one definitely causes the other,the variables are identical,no third factor can matter,,A,Correlation alone does not isolate cause.,,Look for confounders and study design before claiming causation.,155,No calculator,False,Passed,Passed,Approved for Distribution
DOST-W4-406,4,Undergraduate,Part II — Power Test,Mathematics,Mathematics,MATH9 — Applied Quantitative Problems,simple interest,MATH-WP,Single-step Application,Easy,Free,English,,"What simple interest is earned on ₱12,000 at 4% per year for 3 years?",₱480,"₱1,440",₱960,"₱13,440",,B,I=Prt=12000×0.04×3=1440.,"12,000×0.12=1,440",Simple interest uses the original principal.,82,No calculator,False,Passed,Passed,Approved for Distribution
DOST-W4-407,4,Undergraduate,Part II — Power Test,Mathematics,Mathematics,MATH9 — Applied Quantitative Problems,compound interest,MATH-WP,Single-step Application,Moderate,Premium,English,,"₱5,000 grows at 20% annually for 2 years. Final amount is:","₱6,000","₱7,000","₱7,200","₱10,000",,C,5000(1.2)²=5000(1.44)=7200.,5000×1.44=7200,Compound growth applies to the updated balance.,115,No calculator,False,Passed,Passed,Approved for Distribution
DOST-W4-408,4,Undergraduate,Part II — Power Test,Mathematics,Mathematics,MATH9 — Applied Quantitative Problems,combined work,MATH-WP,Multi-step Application,Moderate,Premium,English,,One pump fills a tank in 8 h and another in 12 h. Together they take:,5 h,10 h,20 h,4 h 48 min,,D,Rate=1/8+1/12=5/24 tank/h; time=24/5 h=4.8 h=4 h 48 min.,5/24 | 24/5 h,Add rates and then take the reciprocal.,155,No calculator,False,Passed,Passed,Approved for Distribution
DOST-W4-409,4,Undergraduate,Part II — Power Test,Mathematics,Mathematics,MATH9 — Applied Quantitative Problems,mixture,MATH-WP,Multi-step Application,Moderate,Premium,English,,How many liters of 60% solution should be mixed with 8 L of 15% solution to make 30% solution?,4 L,2 L,6 L,8 L,,A,"0.6x+1.2=0.3(x+8); 0.3x=1.2, so x=4.",0.6x+1.2=0.3x+2.4 | x=4,Conserve the amount of solute.,155,No calculator,False,Passed,Passed,Approved for Distribution
DOST-W4-410,4,Undergraduate,Part II — Power Test,Mathematics,Mathematics,MATH9 — Applied Quantitative Problems,relative motion,MATH-WP,Single-step Application,Moderate,Premium,English,,"Two vehicles leave the same point in the same direction at 50 km/h and 70 km/h. After 3 h, the faster vehicle is ahead by:",20 km,60 km,40 km,210 km,,B,Relative speed=20 km/h; lead=20×3=60 km.,20×3=60,Same-direction separation uses the speed difference.,115,No calculator,False,Passed,Passed,Approved for Distribution
DOST-W4-411,4,Undergraduate,Part II — Power Test,Mathematics,Mathematics,MATH9 — Applied Quantitative Problems,age problem,MATH-WP,Multi-step Application,Moderate,Premium,English,,"Mia is twice Leo's age. In 6 years, their ages will total 42. Leo's current age is:",8,12,10,14,,C,"Let Leo=x and Mia=2x. Then x+6+2x+6=42, so 3x=30 and x=10.",3x+12=42 | x=10,Translate both present and future ages.,115,No calculator,False,Passed,Passed,Approved for Distribution
DOST-W4-412,4,Undergraduate,Part II — Power Test,Mathematics,Mathematics,MATH9 — Applied Quantitative Problems,fixed perimeter optimization,MATH-WP,Single-step Application,Moderate,Premium,English,,Which rectangle with perimeter 32 m has the greatest area?,1×15,4×12,6×10,8×8,,D,"For fixed perimeter, the square gives maximum area.",,The square maximizes rectangle area for fixed perimeter.,115,No calculator,False,Passed,Passed,Approved for Distribution
DOST-W4-413,4,Undergraduate,Part II — Power Test,Mathematics,Mathematics,MATH9 — Applied Quantitative Problems,tax and discount,MATH-WP,Multi-step Application,Moderate,Premium,English,,"A ₱1,500 item is discounted 10%, then 12% tax is applied. Final price is:","₱1,512","₱1,350","₱1,500","₱1,680",,A,1500×0.90×1.12=1512.,1500×0.9=1350 | 1350×1.12=1512,Apply successive percentage factors in order.,115,No calculator,False,Passed,Passed,Approved for Distribution
DOST-W4-414,4,Undergraduate,Part II — Power Test,Mathematics,Mathematics,MATH9 — Applied Quantitative Problems,ratio contribution,MATH-WP,Single-step Application,Easy,Premium,English,,"Three partners invest in the ratio 2:5:3. A ₱50,000 profit is shared proportionally. The middle ratio share receives:","₱10,000","₱25,000","₱15,000","₱30,000",,B,"Total parts=10; five parts receive half the profit=₱25,000.","50,000×5/10=25,000",Use the ratio share as a fraction of the total.,82,No calculator,False,Passed,Passed,Approved for Distribution
DOST-W4-415,4,Undergraduate,Part II — Power Test,Mathematics,Mathematics,MATH9 — Applied Quantitative Problems,average speed,MATH-WP,Single-step Application,Moderate,Premium,English,,A cyclist travels 40 km at 20 km/h and 40 km at 40 km/h. Average speed is:,24 km/h,30 km/h,26.7 km/h,32 km/h,,C,Total distance=80; total time=2+1=3 h; average=80/3≈26.7 km/h.,80/3≈26.7,Equal distances do not make the arithmetic mean of speeds valid.,155,No calculator,False,Passed,Passed,Approved for Distribution
DOST-W4-416,4,Undergraduate,Part II — Power Test,Mathematics,Mathematics,"MATH10 — Tables, Charts, and Quantitative Interpretation",total passengers,MATH-DATA,Analysis/Evaluation,Difficult,Free,English,W4-MATHTRAN-086,What is the total number of passengers across all four routes?,"4,540","5,040","6,040","5,540",,D,1200+1500+1080+1760=5540.,sum=5540,Add all entries in the passenger column.,82,No calculator,True,Passed,Passed,Approved for Distribution
DOST-W4-417,4,Undergraduate,Part II — Power Test,Mathematics,Mathematics,"MATH10 — Tables, Charts, and Quantitative Interpretation",passengers per trip A,MATH-DATA,Analysis/Evaluation,Difficult,Premium,English,W4-MATHTRAN-086,Route A averaged how many passengers per trip?,30,20,40,48,,A,1200/40=30.,1200/40=30,Compute a unit rate.,82,No calculator,True,Passed,Passed,Approved for Distribution
DOST-W4-418,4,Undergraduate,Part II — Power Test,Mathematics,Mathematics,"MATH10 — Tables, Charts, and Quantitative Interpretation",highest passengers per trip,MATH-DATA,Analysis/Evaluation,Difficult,Premium,English,W4-MATHTRAN-086,Which route had the highest average passengers per trip?,Route A,Route C,Route B,Route D,,B,"A=30, B=30, C=36, and D=32 passengers per trip.",1080/30=36,Compare ratios rather than totals.,155,No calculator,True,Passed,Passed,Approved for Distribution
DOST-W4-419,4,Undergraduate,Part II — Power Test,Mathematics,Mathematics,"MATH10 — Tables, Charts, and Quantitative Interpretation",route D trip increase,MATH-DATA,Multi-step Application,Moderate,Premium,English,W4-MATHTRAN-086,"If Route D increased from 55 to 66 trips with the same passengers per trip, expected passengers would be:","1,920","2,000","2,112","2,320",,C,Route D averages 1760/55=32 passengers/trip; 66×32=2112.,1760/55=32 | 66×32=2112,Find the unit rate before scaling.,115,No calculator,True,Passed,Passed,Approved for Distribution
DOST-W4-420,4,Undergraduate,Part II — Power Test,Mathematics,Mathematics,"MATH10 — Tables, Charts, and Quantitative Interpretation",median passengers,MATH-DATA,Analysis/Evaluation,Difficult,Premium,English,W4-MATHTRAN-086,What is the median passenger count among the four routes?,"1,200","1,500","1,630","1,350",,D,"Ordered counts are 1080,1200,1500,1760; median=(1200+1500)/2=1350.",,"For an even count, average the two middle values.",115,No calculator,True,Passed,Passed,Approved for Distribution
DOST-W4-421,4,Undergraduate,Part II — Power Test,Mathematics,Mathematics,"MATH10 — Tables, Charts, and Quantitative Interpretation",total water use,MATH-DATA,Analysis/Evaluation,Difficult,Premium,English,W4-MATHWATER-087,What was the total water use from May through August?,102 m³,92 m³,99 m³,108 m³,,A,24+21+27+30=102 m³.,sum=102,Add the monthly values.,82,No calculator,True,Passed,Passed,Approved for Distribution
DOST-W4-422,4,Undergraduate,Part II — Power Test,Mathematics,Mathematics,"MATH10 — Tables, Charts, and Quantitative Interpretation",May unit cost,MATH-DATA,Analysis/Evaluation,Difficult,Premium,English,W4-MATHWATER-087,The May bill per cubic meter was:,₱24,₱30,₱32,₱36,,B,720/24=₱30 per m³.,720/24=30,Divide the bill by the volume used.,82,No calculator,True,Passed,Passed,Approved for Distribution
DOST-W4-423,4,Undergraduate,Part II — Power Test,Mathematics,Mathematics,"MATH10 — Tables, Charts, and Quantitative Interpretation",July-August percent increase,MATH-DATA,Analysis/Evaluation,Difficult,Premium,English,W4-MATHWATER-087,Water use increased from 27 m³ in July to 30 m³ in August. The percent increase was about:,10%,12.5%,11.1%,30%,,C,Increase=3; 3/27×100≈11.1%.,3/27×100≈11.1%,Use July as the original value.,115,No calculator,True,Passed,Passed,Approved for Distribution
DOST-W4-424,4,Undergraduate,Part II — Power Test,Mathematics,Mathematics,"MATH10 — Tables, Charts, and Quantitative Interpretation",highest unit water cost,MATH-DATA,Analysis/Evaluation,Difficult,Premium,English,W4-MATHWATER-087,Which month had the highest bill per cubic meter?,May,June,July,August,,D,"Rates are 30,31,31,32 pesos per m³; August is highest.",,Compare bill-to-use ratios.,155,No calculator,True,Passed,Passed,Approved for Distribution
DOST-W4-425,4,Undergraduate,Part II — Power Test,Mathematics,Mathematics,"MATH10 — Tables, Charts, and Quantitative Interpretation",supported water claim,MATH-DATA,Analysis/Evaluation,Difficult,Premium,English,W4-MATHWATER-087,Which statement is best supported by the table?,August had both the highest use and the highest bill.,June had the highest use.,The unit price was identical each month.,Use decreased every month.,,A,"August lists the largest use, 30 m³, and the largest bill, ₱960.",,Verify every part of a compound claim.,115,No calculator,True,Passed,Passed,Approved for Distribution
DOST-W4-426,4,Undergraduate,Part II — Power Test,Mechanical-Technical,Mechanical-Technical,MECH1 — Simple Machines,gear direction,MECH-DIAG,Analysis/Evaluation,Moderate,Free,English,W4-MECHGEAR-088,"In the four-gear diagram, if Gear A rotates clockwise, how does Gear D rotate?",clockwise,counterclockwise,it remains still,direction cannot be determined,,B,"There are three external gear contacts, and each reverses direction.",,An odd number of external meshes reverses rotation.,115,No calculator,True,Passed,Passed,Approved for Distribution
DOST-W4-427,4,Undergraduate,Part II — Power Test,Mechanical-Technical,Mechanical-Technical,MECH1 — Simple Machines,gear speed,MECH-DIAG,Analysis/Evaluation,Moderate,Premium,English,W4-MECHGEAR-088,"Compared with Gear A, the much smaller Gear D generally rotates:",more slowly,at exactly the same angular speed,faster,without torque,,C,A smaller driven gear turns faster than a larger driver.,,Angular speed is inversely related to tooth count.,115,No calculator,True,Passed,Passed,Approved for Distribution
DOST-W4-428,4,Undergraduate,Part II — Power Test,Mechanical-Technical,Mechanical-Technical,MECH1 — Simple Machines,idler gear,MECH-DIAG,Analysis/Evaluation,Difficult,Premium,English,W4-MECHGEAR-088,Gear B primarily acts as an idler. Its presence changes:,the total energy created,the number of teeth on Gear A,the material density,"rotation direction and spacing, but not the ratio determined by the first and final gears",,D,An idler transmits motion and reverses direction but does not alter the overall driver-to-final ratio.,,Intermediate idlers affect direction and layout.,150,No calculator,True,Passed,Passed,Approved for Distribution
DOST-W4-429,4,Undergraduate,Part II — Power Test,Mechanical-Technical,Mechanical-Technical,MECH1 — Simple Machines,lever mechanical advantage,MECH-SYS,Multi-step Application,Easy,Free,English,,A lever has a 3.0 m effort arm and a 0.75 m load arm. Its ideal mechanical advantage is:,4,0.25,2,6,,A,IMA=3.0/0.75=4.,3.0÷0.75=4,Longer effort arms multiply force.,82,No calculator,False,Passed,Passed,Approved for Distribution
DOST-W4-430,4,Undergraduate,Part II — Power Test,Mechanical-Technical,Mechanical-Technical,MECH1 — Simple Machines,pulley support,MECH-SYS,Analysis/Evaluation,Easy,Free,English,,An ideal movable pulley is supported by four rope segments. Its ideal mechanical advantage is:,1,4,2,8,,B,Four supporting segments share the load.,,Count only rope segments supporting the moving block.,82,No calculator,False,Passed,Passed,Approved for Distribution
DOST-W4-431,4,Undergraduate,Part II — Power Test,Mechanical-Technical,Mechanical-Technical,MECH1 — Simple Machines,inclined plane,MECH-SYS,Analysis/Evaluation,Easy,Free,English,,An ideal ramp rises 1 m over a length of 5 m. Its ideal mechanical advantage is:,0.2,1,5,6,,C,IMA=length/height=5/1=5.,,Longer ramps reduce required force at the cost of distance.,82,No calculator,False,Passed,Passed,Approved for Distribution
DOST-W4-432,4,Undergraduate,Part II — Power Test,Mechanical-Technical,Mechanical-Technical,MECH1 — Simple Machines,screw pitch,MECH-SYS,Analysis/Evaluation,Moderate,Premium,English,,A screw with a smaller thread pitch generally requires:,fewer turns and more movement per turn,no torque,greater gravity,more turns but less input force for the same axial movement,,D,Fine threads trade more rotation for greater force advantage and control.,,Smaller pitch increases mechanical advantage.,115,No calculator,False,Passed,Passed,Approved for Distribution
DOST-W4-433,4,Undergraduate,Part II — Power Test,Mechanical-Technical,Mechanical-Technical,MECH1 — Simple Machines,wedge angle,MECH-SYS,Analysis/Evaluation,Moderate,Premium,English,,A sharper wedge usually provides greater force multiplication because it:,spreads the input displacement over a longer sloping surface,creates energy,has no friction,eliminates material resistance,,A,A smaller wedge angle increases ideal mechanical advantage.,,Simple machines trade force for distance.,115,No calculator,False,Passed,Passed,Approved for Distribution
DOST-W4-434,4,Undergraduate,Part II — Power Test,Mechanical-Technical,Mechanical-Technical,MECH1 — Simple Machines,wheel and axle,MECH-SYS,Multi-step Application,Easy,Free,English,,"If the wheel radius is 30 cm and axle radius is 5 cm, ideal mechanical advantage is:",5,6,25,35,,B,IMA=30/5=6.,30÷5=6,Wheel-and-axle advantage is the radius ratio.,82,No calculator,False,Passed,Passed,Approved for Distribution
DOST-W4-435,4,Undergraduate,Part II — Power Test,Mechanical-Technical,Mechanical-Technical,MECH1 — Simple Machines,machine efficiency,MECH-SYS,Multi-step Application,Easy,Free,English,,A machine receives 900 J and delivers 675 J of useful work. Its efficiency is:,25%,50%,75%,133%,,C,675/900×100=75%.,675÷900×100=75%,Efficiency cannot exceed 100% for an ordinary passive machine.,82,No calculator,False,Passed,Passed,Approved for Distribution
DOST-W4-436,4,Undergraduate,Part II — Power Test,Mechanical-Technical,Mechanical-Technical,"MECH2 — Force, Torque, and Equilibrium",lever balance,MECH-DIAG,Multi-step Application,Easy,Free,English,W4-MECHLEV-089,What downward force on the right balances the lever shown?,24 N,30 N,60 N,40 N,,D,"24×2.5=F×1.5, so F=40 N.",24×2.5=60 N·m | 60÷1.5=40 N,Set clockwise and counterclockwise torques equal.,115,No calculator,True,Passed,Passed,Approved for Distribution
DOST-W4-437,4,Undergraduate,Part II — Power Test,Mechanical-Technical,Mechanical-Technical,"MECH2 — Force, Torque, and Equilibrium",torque angle,MECH-SYS,Analysis/Evaluation,Easy,Free,English,,A force produces maximum torque when it acts:,perpendicular to the lever arm,parallel to the lever arm,through the pivot,with zero magnitude,,A,τ=rFsinθ is greatest when θ=90°.,,Only the perpendicular force component produces turning effect.,82,No calculator,False,Passed,Passed,Approved for Distribution
DOST-W4-438,4,Undergraduate,Part II — Power Test,Mechanical-Technical,Mechanical-Technical,"MECH2 — Force, Torque, and Equilibrium",center of gravity,MECH-SYS,Analysis/Evaluation,Easy,Premium,English,,Adding heavy equipment near the bottom of a tall cabinet generally:,raises the center of gravity,improves stability,eliminates friction,reduces base width,,B,Lowering the center of mass makes tipping less likely.,,Low center of mass and wide base improve stability.,82,No calculator,False,Passed,Passed,Approved for Distribution
DOST-W4-439,4,Undergraduate,Part II — Power Test,Mechanical-Technical,Mechanical-Technical,"MECH2 — Force, Torque, and Equilibrium",static equilibrium,MECH-SYS,Analysis/Evaluation,Difficult,Premium,English,,A stationary beam can still rotate if:,net force and net torque are both zero,all forces act through the same point,net force is zero but net torque is not zero,its mass is zero,,C,"Zero net force prevents translation, but a nonzero torque causes angular acceleration.",,Complete equilibrium requires both force and torque balance.,150,No calculator,False,Passed,Passed,Approved for Distribution
DOST-W4-440,4,Undergraduate,Part II — Power Test,Mechanical-Technical,Mechanical-Technical,"MECH2 — Force, Torque, and Equilibrium",distributed load,MECH-SYS,Analysis/Evaluation,Moderate,Premium,English,,A uniform 600 N load spread over a 3 m beam can be represented by a single resultant acting at:,one end,one-third from the left only,outside the beam,the midpoint,,D,The centroid of a uniform distribution is its midpoint.,,Replace distributed loads with equivalent resultants at their centroids.,115,No calculator,False,Passed,Passed,Approved for Distribution
DOST-W4-441,4,Undergraduate,Part II — Power Test,Mechanical-Technical,Mechanical-Technical,"MECH2 — Force, Torque, and Equilibrium",support reaction symmetry,MECH-SYS,Multi-step Application,Easy,Premium,English,,A centered 800 N load rests on a symmetric beam with two identical supports. Each support carries:,400 N,200 N,800 N,"1,600 N",,A,Symmetry and vertical equilibrium divide the load equally.,800÷2=400,Use symmetry before detailed calculations.,82,No calculator,False,Passed,Passed,Approved for Distribution
DOST-W4-442,4,Undergraduate,Part II — Power Test,Mechanical-Technical,Mechanical-Technical,"MECH2 — Force, Torque, and Equilibrium",tipping threshold,MECH-SYS,Analysis/Evaluation,Difficult,Premium,English,,A box starts to tip when the vertical line through its center of mass:,passes through the base center,moves beyond the edge of its support base,becomes parallel to the floor,equals the friction force,,B,"Beyond the base edge, weight creates a tipping moment.",,The weight line must remain within the base for static stability.,150,No calculator,False,Passed,Passed,Approved for Distribution
DOST-W4-443,4,Undergraduate,Part II — Power Test,Mechanical-Technical,Mechanical-Technical,"MECH2 — Force, Torque, and Equilibrium",force couple,MECH-SYS,Analysis/Evaluation,Difficult,Premium,English,,Two equal opposite forces separated by a distance create:,a single larger force,zero force and zero torque always,zero net force but a nonzero torque,hydraulic pressure,,C,The pair forms a couple that produces rotation without translation.,,A couple's moment is force times separation.,150,No calculator,False,Passed,Passed,Approved for Distribution
DOST-W4-444,4,Undergraduate,Part II — Power Test,Mechanical-Technical,Mechanical-Technical,"MECH2 — Force, Torque, and Equilibrium",moment arm,MECH-SYS,Analysis/Evaluation,Moderate,Premium,English,,The moment arm of a force is the:,straight-line distance to the force point regardless of angle,length of the object only,force divided by mass,perpendicular distance from the pivot to the force's line of action,,D,Torque uses perpendicular distance to the line of action.,,Use the shortest perpendicular distance for torque.,115,No calculator,False,Passed,Passed,Approved for Distribution
DOST-W4-445,4,Undergraduate,Part II — Power Test,Mechanical-Technical,Mechanical-Technical,MECH3 — Motion and Component Interaction,uncrossed belt,MECH-SYS,Analysis/Evaluation,Moderate,Free,English,,An uncrossed belt connects two pulleys. The driven pulley rotates:,in the same direction as the driver,in the opposite direction,without motion,only intermittently,,A,An uncrossed belt preserves rotation direction.,,Crossed belts reverse direction; open belts preserve it.,82,No calculator,False,Passed,Passed,Approved for Distribution
DOST-W4-446,4,Undergraduate,Part II — Power Test,Mechanical-Technical,Mechanical-Technical,MECH3 — Motion and Component Interaction,sprocket chain,MECH-SYS,Analysis/Evaluation,Moderate,Premium,English,,A chain-and-sprocket drive is useful when the system must:,allow continuous slip,maintain a fixed speed ratio without belt slip,transmit no force,operate without teeth,,B,Positive tooth engagement prevents relative slipping.,,Choose positive drives when timing accuracy matters.,115,No calculator,False,Passed,Passed,Approved for Distribution
DOST-W4-447,4,Undergraduate,Part II — Power Test,Mechanical-Technical,Mechanical-Technical,MECH3 — Motion and Component Interaction,rack and pinion,MECH-SYS,Analysis/Evaluation,Moderate,Premium,English,,Turning a pinion that engages a straight rack produces:,fluid pressure only,heat without motion,linear rack motion,a second rotating shaft only,,C,The gear teeth convert rotary motion into translation.,,Rack-and-pinion systems convert rotary and linear motion.,82,No calculator,False,Passed,Passed,Approved for Distribution
DOST-W4-448,4,Undergraduate,Part II — Power Test,Mechanical-Technical,Mechanical-Technical,MECH3 — Motion and Component Interaction,cam dwell,MECH-SYS,Analysis/Evaluation,Difficult,Premium,English,,A cam profile includes a dwell when the follower:,moves continuously at maximum speed,reverses the motor,stops the camshaft,remains at nearly constant position for part of the rotation,,D,A constant-radius cam segment holds the follower position.,,"Cam profile controls rise, dwell, and return.",150,No calculator,False,Passed,Passed,Approved for Distribution
DOST-W4-449,4,Undergraduate,Part II — Power Test,Mechanical-Technical,Mechanical-Technical,MECH3 — Motion and Component Interaction,slider crank,MECH-SYS,Analysis/Evaluation,Moderate,Premium,English,,The stroke of a simple slider-crank is approximately:,twice the crank radius,equal to the connecting-rod mass,half the piston diameter,independent of crank geometry,,A,"The crank pin moves from one extreme to the opposite, spanning about two radii.",,Crank radius controls reciprocating stroke.,115,No calculator,False,Passed,Passed,Approved for Distribution
DOST-W4-450,4,Undergraduate,Part II — Power Test,Mechanical-Technical,Mechanical-Technical,MECH3 — Motion and Component Interaction,flywheel,MECH-SYS,Analysis/Evaluation,Moderate,Premium,English,,A flywheel smooths cyclic machine speed by:,creating extra energy,storing energy when torque is high and releasing it when torque is low,eliminating shaft rotation,removing all friction,,B,Rotational inertia buffers short-term energy variation.,,"Flywheels reduce speed fluctuation, not total energy loss.",115,No calculator,False,Passed,Passed,Approved for Distribution
DOST-W4-451,4,Undergraduate,Part II — Power Test,Mechanical-Technical,Mechanical-Technical,MECH3 — Motion and Component Interaction,differential,MECH-SYS,Analysis/Evaluation,Difficult,Premium,English,,An automotive differential allows driven wheels to:,remain locked at identical speed in every turn,move without axles,rotate at different speeds while transmitting torque,eliminate tire friction,,C,Outer and inner wheels travel different distances during a turn.,,Differentials accommodate unequal wheel path lengths.,150,No calculator,False,Passed,Passed,Approved for Distribution
DOST-W4-452,4,Undergraduate,Part II — Power Test,Mechanical-Technical,Mechanical-Technical,MECH3 — Motion and Component Interaction,one-way clutch,MECH-SYS,Analysis/Evaluation,Moderate,Premium,English,,A one-way clutch permits torque transmission mainly:,equally in both directions,only when stationary,through fluid alone,in one rotational direction,,D,The mechanism locks in one direction and overruns in the other.,,Directional clutches control torque flow.,115,No calculator,False,Passed,Passed,Approved for Distribution
DOST-W4-453,4,Undergraduate,Part II — Power Test,Mechanical-Technical,Mechanical-Technical,"MECH4 — Fluids, Hydraulics, and Flow",hydraulic force,MECH-DIAG,Multi-step Application,Easy,Free,English,W4-MECHHYD-090,What ideal output force is produced by the hydraulic press shown?,720 N,240 N,600 N,"1,440 N",,A,"Area ratio=72/12=6, so output force=120×6=720 N.",72÷12=6 | 120×6=720,Hydraulic force ratio equals piston-area ratio.,115,No calculator,True,Passed,Passed,Approved for Distribution
DOST-W4-454,4,Undergraduate,Part II — Power Test,Mechanical-Technical,Mechanical-Technical,"MECH4 — Fluids, Hydraulics, and Flow",hydraulic displacement,MECH-DIAG,Multi-step Application,Easy,Premium,English,W4-MECHHYD-090,"If the small piston moves downward 18 cm, how far does the large piston rise ideally?",1.5 cm,3 cm,6 cm,18 cm,,B,"Volume conservation: 12×18=72d, so d=3 cm.",216=72d | d=3 cm,Hydraulic systems exchange force for distance.,150,No calculator,True,Passed,Passed,Approved for Distribution
DOST-W4-455,4,Undergraduate,Part II — Power Test,Mechanical-Technical,Mechanical-Technical,"MECH4 — Fluids, Hydraulics, and Flow",fluid pressure,MECH-DIAG,Multi-step Application,Easy,Premium,English,W4-MECHHYD-090,Pressure created by the 120 N input on the 12 cm² piston is:,12 N/cm²,120 N/cm²,10 N/cm²,"1,440 N/cm²",,C,P=F/A=120/12=10 N/cm².,120÷12=10,Use consistent area units when comparing hydraulic pressure.,115,No calculator,True,Passed,Passed,Approved for Distribution
DOST-W4-456,4,Undergraduate,Part II — Power Test,Mechanical-Technical,Mechanical-Technical,"MECH4 — Fluids, Hydraulics, and Flow",continuity,MECH-SYS,Multi-step Application,Easy,Premium,English,,"A pipe narrows from 6 cm² to 2 cm². If fluid speed is 1.5 m/s in the wide section, speed in the narrow section is:",0.5 m/s,1.5 m/s,3.0 m/s,4.5 m/s,,D,"A1v1=A2v2, so v2=6×1.5/2=4.5 m/s.",9÷2=4.5,"For incompressible flow, area times speed is constant.",115,No calculator,False,Passed,Passed,Approved for Distribution
DOST-W4-457,4,Undergraduate,Part II — Power Test,Mechanical-Technical,Mechanical-Technical,"MECH4 — Fluids, Hydraulics, and Flow",pressure head,MECH-SYS,Analysis/Evaluation,Moderate,Premium,English,,Raising an open supply tank higher above a faucet generally:,increases static pressure at the faucet,decreases water density to zero,eliminates gravity,stops flow,,A,Greater elevation difference increases hydrostatic head.,,Static pressure depends on vertical height difference.,82,No calculator,False,Passed,Passed,Approved for Distribution
DOST-W4-458,4,Undergraduate,Part II — Power Test,Mechanical-Technical,Mechanical-Technical,"MECH4 — Fluids, Hydraulics, and Flow",cavitation,MECH-SYS,Analysis/Evaluation,Difficult,Premium,English,,Cavitation can damage a pump because vapor bubbles:,increase lubrication,form at low pressure and collapse violently in higher-pressure regions,make the liquid incompressible,remove all vibration,,B,Bubble collapse creates localized shock and erosion.,,Maintain adequate inlet pressure to avoid cavitation.,150,No calculator,False,Passed,Passed,Approved for Distribution
DOST-W4-459,4,Undergraduate,Part II — Power Test,Mechanical-Technical,Mechanical-Technical,"MECH4 — Fluids, Hydraulics, and Flow",check valve,MECH-SYS,Analysis/Evaluation,Moderate,Premium,English,,A check valve is installed primarily to:,measure temperature,increase pipe length,prevent reverse flow,mix two liquids,,C,The valve closes automatically against backflow.,,Valve function follows permitted flow direction.,82,No calculator,False,Passed,Passed,Approved for Distribution
DOST-W4-460,4,Undergraduate,Part II — Power Test,Mechanical-Technical,Mechanical-Technical,"MECH4 — Fluids, Hydraulics, and Flow",relief valve,MECH-SYS,Analysis/Evaluation,Moderate,Premium,English,,A pressure-relief valve protects a system by:,closing every flow path permanently,increasing pump speed,removing all fluid,opening when pressure exceeds a set limit,,D,It diverts or releases fluid to prevent dangerous overpressure.,,Relief devices limit maximum pressure.,115,No calculator,False,Passed,Passed,Approved for Distribution
DOST-W4-461,4,Undergraduate,Part II — Power Test,Mechanical-Technical,Mechanical-Technical,"MECH4 — Fluids, Hydraulics, and Flow",water hammer,MECH-SYS,Analysis/Evaluation,Difficult,Premium,English,,Slowly closing a valve instead of shutting it suddenly helps reduce:,water hammer,fluid density,pipe diameter,static head,,A,A slower momentum change produces a smaller pressure surge.,,Control rapid velocity changes in pipelines.,150,No calculator,False,Passed,Passed,Approved for Distribution
DOST-W4-462,4,Undergraduate,Part II — Power Test,Mechanical-Technical,Mechanical-Technical,"MECH5 — Heat, Materials, and Thermal Response",thermal conductivity,MECH-SYS,Analysis/Evaluation,Moderate,Free,English,,A cooking-pot handle is made of a low-conductivity material mainly to:,increase the pot's mass,reduce heat transfer to the user's hand,create thermal energy,make the handle electrically live,,B,Low thermal conductivity slows energy transfer along the handle.,,Select materials according to required heat-transfer behavior.,82,No calculator,False,Passed,Passed,Approved for Distribution
DOST-W4-463,4,Undergraduate,Part II — Power Test,Mechanical-Technical,Mechanical-Technical,"MECH5 — Heat, Materials, and Thermal Response",specific heat,MECH-SYS,Analysis/Evaluation,Moderate,Premium,English,,A material with high specific heat changes temperature slowly because it:,contains no particles,has zero thermal energy,requires more energy per kilogram per degree of temperature change,cannot transfer heat,,C,High specific heat means greater energy is needed for the same temperature rise.,,Specific heat affects temperature response to energy input.,115,No calculator,False,Passed,Passed,Approved for Distribution
DOST-W4-464,4,Undergraduate,Part II — Power Test,Mechanical-Technical,Mechanical-Technical,"MECH5 — Heat, Materials, and Thermal Response",thermal expansion,MECH-SYS,Analysis/Evaluation,Moderate,Premium,English,,A metal bridge includes expansion joints so that temperature changes do not:,change paint color,reduce gravity,stop traffic signals,create excessive stress or buckling,,D,The joints allow the structure to lengthen and shorten safely.,,Design must accommodate predictable dimensional change.,82,No calculator,False,Passed,Passed,Approved for Distribution
DOST-W4-465,4,Undergraduate,Part II — Power Test,Mechanical-Technical,Mechanical-Technical,"MECH5 — Heat, Materials, and Thermal Response",composite strip,MECH-SYS,Analysis/Evaluation,Moderate,Premium,English,,A bimetal strip bends when heated because its two metals have different:,coefficients of thermal expansion,numbers of protons only,colors,electrical signs,,A,"One layer expands more, forcing the bonded strip to curve.",,Differential expansion converts temperature change into motion.,115,No calculator,False,Passed,Passed,Approved for Distribution
DOST-W4-466,4,Undergraduate,Part II — Power Test,Mechanical-Technical,Mechanical-Technical,"MECH5 — Heat, Materials, and Thermal Response",heat exchanger,MECH-SYS,Analysis/Evaluation,Difficult,Premium,English,,Counterflow heat exchangers can transfer heat efficiently because they:,mix both fluids completely,maintain a useful temperature difference along much of their length,eliminate all conduction resistance,create heat,,B,Opposite flow directions preserve a driving temperature difference.,,Heat-transfer rate depends on temperature difference and surface area.,150,No calculator,False,Passed,Passed,Approved for Distribution
DOST-W4-467,4,Undergraduate,Part II — Power Test,Mechanical-Technical,Mechanical-Technical,"MECH5 — Heat, Materials, and Thermal Response",thermal insulation,MECH-SYS,Analysis/Evaluation,Moderate,Premium,English,,Reflective foil insulation mainly reduces heat transfer by:,conduction through solid metal only,mass flow,radiation,chemical reaction,,C,A low-emissivity surface reflects infrared radiation.,,Different insulation features target different heat-transfer modes.,115,No calculator,False,Passed,Passed,Approved for Distribution
DOST-W4-468,4,Undergraduate,Part II — Power Test,Mechanical-Technical,Mechanical-Technical,"MECH5 — Heat, Materials, and Thermal Response",fatigue,MECH-SYS,Analysis/Evaluation,Difficult,Premium,English,,A metal component can fail by fatigue when it experiences:,one gentle load only,zero stress,only high temperature without load,many repeated stress cycles below its one-time breaking strength,,D,Repeated cyclic loading can initiate and grow cracks.,,Fatigue depends on stress range and number of cycles.,150,No calculator,False,Passed,Passed,Approved for Distribution
DOST-W4-469,4,Undergraduate,Part II — Power Test,Mechanical-Technical,Mechanical-Technical,"MECH5 — Heat, Materials, and Thermal Response",material toughness,MECH-SYS,Analysis/Evaluation,Moderate,Premium,English,,A tough material is able to:,absorb substantial energy before fracturing,resist only scratching,conduct electricity perfectly,have zero deformation,,A,Toughness combines strength and deformation capacity before fracture.,,Do not confuse toughness with hardness.,115,No calculator,False,Passed,Passed,Approved for Distribution
DOST-W4-470,4,Undergraduate,Part II — Power Test,Mechanical-Technical,Mechanical-Technical,MECH6 — Engines and Cycles,stroke order,MECH-DIAG,Analysis/Evaluation,Moderate,Free,English,W4-MECHENG-091,Which sequence correctly describes a four-stroke spark-ignition engine?,compression → exhaust → intake → power,intake → compression → power → exhaust,power → intake → exhaust → compression,exhaust → compression → power → intake,,B,"The standard cycle is intake, compression, power, and exhaust.",,Know the purpose and order of all four strokes.,82,No calculator,True,Passed,Passed,Approved for Distribution
DOST-W4-471,4,Undergraduate,Part II — Power Test,Mechanical-Technical,Mechanical-Technical,MECH6 — Engines and Cycles,intake stroke,MECH-DIAG,Analysis/Evaluation,Moderate,Premium,English,W4-MECHENG-091,"During the intake stroke, the piston generally moves downward while:",both valves are permanently closed,the exhaust valve alone is open,the intake valve is open,fuel is expelled,,C,Downward piston motion draws the fresh charge through the intake valve.,,Valve timing controls gas exchange.,82,No calculator,True,Passed,Passed,Approved for Distribution
DOST-W4-472,4,Undergraduate,Part II — Power Test,Mechanical-Technical,Mechanical-Technical,MECH6 — Engines and Cycles,compression stroke,MECH-DIAG,Analysis/Evaluation,Moderate,Premium,English,W4-MECHENG-091,"During compression, the piston moves upward and:",the intake valve remains fully open,the exhaust leaves the cylinder,the crankshaft stops,both valves are generally closed,,D,Closing both valves traps and compresses the charge.,,Compression raises pressure and temperature before ignition.,82,No calculator,True,Passed,Passed,Approved for Distribution
DOST-W4-473,4,Undergraduate,Part II — Power Test,Mechanical-Technical,Mechanical-Technical,MECH6 — Engines and Cycles,power stroke,MECH-DIAG,Analysis/Evaluation,Moderate,Premium,English,W4-MECHENG-091,The useful work output of the cycle is produced mainly during the:,power stroke,intake stroke,compression stroke,exhaust stroke,,A,Expanding combustion gases push the piston and turn the crankshaft.,,The power stroke converts gas expansion into shaft work.,82,No calculator,True,Passed,Passed,Approved for Distribution
DOST-W4-474,4,Undergraduate,Part II — Power Test,Mechanical-Technical,Mechanical-Technical,MECH6 — Engines and Cycles,compression ratio,MECH-SYS,Analysis/Evaluation,Difficult,Premium,English,,A higher compression ratio may improve efficiency but can also increase:,coolant freezing,knock tendency in spark-ignition engines,tire pressure,battery capacity,,B,Higher compression raises temperature and can trigger premature ignition.,,Performance improvements can introduce reliability limits.,150,No calculator,False,Passed,Passed,Approved for Distribution
DOST-W4-475,4,Undergraduate,Part II — Power Test,Mechanical-Technical,Mechanical-Technical,MECH6 — Engines and Cycles,lubrication,MECH-SYS,Analysis/Evaluation,Moderate,Premium,English,,Engine oil reduces wear mainly by:,increasing metal-to-metal contact,lowering fuel octane,separating moving surfaces with a lubricating film,blocking coolant flow,,C,The oil film reduces friction and direct contact.,,"Lubrication controls friction, heat, and wear.",82,No calculator,False,Passed,Passed,Approved for Distribution
DOST-W4-476,4,Undergraduate,Part II — Power Test,Mechanical-Technical,Mechanical-Technical,MECH6 — Engines and Cycles,cooling system,MECH-SYS,Analysis/Evaluation,Moderate,Premium,English,,A radiator removes engine heat by transferring it from coolant to:,fuel in the tank,the battery only,the crankshaft mass,surrounding air,,D,Coolant releases heat through the radiator surfaces to airflow.,,Cooling systems reject waste heat to maintain operating temperature.,82,No calculator,False,Passed,Passed,Approved for Distribution
DOST-W4-477,4,Undergraduate,Part II — Power Test,Mechanical-Technical,Mechanical-Technical,MECH6 — Engines and Cycles,turbocharger,MECH-SYS,Analysis/Evaluation,Difficult,Premium,English,,A turbocharger uses exhaust-gas energy to:,compress intake air,cool the brakes,charge only the headlights,reduce cylinder volume,,A,The turbine drives a compressor that raises intake-air density.,,Turbocharging recovers some exhaust energy to increase air supply.,150,No calculator,False,Passed,Passed,Approved for Distribution
DOST-W4-478,4,Undergraduate,Part II — Power Test,Mechanical-Technical,Mechanical-Technical,MECH7 — Electrical and Electromagnetic Systems,parallel voltage,MECH-DIAG,Analysis/Evaluation,Moderate,Free,English,W4-MECHELEC-092,"In the shown circuit, the voltage across each branch is:",4 V,12 V,6 V,18 V,,B,"Parallel branches connect across the same two supply nodes, so each has 12 V.",,Parallel branches share source voltage.,82,No calculator,True,Passed,Passed,Approved for Distribution
DOST-W4-479,4,Undergraduate,Part II — Power Test,Mechanical-Technical,Mechanical-Technical,MECH7 — Electrical and Electromagnetic Systems,branch current,MECH-DIAG,Multi-step Application,Easy,Premium,English,W4-MECHELEC-092,What current flows through the 6 Ω branch?,0.5 A,3 A,2 A,6 A,,C,I=V/R=12/6=2 A.,12÷6=2,Apply Ohm's law to each parallel branch.,82,No calculator,True,Passed,Passed,Approved for Distribution
DOST-W4-480,4,Undergraduate,Part II — Power Test,Mechanical-Technical,Mechanical-Technical,MECH7 — Electrical and Electromagnetic Systems,total current,MECH-DIAG,Multi-step Application,Easy,Premium,English,W4-MECHELEC-092,What is the total current drawn by the 6 Ω and 4 Ω parallel branches?,2 A,3 A,7 A,5 A,,D,"The branch currents are 2 A and 3 A, so total current is 5 A.",12/6=2 | 12/4=3 | 2+3=5,Total current is the sum of branch currents.,115,No calculator,True,Passed,Passed,Approved for Distribution
DOST-W4-481,4,Undergraduate,Part II — Power Test,Mechanical-Technical,Mechanical-Technical,MECH7 — Electrical and Electromagnetic Systems,fuse rating,MECH-SYS,Analysis/Evaluation,Difficult,Premium,English,,A fuse should normally be rated:,slightly above the expected operating current but below the unsafe wiring current,far below normal current,as high as possible,independent of the circuit,,A,The fuse must tolerate normal operation yet open before wiring overheats.,,Protective-device ratings must coordinate with expected load and conductor capacity.,150,No calculator,False,Passed,Passed,Approved for Distribution
DOST-W4-482,4,Undergraduate,Part II — Power Test,Mechanical-Technical,Mechanical-Technical,MECH7 — Electrical and Electromagnetic Systems,electrical power,MECH-SYS,Multi-step Application,Easy,Premium,English,,A heater operates at 230 V and draws 5 A. Its power is:,46 W,"1,150 W",235 W,"5,290 W",,B,"P=VI=230×5=1,150 W.",230×5=1150,Electrical power is voltage times current.,82,No calculator,False,Passed,Passed,Approved for Distribution
DOST-W4-483,4,Undergraduate,Part II — Power Test,Mechanical-Technical,Mechanical-Technical,MECH7 — Electrical and Electromagnetic Systems,relay coil,MECH-SYS,Analysis/Evaluation,Moderate,Premium,English,,"When current flows through a relay coil, the coil creates:",fuel pressure,a permanent mechanical lock only,a magnetic field that moves contacts,thermal insulation,,C,The electromagnet actuates the switching contacts.,,Relays use a small control circuit to operate another circuit.,115,No calculator,False,Passed,Passed,Approved for Distribution
DOST-W4-484,4,Undergraduate,Part II — Power Test,Mechanical-Technical,Mechanical-Technical,MECH7 — Electrical and Electromagnetic Systems,motor overload,MECH-SYS,Analysis/Evaluation,Difficult,Premium,English,,A jammed electric motor can overheat because it may draw:,zero current,only reactive power with no heating,less current than normal in every case,excessive current while unable to turn normally,,D,Stall current is often much higher than normal running current.,,Mechanical faults can create electrical overloads.,150,No calculator,False,Passed,Passed,Approved for Distribution
DOST-W4-485,4,Undergraduate,Part II — Power Test,Mechanical-Technical,Mechanical-Technical,MECH7 — Electrical and Electromagnetic Systems,transformer,MECH-SYS,Multi-step Application,Easy,Premium,English,,"An ideal transformer has 200 primary turns and 50 secondary turns. With 240 V primary, secondary voltage is:",60 V,30 V,120 V,960 V,,A,"Vs/Vp=Ns/Np=50/200=1/4, so Vs=60 V.",240×1/4=60,Voltage ratio equals turns ratio.,115,No calculator,False,Passed,Passed,Approved for Distribution
DOST-W4-486,4,Undergraduate,Part II — Power Test,Mechanical-Technical,Mechanical-Technical,MECH7 — Electrical and Electromagnetic Systems,generator,MECH-SYS,Analysis/Evaluation,Moderate,Premium,English,,A generator produces voltage when:,a conductor remains stationary in an unchanging field forever,magnetic flux through a conductor changes,the circuit has no wire,all charge disappears,,B,Faraday's law links changing magnetic flux with induced emf.,,Relative motion or changing field can produce induction.,115,No calculator,False,Passed,Passed,Approved for Distribution
DOST-W4-487,4,Undergraduate,Part II — Power Test,Mechanical-Technical,Mechanical-Technical,"MECH8 — Tools, Structures, and Applied Design",tool precision,MECH-SYS,Analysis/Evaluation,Moderate,Free,English,,Which tool is best for measuring the diameter of a small wire accurately?,tape measure,spirit level,micrometer screw gauge,pipe wrench,,C,A micrometer provides fine resolution for small diameters.,,Match measurement range and precision to the instrument.,82,No calculator,False,Passed,Passed,Approved for Distribution
DOST-W4-488,4,Undergraduate,Part II — Power Test,Mechanical-Technical,Mechanical-Technical,"MECH8 — Tools, Structures, and Applied Design",torque wrench,MECH-SYS,Analysis/Evaluation,Moderate,Premium,English,,A torque wrench is used to:,measure voltage,cut sheet metal,check surface level,tighten a fastener to a specified torque,,D,It controls the applied turning moment on a fastener.,,Correct fastener torque improves reliability and safety.,82,No calculator,False,Passed,Passed,Approved for Distribution
DOST-W4-489,4,Undergraduate,Part II — Power Test,Mechanical-Technical,Mechanical-Technical,"MECH8 — Tools, Structures, and Applied Design",drill bit selection,MECH-SYS,Analysis/Evaluation,Moderate,Premium,English,,A pilot hole before a large drill bit mainly helps:,guide the larger bit and reduce wandering,increase material hardness,remove the need for clamping,reverse the drill,,A,The smaller hole centers the larger cutting tool.,,Preparation improves accuracy and tool control.,115,No calculator,False,Passed,Passed,Approved for Distribution
DOST-W4-490,4,Undergraduate,Part II — Power Test,Mechanical-Technical,Mechanical-Technical,"MECH8 — Tools, Structures, and Applied Design",triangulation,MECH-SYS,Analysis/Evaluation,Moderate,Premium,English,,Diagonal bracing makes a rectangular frame more rigid by:,removing all forces,forming triangles that resist shape change,making every joint frictionless,reducing material strength,,B,"A rectangle can rack, while a triangle with fixed sides is geometrically stable.",,Triangulation resists shear deformation.,115,No calculator,False,Passed,Passed,Approved for Distribution
DOST-W4-491,4,Undergraduate,Part II — Power Test,Mechanical-Technical,Mechanical-Technical,"MECH8 — Tools, Structures, and Applied Design",I-beam design,MECH-SYS,Analysis/Evaluation,Difficult,Premium,English,,An I-beam places much of its material far from the neutral axis to improve:,electrical conductivity only,corrosion rate,bending stiffness,thermal insulation,,C,Material farther from the neutral axis increases second moment of area.,,Cross-section geometry strongly affects bending performance.,150,No calculator,False,Passed,Passed,Approved for Distribution
DOST-W4-492,4,Undergraduate,Part II — Power Test,Mechanical-Technical,Mechanical-Technical,"MECH8 — Tools, Structures, and Applied Design",safety factor,MECH-SYS,Multi-step Application,Easy,Premium,English,,A cable rated for 12 kN carries a working load of 4 kN. Its safety factor is:,2,4,8,3,,D,Safety factor=capacity/working load=12/4=3.,12÷4=3,Safety factor compares strength with expected demand.,115,No calculator,False,Passed,Passed,Approved for Distribution
DOST-W4-493,4,Undergraduate,Part II — Power Test,Mechanical-Technical,Mechanical-Technical,"MECH8 — Tools, Structures, and Applied Design",corrosion control,MECH-SYS,Analysis/Evaluation,Moderate,Premium,English,,Galvanizing steel protects it mainly by:,coating it with zinc that acts as a barrier and sacrificial metal,removing all iron,heating it above melting point,making it nonmetallic,,A,Zinc protects physically and preferentially corrodes if the coating is damaged.,,Some coatings provide both barrier and sacrificial protection.,115,No calculator,False,Passed,Passed,Approved for Distribution
DOST-W4-494,4,Undergraduate,Part II — Power Test,Mechanical-Technical,Mechanical-Technical,"MECH8 — Tools, Structures, and Applied Design",redundancy,MECH-SYS,Analysis/Evaluation,Difficult,Premium,English,,A redundant structure is safer against local failure because it:,contains no stress,has alternate paths for carrying load,uses only one critical member,eliminates maintenance,,B,Alternative load paths can prevent immediate collapse after one element fails.,,Robust systems tolerate limited component failure.,150,No calculator,False,Passed,Passed,Approved for Distribution
DOST-W4-495,4,Undergraduate,Part II — Power Test,Mechanical-Technical,Mechanical-Technical,MECH9 — Mechanical Diagram Interpretation,flow path,MECH-DIAG,Analysis/Evaluation,Moderate,Free,English,W4-MECHSCH-093,"With Valve V open and the bypass closed, the main flow path is:",Tank B → pump → Tank A,Tank A → bypass → Tank A,Tank A → pump → Tank B,no flow path,,C,The connected discharge line leads from Tank A through the pump and valve to Tank B.,,Trace components in the direction of the main line.,82,No calculator,True,Passed,Passed,Approved for Distribution
DOST-W4-496,4,Undergraduate,Part II — Power Test,Mechanical-Technical,Mechanical-Technical,MECH9 — Mechanical Diagram Interpretation,closed valve,MECH-DIAG,Analysis/Evaluation,Difficult,Premium,English,W4-MECHSCH-093,"If Valve V is fully closed while the pump continues running, the immediate system concern is:",unlimited flow to Tank B,zero energy input,automatic drainage,pressure buildup and overheating,,D,The blocked discharge prevents normal flow and can overload the pump.,,A closed downstream path can create unsafe dead-head operation.,150,No calculator,True,Passed,Passed,Approved for Distribution
DOST-W4-497,4,Undergraduate,Part II — Power Test,Mechanical-Technical,Mechanical-Technical,MECH9 — Mechanical Diagram Interpretation,bypass purpose,MECH-DIAG,Analysis/Evaluation,Moderate,Premium,English,W4-MECHSCH-093,Opening the bypass can provide:,an alternate route around part of the main flow path,higher tank elevation,electrical grounding,a second pump,,A,A bypass diverts some flow around a component or restriction.,,Identify alternate paths before diagnosing a system.,115,No calculator,True,Passed,Passed,Approved for Distribution
DOST-W4-498,4,Undergraduate,Part II — Power Test,Mechanical-Technical,Mechanical-Technical,MECH9 — Mechanical Diagram Interpretation,actuator,MECH-SYS,Analysis/Evaluation,Moderate,Premium,English,,"In an automated system, the motor-operated valve is the:",sensor,actuator,set point,measurement unit,,B,The actuator physically changes the process in response to a controller.,,"Control loops contain sensors, controllers, and actuators.",115,No calculator,False,Passed,Passed,Approved for Distribution
DOST-W4-499,4,Undergraduate,Part II — Power Test,Mechanical-Technical,Mechanical-Technical,MECH9 — Mechanical Diagram Interpretation,fault localization,MECH-SYS,Analysis/Evaluation,Difficult,Premium,English,,"The pump motor runs and the shaft turns, but no liquid reaches Tank B. Valve V is open. A likely cause is:",no electrical power,a broken motor shaft,loss of pump prime or blocked suction,an open control circuit to the motor,,C,Normal motor rotation with no delivered flow points to the fluid side of the pump.,,Locate the fault after the last confirmed working function.,150,No calculator,False,Passed,Passed,Approved for Distribution
DOST-W4-500,4,Undergraduate,Part II — Power Test,Mechanical-Technical,Mechanical-Technical,MECH9 — Mechanical Diagram Interpretation,level control,MECH-SYS,Analysis/Evaluation,Difficult,Premium,English,,A high-level sensor in Tank B should normally command the pump to:,run faster indefinitely,reverse polarity only,open every valve,stop,,D,Stopping inflow prevents overflow.,,Control action should oppose the detected deviation.,115,No calculator,False,Passed,Passed,Approved for Distribution
